level,kanji,readings,meanings
N5,土,ド | ト | つち,soil | earth | ground | Turkey
N5,山,サン | セン | やま,mountain
N5,先,セン | さき | ま.ず,before | ahead | previous | future | precedence
N5,三,サン | ゾウ | み | み.つ | みっ.つ,three
N5,四,シ | よ | よ.つ | よっ.つ | よん,four
N5,来,ライ | タイ | く.る | きた.る | きた.す | き.たす | き.たる | き | こ,come | due | next | cause | become
N5,語,ゴ | かた.る | かた.らう,word | speech | language
N5,七,シチ | なな | なな.つ | なの,seven
N5,日,ニチ | ジツ | ひ | ~び | ~か,day | sun | Japan | counter for days
N5,火,カ | ひ | ~び | ほ~,fire
N5,下,カ | ゲ | した | しも | もと | さ.げる | さ.がる | くだ.る | くだ.り | くだ.す | ~くだ.す | くだ.さる | お.ろす | お.りる,below | down | descend | give | low | inferior
N5,話,ワ | はな.す | はなし,tale | talk
N5,学,ガク | まな.ぶ,study | learning | science
N5,八,ハチ | や | や.つ | やっ.つ | よう,eight | eight radical (no. 12)
N5,長,チョウ | なが.い | おさ,long | leader | superior | senior
N5,半,ハン | なか.ば,half | middle | odd number | semi- | part-
N5,気,キ | ケ | いき,spirit | mind | air | atmosphere | mood
N5,時,ジ | とき | ~どき,time | hour
N5,今,コン | キン | いま,now
N5,後,ゴ | コウ | のち | うし.ろ | うしろ | あと | おく.れる,behind | back | later
N5,天,テン | あまつ | あめ | あま~,heavens | sky | imperial
N5,名,メイ | ミョウ | な | ~な,name | noted | distinguished | reputation
N5,校,コウ | キョウ,exam | school | printing | proof | correction
N5,上,ジョウ | ショウ | シャン | うえ | ~うえ | うわ~ | かみ | あ.げる | ~あ.げる | あ.がる | ~あ.がる | あ.がり | ~あ.がり | のぼ.る | のぼ.り | のぼ.せる | のぼ.す | たてまつ.る,above | up
N5,前,ゼン | まえ | ~まえ,in front | before
N5,小,ショウ | ちい.さい | こ~ | お~ | さ~,little | small
N5,読,ドク | トク | トウ | よ.む | ~よ.み,read
N5,五,ゴ | いつ | いつ.つ,five
N5,川,セン | かわ,stream | river | river or three-stroke river radical (no. 47)
N5,母,ボ | はは | も,mother
N5,水,スイ | みず | みず~,water
N5,金,キン | コン | ゴン | かね | かな~ | ~がね,gold
N5,休,キュウ | やす.む | やす.まる | やす.める,rest | day off | retire | sleep
N5,年,ネン | とし,year | counter for years
N5,外,ガイ | ゲ | そと | ほか | はず.す | はず.れる | と~,outside
N5,国,コク | くに,country
N5,友,ユウ | とも,friend
N5,出,シュツ | スイ | で.る | ~で | だ.す | ~だ.す | い.でる | い.だす,exit | leave | go out | come out | put out | protrude
N5,毎,マイ | ごと | ~ごと.に,every
N5,車,シャ | くるま,car
N5,午,ゴ | うま,noon | sign of the horse | 11AM-1PM | seventh sign of Chinese zodiac
N5,聞,ブン | モン | き.く | き.こえる,hear | ask | listen
N5,月,ゲツ | ガツ | つき,month | moon
N5,書,ショ | か.く | ~が.き | ~がき,write
N5,父,フ | ちち,father
N5,西,セイ | サイ | ス | にし,west | Spain
N5,高,コウ | たか.い | たか | ~だか | たか.まる | たか.める,tall | high | expensive
N5,本,ホン | もと,book | present | main | origin | true | real | counter for long cylindrical things
N5,二,ニ | ジ | ふた | ふた.つ | ふたたび,two | two radical (no. 7)
N5,何,カ | なに | なん | なに~ | なん~,what
N5,人,ジン | ニン | ひと | ~り | ~と,person
N5,大,ダイ | タイ | おお~ | おお.きい | ~おお.いに,large | big
N5,雨,ウ | あめ | あま~ | ~さめ,rain
N5,男,ダン | ナン | おとこ | お,male
N5,行,コウ | ギョウ | アン | い.く | ゆ.く | ~ゆ.き | ~ゆき | ~い.き | ~いき | おこな.う | おこ.なう,going | journey | carry out | conduct | act | line | row | bank
N5,間,カン | ケン | あいだ | ま | あい,interval | space
N5,六,ロク | リク | む | む.つ | むっ.つ | むい,six
N5,千,セン | ち,thousand
N5,中,チュウ | なか | うち | あた.る,in | inside | middle | mean | center
N5,生,セイ | ショウ | い.きる | い.かす | い.ける | う.まれる | うま.れる | う.まれ | うまれ | う.む | お.う | は.える | は.やす | き | なま | なま~ | な.る | な.す | む.す | ~う,life | genuine | birth
N5,百,ヒャク | ビャク | もも,hundred
N5,円,エン | まる.い | まる | まど | まど.か | まろ.やか,circle | yen | round
N5,北,ホク | きた,north
N5,十,ジュウ | ジッ | ジュッ | とお | と,ten
N5,子,シ | ス | ツ | こ | ~こ | ね,child | sign of the rat | 11PM-1AM | first sign of Chinese zodiac
N5,見,ケン | み.る | み.える | み.せる,see | hopes | chances | idea | opinion | look at | visible
N5,電,デン,electricity
N5,右,ウ | ユウ | みぎ,right
N5,女,ジョ | ニョ | ニョウ | おんな | め,woman | female
N5,一,イチ | イツ | ひと~ | ひと.つ,one | one radical (no.1)
N5,左,サ | シャ | ひだり,left
N5,東,トウ | ひがし,east
N5,万,マン | バン | よろず,"ten thousand | 10,000"
N5,南,ナン | ナ | みなみ,south
N5,木,ボク | モク | き | こ~,tree | wood
N5,九,キュウ | ク | ここの | ここの.つ,nine
N5,食,ショク | ジキ | く.う | く.らう | た.べる | は.む,eat | food
N5,入,ニュウ | ジュ | い.る | ~い.る | ~い.り | い.れる | ~い.れ | はい.る,enter | insert
N5,白,ハク | ビャク | しろ | しら~ | しろ.い,white
N4,洋,ヨウ,ocean | sea | foreign | Western style
N4,心,シン | こころ | ~ごころ,heart | mind | spirit | heart radical (no. 61)
N4,立,リツ | リュウ | リットル | た.つ | ~た.つ | た.ち~ | た.てる | ~た.てる | た.て~ | たて~ | ~た.て | ~だ.て | ~だ.てる,stand up | rise | set up | erect
N4,兄,ケイ | キョウ | あに,elder brother | big brother
N4,病,ビョウ | ヘイ | や.む | ~や.み | やまい,ill | sick
N4,明,メイ | ミョウ | ミン | あ.かり | あか.るい | あか.るむ | あか.らむ | あき.らか | あ.ける | ~あ.け | あ.く | あ.くる | あ.かす,bright | light
N4,音,オン | イン | ~ノン | おと | ね,sound | noise
N4,有,ユウ | ウ | あ.る,possess | have | exist | happen | occur | approx
N4,題,ダイ,topic | subject
N4,花,カ | ケ | はな,flower
N4,通,ツウ | ツ | とお.る | とお.り | ~とお.り | ~どお.り | とお.す | とお.し | ~どお.し | かよ.う,"traffic | pass through | avenue | commute | counter for letters, notes, documents, etc."
N4,物,ブツ | モツ | もの | もの~,thing | object | matter
N4,用,ヨウ | もち.いる,utilize | business | service | use | employ
N4,店,テン | みせ | たな,store | shop
N4,運,ウン | はこ.ぶ,carry | luck | destiny | fate | lot | transport | progress | advance
N4,工,コウ | ク | グ,craft | construction | katakana e radical (no. 48)
N4,切,セツ | サイ | き.る | ~き.る | き.り | ~き.り | ~ぎ.り | き.れる | ~き.れる | き.れ | ~き.れ | ~ぎ.れ,cut | cutoff | be sharp
N4,死,シ | し.ぬ | し.に~,death | die
N4,安,アン | やす.い | やす.まる | やす | やす.らか,relax | cheap | low | quiet | rested | contented | peaceful
N4,図,ズ | ト | え | はか.る,map | drawing | plan | extraordinary | audacious
N4,走,ソウ | はし.る,run
N4,海,カイ | うみ,sea | ocean
N4,味,ミ | あじ | あじ.わう,flavor | taste
N4,力,リョク | リキ | リイ | ちから,power | strength | strong | strain | bear up | exert
N4,問,モン | と.う | と.い | とん,question | ask | problem
N4,口,コウ | ク | くち,mouth
N4,夜,ヤ | よ | よる,night | evening
N4,画,ガ | カク | エ | カイ | えが.く | かく.する | かぎ.る | はかりごと | はか.る,brush-stroke | picture
N4,院,イン,Inst. | institution | temple | mansion | school
N4,田,デン | た,rice field | rice paddy
N4,業,ギョウ | ゴウ | わざ,business | vocation | arts | performance
N4,別,ベツ | わか.れる | わ.ける,separate | branch off | diverge | fork | another | extra | specially
N4,社,シャ | やしろ,company | firm | office | association | shrine
N4,映,エイ | うつ.る | うつ.す | は.える | ~ば.え,reflect | reflection | projection
N4,事,ジ | ズ | こと | つか.う | つか.える,matter | thing | fact | business | reason | possibly
N4,主,シュ | ス | シュウ | ぬし | おも | あるじ,lord | chief | master | main thing | principal
N4,週,シュウ,week
N4,多,タ | おお.い | まさ.に | まさ.る,many | frequent | much
N4,試,シ | こころ.みる | ため.す,test | try | attempt | experiment | ordeal
N4,肉,ニク | しし,meat
N4,界,カイ,world | boundary
N4,同,ドウ | おな.じ,same | agree | equal
N4,医,イ | い.やす | い.する | くすし,doctor | medicine
N4,集,シュウ | あつ.まる | あつ.める | つど.う,gather | meet | congregate | swarm | flock
N4,古,コ | ふる.い | ふる~ | ~ふる.す,old
N4,知,チ | し.る | し.らせる,know | wisdom
N4,買,バイ | か.う,buy
N4,考,コウ | かんが.える | かんが.え,consider | think over
N4,弟,テイ | ダイ | デ | おとうと,younger brother | faithful service to elders
N4,言,ゲン | ゴン | い.う | こと,say | word
N4,質,シツ | シチ | チ | たち | ただ.す | もと | わりふ,substance | quality | matter | temperament
N4,少,ショウ | すく.ない | すこ.し,few | little
N4,牛,ギュウ | うし,cow
N4,特,トク,special
N4,京,キョウ | ケイ | キン | みやこ,capital | 10**16
N4,去,キョ | コ | さ.る | ~さ.る,gone | past | quit | leave | elapse | eliminate | divorce
N4,料,リョウ,fee | materials
N4,地,チ | ジ,ground | earth
N4,飲,イン | オン | の.む | ~の.み,drink | smoke | take
N4,思,シ | おも.う | おもえら.く | おぼ.す,think
N4,住,ジュウ | ヂュウ | チュウ | す.む | す.まう | ~ず.まい,dwell | reside | live | inhabit
N4,広,コウ | ひろ.い | ひろ.まる | ひろ.める | ひろ.がる | ひろ.げる,wide | broad | spacious
N4,妹,マイ | いもうと,younger sister
N4,赤,セキ | シャク | あか | あか~ | あか.い | あか.らむ | あか.らめる,red
N4,旅,リョ | たび,trip | travel
N4,家,カ | ケ | いえ | や | うち,house | home | family | professional | expert | performer
N4,姉,シ | あね | はは,elder sister
N4,駅,エキ,station
N4,送,ソウ | おく.る,escort | send
N4,度,ド | ト | タク | たび | ~た.い,degrees | occurrence | time | counter for occurrences | consider | attitude
N4,重,ジュウ | チョウ | え | おも.い | おも.り | おも.なう | かさ.ねる | かさ.なる | おも,heavy | important | esteem | respect | heap up | pile up | nest of boxes | -fold
N4,館,カン | やかた | たて,building | mansion | large building | palace
N4,元,ゲン | ガン | もと,beginning | former time | origin
N4,色,ショク | シキ | いろ,color
N4,代,ダイ | タイ | か.わる | かわ.る | かわ.り | か.わり | ~がわ.り | ~が.わり | か.える | よ | しろ,"substitute | change | convert | replace | period | age | counter for decades of ages, eras, etc. | generation | charge | rate | fee"
N4,注,チュウ | そそ.ぐ | さ.す | つ.ぐ,pour | irrigate | shed (tears) | flow into | concentrate on | notes | comment | annotate
N4,屋,オク | や,roof | house | shop | dealer | seller
N4,計,ケイ | はか.る | はか.らう,plot | plan | scheme | measure
N4,曜,ヨウ,weekday
N4,字,ジ | あざ | あざな | ~な,character | letter | word | section of village
N4,待,タイ | ま.つ | ~ま.ち,wait | depend on
N4,習,シュウ | ジュ | なら.う | なら.い,learn
N4,動,ドウ | うご.く | うご.かす,move | motion | change | confusion | shift | shake
N4,使,シ | つか.う | つか.い | ~つか.い | ~づか.い,use | send on a mission | order | messenger | envoy | ambassador | cause
N4,理,リ | ことわり,logic | arrangement | reason | justice | truth
N4,魚,ギョ | うお | さかな | ~ざかな,fish
N4,教,キョウ | おし.える | おそ.わる,teach | faith | doctrine
N4,空,クウ | そら | あ.く | あ.き | あ.ける | から | す.く | す.かす | むな.しい,empty | sky | void | vacant | vacuum
N4,野,ヤ | ショ | の | の~,plains | field | rustic | civilian life
N4,台,ダイ | タイ | うてな | われ | つかさ,pedestal | a stand | counter for machines and vehicles
N4,以,イ | もっ.て,by means of | because | in view of | compared with
N4,終,シュウ | お.わる | ~お.わる | おわ.る | お.える | つい | つい.に,end | finish
N4,昼,チュウ | ひる,daytime | noon
N4,鳥,チョウ | とり,bird | chicken
N4,新,シン | あたら.しい | あら.た | あら~ | にい~,new
N4,夏,カ | ガ | ゲ | なつ,summer
N4,服,フク,clothing | admit | obey | discharge
N4,英,エイ | はなぶさ,England | English | hero | outstanding | calyx
N4,転,テン | ころ.がる | ころ.げる | ころ.がす | ころ.ぶ | まろ.ぶ | うたた | うつ.る | くる.めく,revolve | turn around | change
N4,品,ヒン | ホン | しな,goods | refinement | dignity | article | counter for meal courses
N4,止,シ | と.まる | ~ど.まり | と.める | ~と.める | ~ど.め | とど.める | とど.め | とど.まる | や.める | や.む | ~や.む | よ.す | ~さ.す | ~さ.し,stop | halt
N4,近,キン | コン | ちか.い,near | early | akin | tantamount
N4,足,ソク | あし | た.りる | た.る | た.す,leg | foot | be sufficient | counter for pairs of footwear
N4,研,ケン | と.ぐ,polish | study of | sharpen
N4,紙,シ | かみ,paper
N4,場,ジョウ | チョウ | ば,location | place
N4,開,カイ | ひら.く | ひら.き | ~びら.き | ひら.ける | あ.く | あ.ける,open | unfold | unseal
N4,貸,タイ | か.す | か.し~ | かし~,lend
N4,帰,キ | かえ.る | かえ.す | おく.る | とつ.ぐ,homecoming | arrive at | lead to | result in
N4,員,イン,employee | member | number | the one in charge
N4,歩,ホ | ブ | フ | ある.く | あゆ.む,walk | counter for steps
N4,私,シ | わたくし | わたし,private | I | me
N4,堂,ドウ,public chamber | hall
N4,町,チョウ | まち,town | village | block | street
N4,体,タイ | テイ | からだ | かたち,body | substance | object | reality | counter for images
N4,発,ハツ | ホツ | た.つ | あば.く | おこ.る | つか.わす | はな.つ,departure | discharge | publish | emit | start from | disclose | counter for gunshots
N4,起,キ | お.きる | お.こる | お.こす | おこ.す | た.つ,rouse | wake up | get up
N4,室,シツ | むろ,room | apartment | chamber | greenhouse | cellar
N4,朝,チョウ | あさ,morning | dynasty | regime | epoch | period | (North) Korea
N4,売,バイ | う.る | う.れる,sell
N4,者,シャ | もの,someone | person
N4,借,シャク | か.りる,borrow | rent
N4,勉,ベン | つと.める,exertion | endeavour | encourage | strive | make effort | diligent
N4,漢,カン,Sino- | China
N4,道,ドウ | トウ | みち | いう,road-way | street | district | journey | course | moral | teachings
N4,目,モク | ボク | め | ~め | ま~,eye | class | look | insight | experience | care | favor
N4,自,ジ | シ | みずか.ら | おの.ずから | おの.ずと,oneself
N4,持,ジ | も.つ | ~も.ち | も.てる,hold | have
N4,歌,カ | うた | うた.う,song | sing
N4,風,フウ | フ | かぜ | かざ~ | ~かぜ,wind | air | style | manner
N4,早,ソウ | サッ | はや.い | はや | はや~ | はや.まる | はや.める | さ~,early | fast
N4,方,ホウ | かた | ~かた | ~がた,direction | person | alternative
N4,作,サク | サ | つく.る | つく.り | ~づく.り,make | production | prepare | build
N4,写,シャ | ジャ | うつ.す | うつ.る | うつ~ | うつ.し,copy | be photographed | describe
N4,真,シン | ま | ま~ | まこと,true | reality | Buddhist sect
N4,正,セイ | ショウ | ただ.しい | ただ.す | まさ | まさ.に,correct | justice | righteous | 10**40
N4,茶,チャ | サ,tea
N4,手,シュ | ズ | て | て~ | ~て | た~,hand
N4,青,セイ | ショウ | あお | あお~ | あお.い,blue | green
N4,答,トウ | こた.える | こた.え,solution | answer
N4,仕,シ | ジ | つか.える,attend | doing | official | serve
N4,急,キュウ | いそ.ぐ | いそ.ぎ,hurry | emergency | sudden | steep
N4,着,チャク | ジャク | き.る | ~ぎ | き.せる | ~き.せ | つ.く | つ.ける,don | arrive | wear | counter for suits of clothing
N4,黒,コク | くろ | くろ.ずむ | くろ.い,black
N4,始,シ | はじ.める | ~はじ.める | はじ.まる,commence | begin
N4,悪,アク | オ | わる.い | わる~ | あ.し | にく.い | ~にく.い | ああ | いずくに | いずくんぞ | にく.む,bad | vice | rascal | false | evil | wrong
N4,犬,ケン | いぬ | いぬ~,dog
N4,意,イ,idea | mind | heart | taste | thought | desire | care | liking
N4,楽,ガク | ラク | ゴウ | たの.しい | たの.しむ | この.む,music | comfort | ease
N4,究,キュウ | ク | きわ.める,research | study
N4,飯,ハン | めし,meal | boiled rice
N4,春,シュン | はる,springtime | spring (season)
N4,夕,セキ | ゆう,evening
N4,親,シン | おや | おや~ | した.しい | した.しむ,parent | intimacy | relative | familiarity | dealer (cards)
N4,会,カイ | エ | あ.う | あ.わせる | あつ.まる,meeting | meet | party | association | interview | join
N4,験,ケン | ゲン | あかし | しるし | ため.す | ためし,verification | effect | testing
N4,世,セイ | セ | ソウ | よ,generation | world | society | public
N4,不,フ | ブ,negative | non- | bad | ugly | clumsy
N4,公,コウ | ク | おおやけ,public | prince | official | governmental
N4,文,ブン | モン | ふみ | あや,sentence | literature | style | art | decoration | figures | plan | literary radical (no. 67)
N4,冬,トウ | ふゆ,winter
N4,秋,シュウ | あき | とき,autumn
N4,銀,ギン | しろがね,silver
N4,族,ゾク,tribe | family
N4,建,ケン | コン | た.てる | た.て | ~だ.て | た.つ,build
N4,強,キョウ | ゴウ | つよ.い | つよ.まる | つよ.める | し.いる | こわ.い,strong
N3,招,ショウ | まね.く,beckon | invite | summon | engage
N3,要,ヨウ | い.る | かなめ,need | main point | essence | pivot | key to
N3,位,イ | くらい | ぐらい,rank | grade | throne | crown | about | some
N3,原,ゲン | はら,meadow | original | primitive | field | plain | prairie | tundra | wilderness
N3,交,コウ | まじ.わる | まじ.える | ま.じる | まじ.る | ま.ざる | ま.ぜる | ~か.う | か.わす | かわ.す | こもごも,mingle | mixing | association | coming & going
N3,財,ザイ | サイ | ゾク | たから,property | money | wealth | assets
N3,皆,カイ | みな | みんな,all | everything
N3,内,ナイ | ダイ | うち,inside | within | between | among | house | home
N3,昔,セキ | シャク | むかし,once upon a time | antiquity | old times
N3,収,シュウ | おさ.める | おさ.まる,income | obtain | reap | pay | supply | store
N3,首,シュ | くび,neck | counter for songs and poems
N3,勝,ショウ | か.つ | ~が.ち | まさ.る | すぐ.れる | かつ,victory | win | prevail | excel
N3,髪,ハツ | かみ,hair of the head
N3,積,セキ | つ.む | ~づ.み | つ.もる | つ.もり,volume | product (x*y) | acreage | contents | pile up | stack | load | amass
N3,感,カン,emotion | feeling | sensation
N3,働,ドウ | はたら.く,work | (kokuji)
N3,未,ミ | ビ | いま.だ | ま.だ | ひつじ,un- | not yet | hitherto | still | even now | sign of the ram | 1-3PM | eighth sign of Chinese zodiac
N3,逃,トウ | に.げる | に.がす | のが.す | のが.れる,escape | flee | shirk | evade | set free
N3,資,シ,assets | resources | capital | funds | data | be conducive to | contribute to
N3,現,ゲン | あらわ.れる | あらわ.す | うつつ | うつ.つ,present | existing | actual
N3,当,トウ | あ.たる | あ.たり | あ.てる | あ.て | まさ.に | まさ.にべし,hit | right | appropriate | himself
N3,他,タ | ほか,other | another | the others
N3,神,シン | ジン | かみ | かん~ | こう~,gods | mind | soul
N3,捕,ホ | と.らえる | と.らわれる | と.る | とら.える | とら.われる | つか.まえる | つか.まる,catch | capture
N3,進,シン | すす.む | すす.める,advance | proceed | progress | promote
N3,飛,ヒ | と.ぶ | と.ばす | ~と.ばす,fly | skip (pages) | scatter
N3,息,ソク | いき,breath | respiration | son | interest (on money)
N3,祖,ソ,ancestor | pioneer | founder
N3,礼,レイ | ライ,salute | bow | ceremony | thanks | remuneration
N3,遅,チ | おく.れる | おく.らす | おそ.い,slow | late | back | later
N3,吸,キュウ | す.う,suck | imbibe | inhale | sip
N3,予,ヨ | シャ | あらかじ.め,beforehand | previous | myself | I
N3,疲,ヒ | つか.れる | ~づか.れ | つか.らす,exhausted | tire | weary
N3,迷,メイ | まよ.う,astray | be perplexed | in doubt | lost | err | illusion
N3,徒,ト | いたずら | あだ,on foot | junior | emptiness | vanity | futility | uselessness | ephemeral thing | gang | set | party | people
N3,忘,ボウ | わす.れる,forget
N3,抱,ホウ | だ.く | いだ.く | かか.える,embrace | hug | hold in arms
N3,値,チ | ね | あたい,price | cost | value
N3,単,タン | ひとえ,simple | one | single | merely
N3,追,ツイ | お.う,chase | drive away | follow | pursue | meanwhile
N3,雪,セツ | ゆき,snow
N3,配,ハイ | くば.る,distribute | spouse | exile | rationing
N3,限,ゲン | かぎ.る | かぎ.り | ~かぎ.り,limit | restrict | to best of ability
N3,選,セン | えら.ぶ,elect | select | choose | prefer
N3,雑,ザツ | ゾウ | まじ.える | まじ.る,miscellaneous
N3,権,ケン | ゴン | おもり | かり | はか.る,authority | power | rights
N3,末,マツ | バツ | すえ,end | close | tip | powder | posterity
N3,乗,ジョウ | ショウ | の.る | ~の.り | の.せる,ride | power | multiplication | record | counter for vehicles | board | mount | join
N3,民,ミン | たみ,people | nation | subjects
N3,眠,ミン | ねむ.る | ねむ.い,sleep | die | sleepy
N3,責,セキ | せ.める,blame | condemn | censure
N3,便,ベン | ビン | たよ.り,convenience | facility | excrement | feces | letter | chance
N3,育,イク | そだ.つ | そだ.ち | そだ.てる | はぐく.む,bring up | grow up | raise | rear
N3,困,コン | こま.る,quandary | become distressed | annoyed
N3,直,チョク | ジキ | ジカ | ただ.ちに | なお.す | ~なお.す | なお.る | なお.き | す.ぐ,straightaway | honesty | frankness | fix | repair
N3,精,セイ | ショウ | しら.げる | くわ.しい,refined | ghost | fairy | energy | vitality | semen | excellence | purity | skill
N3,戦,セン | いくさ | たたか.う | おのの.く | そよ.ぐ | わなな.く,war | battle | match
N3,観,カン | み.る | しめ.す,outlook | look | appearance | condition | view
N3,貧,ヒン | ビン | まず.しい,poverty | poor
N3,因,イン | よ.る | ちな.む,cause | factor | be associated with | depend on | be limited to
N3,返,ヘン | かえ.す | ~かえ.す | かえ.る | ~かえ.る,return | answer | fade | repay
N3,富,フ | フウ | と.む | とみ,wealth | enrich | abundant
N3,込,~こ.む | こ.む | こ.み | ~こ.み | こ.める,crowded | mixture | in bulk | included | (kokuji)
N3,宿,シュク | やど | やど.る | やど.す,inn | lodging | relay station | dwell | lodge | be pregnant | home | dwelling
N3,所,ショ | ところ | ~ところ | どころ | とこ,place | extent
N3,判,ハン | バン | わか.る,judgement | signature | stamp | seal
N3,科,カ,department | course | section
N3,難,ナン | かた.い | ~がた.い | むずか.しい | むづか.しい | むつか.しい | ~にく.い,difficult | impossible | trouble | accident | defect
N3,欲,ヨク | ほっ.する | ほ.しい,longing | covetousness | greed | passion | desire | craving
N3,断,ダン | た.つ | ことわ.る | さだ.める,severance | decline | refuse | apologize | warn | dismiss | prohibit | decision | judgement | cutting
N3,辞,ジ | や.める | いな.む,resign | word | term | expression
N3,探,タン | さぐ.る | さが.す,grope | search | look for
N3,識,シキ | し.る | しる.す,discriminating | know | write
N3,杯,ハイ | さかずき,counter for cupfuls | wine glass | glass | toast
N3,陽,ヨウ | ひ,sunshine | yang principle | positive | male | heaven | daytime
N3,参,サン | シン | まい.る | まい~ | まじわる | みつ,nonplussed | three (in documents) | going | coming | visiting | visit | be defeated | die | be madly in love | participate | take part in
N3,費,ヒ | つい.やす | つい.える,expense | cost | spend | consume | waste
N3,増,ゾウ | ま.す | ま.し | ふ.える | ふ.やす,increase | add | augment | gain | promote
N3,晴,セイ | は.れる | は.れ | は.れ~ | ~ば.れ | は.らす,clear up
N3,降,コウ | ゴ | お.りる | お.ろす | ふ.る | ふ.り | くだ.る | くだ.す,descend | precipitate | fall | surrender
N3,暮,ボ | く.れる | く.らす,evening | twilight | season's end | livelihood | make a living | spend time
N3,君,クン | きみ | ~ぎみ,mister | you | ruler | male name suffix
N3,束,ソク | たば | たば.ねる | つか | つか.ねる,bundle | sheaf | ream | tie in bundles | govern | manage | control
N3,達,タツ | ダ | ~たち,accomplished | reach | arrive | attain
N3,関,カン | せき | ~ぜき | かか.わる | からくり | かんぬき,connection | barrier | gateway | involve | concerning
N3,得,トク | え.る | う.る,gain | get | find | earn | acquire | can | may | able to | profit | advantage | benefit
N3,議,ギ,deliberation | consultation | debate | consideration
N3,消,ショウ | き.える | け.す,extinguish | blow out | turn off | neutralize | cancel
N3,能,ノウ | よ.く,ability | talent | skill | capacity
N3,情,ジョウ | セイ | なさ.け,feelings | emotion | passion | sympathy | circumstances | facts
N3,活,カツ | い.きる | い.かす | い.ける,lively | resuscitation | being helped | living
N3,命,メイ | ミョウ | いのち,fate | command | decree | destiny | life | appoint
N3,解,カイ | ゲ | と.く | と.かす | と.ける | ほど.く | ほど.ける | わか.る | さと.る,unravel | notes | key | explanation | understanding | untie | undo | solve | answer | cancel | absolve | explain | minute
N3,官,カン,bureaucrat | the government | organ
N3,状,ジョウ,status quo | conditions | circumstances | form | appearance
N3,失,シツ | うしな.う | う.せる,lose | error | fault | disadvantage | loss
N3,打,ダ | ダアス | う.つ | う.ち~ | ぶ.つ,strike | hit | knock | pound | dozen
N3,洗,セン | あら.う,wash | inquire into | probe
N3,格,カク | コウ | キャク | ゴウ,"status | rank | capacity | character | case (law, grammar)"
N3,王,オウ | ~ノウ,king | rule | magnate
N3,苦,ク | くる.しい | ~ぐる.しい | くる.しむ | くる.しめる | にが.い | にが.る,suffering | trial | worry | hardship | feel bitter | scowl
N3,認,ニン | みと.める | したた.める,acknowledge | witness | discern | recognize | appreciate | believe
N3,殺,サツ | サイ | セツ | ころ.す | ~ごろ.し | そ.ぐ,kill | murder | butcher | slice off | split | diminish | reduce | spoil
N3,呼,コ | よ.ぶ,call | call out to | invite
N3,法,ホウ | ハッ | ホッ | フラン | のり,method | law | rule | principle | model | system
N3,望,ボウ | モウ | のぞ.む | もち,ambition | full moon | hope | desire | aspire to | expect
N3,夫,フ | フウ | ブ | おっと | それ,husband | man
N3,商,ショウ | あきな.う,make a deal | selling | dealing in | merchant
N3,喜,キ | よろこ.ぶ | よろこ.ばす,rejoice | take pleasure in
N3,告,コク | つ.げる,revelation | tell | inform | announce
N3,易,エキ | イ | やさ.しい | やす.い,easy | ready to | simple | fortune-telling | divination
N3,信,シン,faith | truth | fidelity | trust
N3,努,ド | つと.める,toil | diligent | as much as possible
N3,煙,エン | けむ.る | けむり | けむ.い,smoke
N3,決,ケツ | き.める | ~ぎ.め | き.まる | さ.く,decide | fix | agree upon | appoint
N3,泳,エイ | およ.ぐ,swim
N3,越,エツ | オツ | こ.す | ~こ.す | ~ご.し | こ.える | ~ご.え,surpass | cross over | move to | exceed | Vietnam
N3,期,キ | ゴ,period | time | date | term
N3,求,キュウ | グ | もと.める,request | want | wish for | require | demand
N3,愛,アイ | いと.しい | かな.しい | め.でる | お.しむ | まな,love | affection | favourite
N3,抜,バツ | ハツ | ハイ | ぬ.く | ~ぬ.く | ぬ.き | ぬ.ける | ぬ.かす | ぬ.かる,slip out | extract | pull out | pilfer | quote | remove | omit
N3,段,ダン | タン,grade | steps | stairs
N3,薬,ヤク | くすり,medicine | chemical | enamel | gunpowder | benefit
N3,散,サン | ち.る | ち.らす | ~ち.らす | ち.らかす | ち.らかる | ち.らばる | ばら | ばら.ける,scatter | disperse | spend | squander
N3,賛,サン | たす.ける | たた.える,approve | praise | title or inscription on picture | assist | agree with
N3,緒,ショ | チョ | お | いとぐち,thong | beginning | inception | end | cord | strap | mental or emotional state
N3,実,ジツ | シツ | み | みの.る | まこと | みの | みち.る,reality | truth
N3,若,ジャク | ニャク | ニャ | わか.い | わか~ | も.しくわ | も.し | も.しくは | ごと.し,young | if | perhaps | possibly | low number | immature
N3,満,マン | バン | み.ちる | み.つ | み.たす,full | fullness | enough | satisfy
N3,務,ム | つと.める,task | duties
N3,職,ショク | ソク,post | employment | work
N3,合,ゴウ | ガッ | カッ | あ.う | ~あ.う | あ.い | あい~ | ~あ.い | ~あい | あ.わす | あ.わせる | ~あ.わせる,fit | suit | join | 0.1
N3,次,ジ | シ | つ.ぐ | つぎ,next | order | sequence
N3,晩,バン,nightfall | night
N3,過,カ | す.ぎる | ~す.ぎる | ~す.ぎ | す.ごす | あやま.つ | あやま.ち | よ.ぎる,overdo | exceed | go beyond | error
N3,迎,ゲイ | むか.える,welcome | meet | greet
N3,局,キョク | つぼね,bureau | board | office | affair | conclusion | court lady | lady-in-waiting | her apartment
N3,絵,カイ | エ,picture | drawing | painting | sketch
N3,恐,キョウ | おそ.れる | おそ.る | おそ.ろしい | こわ.い | こわ.がる,fear | dread | awe
N3,頂,チョウ | いただ.く | いただき,place on the head | receive | top of head | top | summit | peak
N3,様,ヨウ | ショウ | さま | さん,Esq. | way | manner | situation | polite suffix
N3,必,ヒツ | かなら.ず,invariably | certain | inevitable
N3,共,キョウ | とも | とも.に | ~ども,together | both | neither | all | and | alike | with
N3,表,ヒョウ | おもて | ~おもて | あらわ.す | あらわ.れる | あら.わす,surface | table | chart | diagram
N3,加,カ | くわ.える | くわ.わる,add | addition | increase | join | include | Canada
N3,与,ヨ | あた.える | あずか.る | くみ.する | ともに,bestow | participate in | give | award | impart | provide | cause | gift | godsend
N3,規,キ,standard | measure
N3,割,カツ | わ.る | わり | わ.り | わ.れる | さ.く,proportion | comparatively | divide | cut | separate | split
N3,馬,バ | うま | うま~ | ま,horse
N3,夢,ム | ボウ | ゆめ | ゆめ.みる | くら.い,dream | vision | illusion
N3,部,ブ | ~べ,section | bureau | dept | class | copy | part | portion | counter for copies of a newspaper or magazine
N3,数,スウ | ス | サク | ソク | シュ | かず | かぞ.える | しばしば | せ.める | わずらわ.しい,number | strength | fate | law | figures
N3,客,キャク | カク,guest | visitor | customer | client
N3,論,ロン,argument | discourse
N3,絶,ゼツ | た.える | た.やす | た.つ,discontinue | sever | cut off | abstain | interrupt | suppress | be beyond | without match | peerless | unparalleled
N3,互,ゴ | たが.い | かたみ.に,mutually | reciprocally | together
N3,恥,チ | は.じる | はじ | は.じらう | は.ずかしい,shame | dishonor
N3,偉,イ | えら.い,admirable | greatness | remarkable | conceited | famous | excellent
N3,倒,トウ | たお.れる | ~だお.れ | たお.す | さかさま | さかさ | さかしま,overthrow | fall | collapse | drop | break down
N3,深,シン | ふか.い | ~ぶか.い | ふか.まる | ふか.める | み~,deep | heighten | intensify | strengthen
N3,除,ジョ | ジ | のぞ.く | ~よ.け,exclude | division (x/3) | remove | abolish | cancel | except
N3,列,レツ | レ,file | row | rank | tier | column
N3,老,ロウ | お.いる | ふ.ける,old man | old age | grow old
N3,非,ヒ | あら.ず,un- | mistake | negative | injustice | non-
N3,慣,カン | な.れる | な.らす,accustomed | get used to | become experienced
N3,向,コウ | む.く | む.い | ~む.き | む.ける | ~む.け | む.かう | む.かい | む.こう | む.こう~ | むこ | むか.い,yonder | facing | beyond | confront | defy | tend toward | approach
N3,彼,ヒ | かれ | かの | か.の,he | that | the
N3,経,ケイ | キョウ | へ.る | た.つ | たていと | はか.る | のり,sutra | longitude | pass thru | expire | warp
N3,術,ジュツ | すべ,art | technique | skill | means | trick | resources | magic
N3,頭,トウ | ズ | ト | あたま | かしら | ~がしら | かぶり,head | counter for large animals
N3,機,キ | はた,loom | mechanism | machine | airplane | opportunity | potency | efficacy | occasion
N3,良,リョウ | よ.い | ~よ.い | い.い | ~い.い,good | pleasing | skilled
N3,敗,ハイ | やぶ.れる,failure | defeat | reversal
N3,負,フ | ま.ける | ま.かす | お.う,defeat | negative | - | minus | bear | owe | assume a responsibility
N3,回,カイ | エ | まわ.る | ~まわ.る | ~まわ.り | まわ.す | ~まわ.す | まわ.し~ | ~まわ.し | もとお.る | か.える,-times | round | game | revolve | counter for occurrences
N3,冷,レイ | つめ.たい | ひ.える | ひ.や | ひ.ややか | ひ.やす | ひ.やかす | さ.める | さ.ます,"cool | cold (beer, person) | chill"
N3,幾,キ | いく~ | いく.つ | いく.ら,how many | how much | how far | how long | some | several
N3,全,ゼン | まった.く | すべ.て,whole | entire | all | complete | fulfill
N3,害,ガイ,harm | injury
N3,際,サイ | きわ | ~ぎわ,occasion | side | edge | verge | dangerous | adventurous | indecent | time | when
N3,才,サイ,genius | years old | cubic shaku
N3,落,ラク | お.ちる | お.ち | お.とす,fall | drop | come down | village | hamlet
N3,声,セイ | ショウ | こえ | こわ~,voice
N3,平,ヘイ | ビョウ | ヒョウ | たい.ら | ~だいら | ひら | ひら~,even | flat | peace
N3,伝,デン | テン | つた.わる | つた.える | つた.う | つだ.う | ~づた.い | つて,transmit | go along | walk along | follow | report | communicate | legend | tradition
N3,婦,フ | よめ,lady | woman | wife | bride
N3,察,サツ,guess | presume | surmise | judge | understand
N3,勤,キン | ゴン | つと.める | ~づと.め | つと.まる | いそ.しむ,diligence | become employed | serve
N3,残,ザン | サン | のこ.る | のこ.す | そこな.う | のこ.り,remainder | leftover | balance
N3,罪,ザイ | つみ,guilt | sin | crime | fault | blame | offense
N3,違,イ | ちが.う | ちが.い | ちが.える | ~ちが.える | たが.う | たが.える,difference | differ
N3,似,ジ | に.る | ひ.る,becoming | resemble | counterfeit | imitate | suitable
N3,反,ハン | ホン | タン | ホ | そ.る | そ.らす | かえ.す | かえ.る | ~かえ.る,anti-
N3,点,テン | つ.ける | つ.く | た.てる | さ.す | とぼ.す | とも.す | ぼち,spot | point | mark | speck | decimal point
N3,労,ロウ | ろう.する | いたわ.る | いた.ずき | ねぎら | つか.れる | ねぎら.う,labor | thank for | reward for | toil | trouble
N3,鳴,メイ | な.く | な.る | な.らす,chirp | cry | bark | sound | ring | echo | honk
N3,側,ソク | かわ | がわ | そば,side | lean | oppose | regret
N3,産,サン | う.む | う.まれる | うぶ~ | む.す,products | bear | give birth | yield | childbirth | native | property
N3,忙,ボウ | モウ | いそが.しい | せわ.しい | おそ.れる | うれえるさま,busy | occupied | restless
N3,申,シン | もう.す | もう.し~ | さる,have the honor to | sign of the monkey | 3-5PM | ninth sign of Chinese zodiac
N3,疑,ギ | うたが.う,doubt | distrust | be suspicious | question
N3,刻,コク | きざ.む | きざ.み,engrave | cut fine | chop | hash | mince | time | carving
N3,石,セキ | シャク | コク | いし,stone
N3,葉,ヨウ | は,leaf | plane | lobe | needle | blade | spear | counter for flat things | fragment | piece
N3,化,カ | ケ | ば.ける | ば.かす | ふ.ける | け.する,change | take the form of | influence | enchant | delude | -ization
N3,想,ソウ | ソ | おも.う,concept | think | idea | thought
N3,顔,ガン | かお,face | expression
N3,報,ホウ | むく.いる,report | news | reward | retribution
N3,突,トツ | カ | つ.く,stab | protruding | thrust | pierce | prick | collision | sudden
N3,悲,ヒ | かな.しい | かな.しむ,grieve | sad | deplore | regret
N3,引,イン | ひ.く | ひ.き | ひ.き~ | ~び.き | ひ.ける,pull | tug | jerk | admit | install | quote | refer to
N3,指,シ | ゆび | さ.す | ~さ.し,finger | point to | indicate | put into | play (chess) | measure (ruler)
N3,福,フク,blessing | fortune | luck | wealth
N3,初,ショ | はじ.め | はじ.めて | はつ | はつ~ | うい~ | ~そ.める | ~ぞ.め,first time | beginning
N3,舞,ブ | ま.う | ~ま.う | まい,dance | flit | circle | wheel
N3,争,ソウ | あらそ.う | いか.でか,contend | dispute | argue
N3,腹,フク | はら,abdomen | belly | stomach
N3,続,ゾク | ショク | コウ | キョウ | つづ.く | つづ.ける | つぐ.ない,continue | series | sequel
N3,欠,ケツ | ケン | か.ける | か.く,lack | gap | fail | yawning radical (no. 76)
N3,流,リュウ | ル | なが.れる | なが.れ | なが.す | ~なが.す,current | a sink | flow | forfeit
N3,耳,ジ | みみ,ear
N3,番,バン | つが.い,turn | number in a series
N3,険,ケン | けわ.しい,precipitous | inaccessible place | impregnable position | steep place | sharp eyes
N3,両,リョウ | てる | ふたつ,"both | old Japanese coin | counter for carriages (e.g., in a train) | two"
N3,組,ソ | く.む | くみ | ~ぐみ,association | braid | plait | construct | assemble | unite | cooperate | grapple
N3,婚,コン,marriage
N3,適,テキ | かな.う,suitable | occasional | rare | qualified | capable
N3,光,コウ | ひか.る | ひかり,ray | light
N3,談,ダン,discuss | talk
N3,背,ハイ | せ | せい | そむ.く | そむ.ける,stature | height | back | behind | disobey | defy | go back on | rebel
N3,酒,シュ | さけ | さか~,sake | alcohol
N3,号,ゴウ | さけ.ぶ | よびな,nickname | number | item | title | pseudonym | name | call
N3,歯,シ | よわい | は | よわ.い | よわい.する,tooth | cog
N3,浮,フ | う.く | う.かれる | う.かぶ | む | う.かべる,floating | float | rise to surface
N3,治,ジ | チ | おさ.める | おさ.まる | なお.る | なお.す,reign | be at peace | calm down | subdue | quell | govt | cure | heal | rule | conserve
N3,存,ソン | ゾン | ながら.える | あ.る | たも.つ | と.う,exist | suppose | be aware of | believe | feel
N3,等,トウ | ひと.しい | など | ~ら,etc. | and so forth | class (first) | quality | equal | similar
N3,役,ヤク | エキ,duty | war | campaign | drafted labor | office | service | role
N3,怒,ド | ヌ | いか.る | おこ.る,angry | be offended
N3,寄,キ | よ.る | ~よ.り | よ.せる,draw near | stop in | bring near | gather | collect | send | forward
N3,記,キ | しる.す,scribe | account | narrative
N3,程,テイ | ほど | ~ほど,extent | degree | law | formula | distance | limits | amount
N3,果,カ | は.たす | はた.す | ~は.たす | は.てる | ~は.てる | は.て,fruit | reward | carry out | achieve | complete | end | finish | succeed
N3,横,オウ | よこ,sideways | side | horizontal | width | woof | unreasonable | perverse
N3,好,コウ | この.む | す.く | よ.い | い.い,fond | pleasing | like something
N3,幸,コウ | さいわ.い | さち | しあわ.せ,happiness | blessing | fortune
N3,覚,カク | おぼ.える | さ.ます | さ.める | さと.る,memorize | learn | remember | awake | sober up
N3,投,トウ | な.げる | ~な.げ,throw | discard | abandon | launch into | join | invest in | hurl | give up | sell at a loss
N3,寒,カン | さむ.い,cold
N3,助,ジョ | たす.ける | たす.かる | す.ける | すけ,help | rescue | assist
N3,否,ヒ | いな | いや,negate | no | noes | refuse | decline | deny
N3,成,セイ | ジョウ | な.る | な.す | ~な.す,turn into | become | get | grow | elapse | reach
N3,御,ギョ | ゴ | おん~ | お~ | み~,honorable | manipulate | govern
N3,速,ソク | はや.い | はや~ | はや.める | すみ.やか,quick | fast
N3,箱,ソウ | はこ,box | chest | case | bin | railway car
N3,例,レイ | たと.える,example | custom | usage | precedent
N3,約,ヤク | つづ.まる | つづ.める | つづま.やか,promise | approximately | shrink
N3,球,キュウ | たま,ball | sphere
N3,警,ケイ | いまし.める,admonish | commandment
N3,遠,エン | オン | とお.い,distant | far
N3,押,オウ | お.す | お.し~ | お.っ~ | お.さえる | おさ.える,push | stop | check | subdue | attach | seize | weight | shove | press | seal | do in spite of
N3,相,ソウ | ショウ | あい~,inter- | mutual | together | each other | minister of state | councillor | aspect | phase | physiognomy
N3,痛,ツウ | いた.い | いた.む | いた.ましい | いた.める,pain | hurt | damage | bruise
N3,説,セツ | ゼイ | と.く,opinion | theory | explanation | rumor
N3,美,ビ | ミ | うつく.しい,beauty | beautiful
N3,妻,サイ | つま,wife | spouse
N3,景,ケイ,scenery | view
N3,寝,シン | ね.る | ね.かす | い.ぬ | みたまや | や.める,lie down | sleep | rest | bed | remain unsold
N3,放,ホウ | はな.す | ~っぱな.し | はな.つ | はな.れる | こ.く | ほう.る,set free | release | fire | shoot | emit | banish | liberate
N3,更,コウ | さら | さら.に | ふ.ける | ふ.かす,grow late | night watch | sit up late | of course | renew | renovate | again | more and more | further
N3,頼,ライ | たの.む | たの.もしい | たよ.る,trust | request
N3,船,セン | ふね | ふな~,ship | boat
N3,在,ザイ | あ.る,exist | outskirts | suburbs | located in
N3,市,シ | いち,market | city | town
N3,猫,ビョウ | ねこ,cat
N3,居,キョ | コ | い.る | ~い | お.る,reside | to be | exist | live with
N3,付,フ | つ.ける | ~つ.ける | ~づ.ける | つ.け | つ.け~ | ~つ.け | ~づ.け | ~づけ | つ.く | ~づ.く | つ.き | ~つ.き | ~つき | ~づ.き | ~づき,adhere | attach | refer to | append
N3,任,ニン | まか.せる | まか.す,responsibility | duty | term | entrust to | appoint
N3,構,コウ | かま.える | かま.う,posture | build | pretend
N3,席,セキ | むしろ,seat | mat | occasion | place
N3,定,テイ | ジョウ | さだ.める | さだ.まる | さだ.か,determine | fix | establish | decide
N3,容,ヨウ | い.れる,contain | form | looks
N3,太,タイ | タ | ふと.い | ふと.る,plump | thick | big around
N3,連,レン | つら.なる | つら.ねる | つ.れる | ~づ.れ,take along | lead | join | connect | party | gang | clique
N3,留,リュウ | ル | と.める | と.まる | とど.める | とど.まる | るうぶる,detain | fasten | halt | stop
N3,怖,フ | ホ | こわ.い | こわ.がる | お.じる | おそ.れる,dreadful | be frightened | fearful
N3,座,ザ | すわ.る,squat | seat | cushion | gathering | sit
N3,曲,キョク | ま.がる | ま.げる | くま,bend | music | melody | composition | pleasure | injustice | fault | curve | crooked | perverse | lean
N3,対,タイ | ツイ | あいて | こた.える | そろ.い | つれあ.い | なら.ぶ | むか.う,vis-a-vis | opposite | even | equal | versus | anti- | compare
N3,掛,カイ | ケイ | か.ける | ~か.ける | か.け | ~か.け | ~が.け | か.かる | ~か.かる | ~が.かる | か.かり | ~が.かり | かかり | ~がかり,hang | suspend | depend | arrive at | tax | pour
N3,済,サイ | セイ | す.む | ~ず.み | ~ずみ | す.まない | す.ます | ~す.ます | すく.う | な.す | わたし | わた.る,"settle (debt, etc.) | relieve (burden) | finish | come to an end | excusable | need not"
N3,演,エン,performance | act | play | render | stage
N3,静,セイ | ジョウ | しず~ | しず.か | しず.まる | しず.める,quiet
N3,路,ロ | ル | ~じ | みち,path | route | road | distance
N3,盗,トウ | ぬす.む | ぬす.み,steal | rob | pilfer
N3,吹,スイ | ふ.く,blow | breathe | puff | emit | smoke
N3,具,グ | そな.える | つぶさ.に,"tool | utensil | means | possess | ingredients | counter for armor, suits, sets of furniture"
N3,閉,ヘイ | と.じる | と.ざす | し.める | し.まる | た.てる,closed | shut
N3,示,ジ | シ | しめ.す,show | indicate | point out | express | display
N3,庭,テイ | にわ,courtyard | garden | yard
N3,差,サ | さ.す | さ.し,distinction | difference | variation | discrepancy | margin | balance
N3,給,キュウ | たま.う | たも.う | ~たま.え,salary | wage | gift | allow | grant | bestow on
N3,都,ト | ツ | みやこ,metropolis | capital | all | everything
N3,途,ト | みち,route | way | road
N3,登,トウ | ト | ドウ | ショウ | チョウ | のぼ.る | あ.がる,ascend | climb up
N3,処,ショ | ところ | ~こ | お.る,dispose | manage | deal with | sentence | condemn | act | behave | place
N3,確,カク | コウ | たし.か | たし.かめる,assurance | firm | tight | hard | solid | confirm | clear | evident
N3,払,フツ | ヒツ | ホツ | はら.う | ~はら.い | ~ばら.い,pay | clear out | prune | banish | dispose of
N3,暗,アン | くら.い | くら.む | くれ.る,darkness | disappear | shade | informal | grow dark | be blinded
N3,危,キ | あぶ.ない | あや.うい | あや.ぶむ,dangerous | fear | uneasy
N3,草,ソウ | くさ | くさ~ | ~ぐさ,grass | weeds | herbs | pasture | write | draft
N3,制,セイ,system | law | rule
N3,許,キョ | ゆる.す | もと,permit | approve
N3,優,ユウ | ウ | やさ.しい | すぐ.れる | まさ.る,tenderness | excel | surpass | actor | superiority | gentleness
N3,余,ヨ | あま.る | あま.り | あま.す | あんま.り,too much | myself | surplus | other | remainder
N3,娘,ジョウ | むすめ | こ,daughter | girl
N3,犯,ハン | ボン | おか.す,crime | sin | offense
N3,遊,ユウ | ユ | あそ.ぶ | あそ.ばす,play
N3,置,チ | お.く | ~お.き,placement | put | set | deposit | leave behind | keep | employ | pawn
N3,亡,ボウ | モウ | な.い | な.き~ | ほろ.びる | ほろ.ぶ | ほろ.ぼす,deceased | the late | dying | perish
N3,形,ケイ | ギョウ | かた | ~がた | かたち | なり,shape | form | style
N3,支,シ | ささ.える | つか.える | か.う,branch | support | sustain | branch radical (no. 65)
N3,受,ジュ | う.ける | ~う.け | う.かる,accept | undergo | answer (phone) | take | get | catch | receive
N3,面,メン | ベン | おも | おもて | つら,mask | face | features | surface
N3,件,ケン | くだん,affair | case | matter | item
N3,昨,サク,yesterday | previous
N3,守,シュ | ス | まも.る | まも.り | もり | ~もり | かみ,guard | protect | defend | obey
N3,戻,レイ | もど.す | もど.る,re- | return | revert | resume | restore | go backwards
N3,最,サイ | シュ | もっと.も | つま,utmost | most | extreme
N3,到,トウ | いた.る,arrival | proceed | reach | attain | result in
N3,由,ユ | ユウ | ユイ | よし | よ.る,wherefore | a reason
N3,念,ネン,wish | sense | idea | thought | feeling | desire | attention
N3,港,コウ | みなと,harbor
N3,類,ルイ | たぐ.い,sort | kind | variety | class | genus
N3,園,エン | その,park | garden | yard | farm
N3,係,ケイ | かか.る | かかり | ~がかり | かか.わる,person in charge | connection | duty | concern oneself
N3,退,タイ | しりぞ.く | しりぞ.ける | ひ.く | の.く | の.ける | ど.く,retreat | withdraw | retire | resign | repel | expel | reject
N3,備,ビ | そな.える | そな.わる | つぶさ.に,equip | provision | preparation
N3,笑,ショウ | わら.う | え.む,laugh
N3,師,シ | いくさ,expert | teacher | master | model | exemplar | army (incl. counter) | war
N3,米,ベイ | マイ | メエトル | こめ | よね,rice | USA | metre
N3,靴,カ | くつ,shoes
N3,種,シュ | たね | ~ぐさ,species | kind | class | variety | seed
N3,然,ゼン | ネン | しか | しか.り | しか.し | さ,sort of thing | so | if so | in that case | well
N3,折,セツ | シャク | お.る | おり | お.り | ~お.り | お.れる,fold | break | fracture | bend | yield | submit
N3,利,リ | き.く,profit | advantage | benefit
N3,渡,ト | わた.る | ~わた.る | わた.す,transit | ford | ferry | cross | import | deliver | diameter | migrate
N3,熱,ネツ | あつ.い,heat | temperature | fever | mania | passion
N3,常,ジョウ | つね | とこ~,usual | ordinary | normal | common | regular | continually | always | long-lasting
N3,式,シキ,style | ceremony | rite | function | method | system | form | expression
N3,性,セイ | ショウ | さが,sex | gender | nature
N3,願,ガン | ねが.う | ~ねがい,petition | request | vow | wish | hope
N3,変,ヘン | か.わる | か.わり | か.える,unusual | change | strange
N3,宅,タク,home | house | residence | our house | my husband
N3,調,チョウ | しら.べる | しら.べ | ととの.う | ととの.える,tune | tone | meter | key (music) | writing style | prepare | exorcise | investigate | harmonize | mediate
N3,偶,グウ | たま,accidentally | even number | couple | man & wife | same kind
N3,政,セイ | ショウ | まつりごと | まん,politics | government
N3,訪,ホウ | おとず.れる | たず.ねる | と.う,call on | visit | look up | offer sympathy
N3,歳,サイ | セイ | とし | とせ | よわい,year-end | age | occasion | opportunity
N3,供,キョウ | ク | クウ | グ | そな.える | とも | ~ども,submit | offer | present | serve (meal) | accompany
N3,和,ワ | オ | カ | やわ.らぐ | やわ.らげる | なご.む | なご.やか | あ.える,harmony | Japanese style | peace | soften | Japan
N3,誤,ゴ | あやま.る | ~あやま.る,mistake | err | do wrong | mislead
N3,取,シュ | と.る | と.り | と.り~ | とり | ~ど.り,take | fetch | take up
N3,候,コウ | そうろう,climate | season | weather | wait for | expect
N3,完,カン,perfect | completion | end
N3,破,ハ | やぶ.る | やぶ.れる | わ.れる,rend | rip | tear | break | destroy | defeat | frustrate
N3,窓,ソウ | ス | まど | てんまど | けむだし,window | pane
N2,匹,ヒツ | ひき,equal | head | counter for small animals | roll of cloth
N2,療,リョウ,heal | cure
N2,伺,シ | うかが.う,pay respects | visit | ask | inquire | question | implore
N2,森,シン | もり,forest | woods
N2,快,カイ | こころよ.い,cheerful | pleasant | agreeable | comfortable
N2,将,ショウ | ソウ | まさ.に | はた | まさ | ひきい.る | もって,leader | commander | general | admiral | or | and again | soon | from now on | just about
N2,弱,ジャク | よわ.い | よわ.る | よわ.まる | よわ.める,weak | frail
N2,燥,ソウ | はしゃ.ぐ,parch | dry up
N2,設,セツ | もう.ける,establishment | provision | prepare
N2,講,コウ,lecture | club | association
N2,塗,ト | ぬ.る | ぬ.り | まみ.れる,paint | plaster | daub | smear | coating
N2,募,ボ | つの.る,recruit | campaign | gather (contributions) | enlist | grow violent
N2,陸,リク | ロク | おか,land | six
N2,鼻,ビ | はな,nose | snout
N2,沸,フツ | わ.く | わ.かす,seethe | boil | ferment | uproar | breed
N2,介,カイ,jammed in | shellfish | mediate | concern oneself with
N2,厚,コウ | あつ.い | あか,thick | heavy | rich | kind | cordial | brazen | shameless
N2,像,ゾウ,statue | picture | image | figure | portrait
N2,泉,セン | いずみ,spring | fountain
N2,河,カ | かわ,river
N2,昇,ショウ | のぼ.る,rise up
N2,乳,ニュウ | ちち | ち,milk | breasts
N2,幼,ヨウ | おさな.い,infancy | childhood
N2,群,グン | む.れる | む.れ | むら | むら.がる,flock | group | crowd | herd | swarm | cluster
N2,島,トウ | しま,island
N2,零,レイ | ぜろ | こぼ.す | こぼ.れる,zero | spill | overflow | nothing | cipher
N2,誌,シ,document | records
N2,耕,コウ | たがや.す,till | plow | cultivate
N2,旧,キュウ | ふる.い | もと,old times | old things | old friend | former | ex-
N2,庁,チョウ | テイ | やくしょ,government office
N2,丸,ガン | まる | まる.める | まる.い,round | full (month) | perfection | -ship | pills | make round | roll up | curl up | seduce | explain away
N2,荷,カ | に,baggage | shoulder-pole load | bear (a burden) | shoulder (a gun) | load | cargo | freight
N2,凍,トウ | こお.る | こご.える | こご.る | い.てる | し.みる,frozen | congeal | refrigerate
N2,貨,カ | たから,freight | goods | property
N2,角,カク | かど | つの,angle | corner | square | horn | antlers
N2,城,ジョウ | セイ | しろ,castle
N2,豊,ホウ | ブ | ゆた.か | とよ,bountiful | excellent | rich
N2,患,カン | わずら.う,afflicted | disease | suffer from | be ill
N2,詰,キツ | キチ | つ.める | つ.め | ~づ.め | つ.まる | つ.む,packed | close | pressed | reprove | rebuke | blame
N2,移,イ | うつ.る | うつ.す,"shift | move | change | drift | catch (cold, fire) | pass into"
N2,細,サイ | ほそ.い | ほそ.る | こま.か | こま.かい,dainty | get thin | taper | slender | narrow | detailed | precise
N2,域,イキ,range | region | limits | stage | level
N2,血,ケツ | ち,blood
N2,瓶,ビン | かめ,bottle | vial | jar | jug | vat | urn
N2,灯,トウ | ひ | ほ~ | ともしび | とも.す | あかり,lamp | a light | light | counter for lights
N2,踊,ヨウ | おど.る,jump | dance | leap | skip
N2,伸,シン | の.びる | の.ばす | の.べる | の.す,expand | stretch | extend | lengthen | increase
N2,磨,マ | みが.く | す.る,grind | polish | scour | improve | brush (teeth)
N2,低,テイ | ひく.い | ひく.める | ひく.まる,lower | short | humble
N2,毒,ドク,poison | virus | venom | germ | harm | injury | spite
N2,袋,タイ | ダイ | ふくろ,sack | bag | pouch
N2,層,ソウ,stratum | social class | layer | story | floor
N2,省,セイ | ショウ | かえり.みる | はぶ.く,focus | government ministry | conserve
N2,掘,クツ | ほ.る,dig | delve | excavate
N2,軒,ケン | のき,flats | counter for houses | eaves
N2,爆,バク | は.ぜる,bomb | burst open | pop | split
N2,雇,コ | やと.う,employ | hire
N2,枚,マイ | バイ,sheet of... | counter for flat thin objects or sheets
N2,詞,シ | ことば,part of speech | words | poetry
N2,専,セン | もっぱ.ら,specialty | exclusive | mainly | solely
N2,鉱,コウ | あらがね,mineral | ore
N2,階,カイ | きざはし,storey | stair | counter for storeys of a building
N2,荒,コウ | あら.い | あら~ | あ.れる | あ.らす | ~あ.らし | すさ.む,laid waste | rough | rude | wild
N2,仏,ブツ | フツ | ほとけ,Buddha | the dead | France
N2,担,タン | かつ.ぐ | にな.う,shouldering | carry | raise | bear
N2,焼,ショウ | や.く | や.き | や.き~ | ~や.き | や.ける,bake | burning
N2,祭,サイ | まつ.る | まつ.り | まつり,ritual | offer prayers | celebrate | deify | enshrine | worship
N2,復,フク | また,restore | return to | revert | resume
N2,了,リョウ,complete | finish
N2,鈍,ドン | にぶ.い | にぶ.る | にぶ~ | なま.る | なまく.ら,dull | slow | foolish | blunt
N2,宇,ウ,eaves | roof | house | heaven
N2,柔,ジュウ | ニュウ | やわ.らか | やわ.らかい | やわ | やわ.ら,tender | weakness | gentleness | softness
N2,効,コウ | き.く | ききめ | なら.う,merit | efficacy | efficiency | benefit
N2,個,コ | カ,individual | counter for articles
N2,燃,ネン | も.える | も.やす | も.す,burn | blaze | glow
N2,波,ハ | なみ,waves | billows | Poland
N2,片,ヘン | かた~ | かた,one-sided | leaf | sheet | right-side kata radical (no. 91)
N2,封,フウ | ホウ,seal | closing
N2,境,キョウ | ケイ | さかい,boundary | border | region
N2,令,レイ,orders | ancient laws | command | decree
N2,岸,ガン | きし,beach
N2,床,ショウ | とこ | ゆか,bed | counter for beds | floor | padding | tatami
N2,腕,ワン | うで,arm | ability | talent
N2,干,カン | ほ.す | ほ.し~ | ~ぼ.し | ひ.る,dry | parch | ebb | recede | interfere | intercede
N2,承,ショウ | ジョウ | うけたまわ.る | う.ける,acquiesce | hear | listen to | be informed | receive
N2,久,キュウ | ク | ひさ.しい,long time | old story
N2,改,カイ | あらた.める | あらた.まる,reformation | change | modify | mend | renew | examine | inspect | search
N2,浴,ヨク | あ.びる | あ.びせる,bathe | be favored with | bask in
N2,曇,ドン | くも.る,cloudy weather | cloud up
N2,販,ハン,marketing | sell | trade
N2,被,ヒ | こうむ.る | おお.う | かぶ.る | かぶ.せる,incur | cover | veil | brood over | shelter | wear | put on | be exposed (film) | receiving
N2,涼,リョウ | すず.しい | すず.む | すず.やか | うす.い | ひや.す | まことに,refreshing | nice and cool
N2,準,ジュン | じゅん.じる | じゅん.ずる | なぞら.える | のり | ひと.しい | みずもり,semi- | correspond to | proportionate to | conform | imitate
N2,軍,グン | いくさ,army | force | troops | war | battle
N2,翌,ヨク,the following | next
N2,軟,ナン | やわ.らか | やわ.らかい,soft
N2,団,ダン | トン | かたまり | まる.い,group | association
N2,清,セイ | ショウ | シン | きよ.い | きよ.まる | きよ.める,pure | purify | cleanse | exorcise | Manchu dynasty
N2,祈,キ | いの.る,pray | wish
N2,贈,ゾウ | ソウ | おく.る,presents | send | give to | award to | confer on | presenting something
N2,枯,コ | か.れる | か.らす,wither | die | dry up | be seasoned
N2,逆,ギャク | ゲキ | さか | さか.さ | さか.らう,inverted | reverse | opposite | wicked
N2,革,カク | かわ,leather | skin | reform | become serious
N2,谷,コク | たに | きわ.まる,valley
N2,菜,サイ | な,vegetable | side dish | greens
N2,簡,カン | ケン | えら.ぶ | ふだ,simplicity | brevity
N2,圧,アツ | エン | オウ | お.す | へ.す | おさ.える | お.さえる,pressure | push | overwhelm | oppress | dominate
N2,漁,ギョ | リョウ | あさ.る,fishing | fishery
N2,欧,オウ | うた.う | は.く,Europe
N2,咲,ショウ | さ.く | ~ざき,blossom | bloom
N2,築,チク | きず.く,fabricate | build | construct
N2,述,ジュツ | の.べる,mention | state | speak | relate
N2,童,ドウ | わらべ,juvenile | child
N2,竹,チク | たけ,bamboo
N2,菓,カ,candy | cakes | fruit
N2,照,ショウ | て.る | て.らす | て.れる,illuminate | shine | compare | bashful
N2,栄,エイ | ヨウ | さか.える | は.え | ~ば.え | は.える | え,flourish | prosperity | honor | glory | splendor
N2,挟,キョウ | ショウ | はさ.む | はさ.まる | わきばさ.む | さしはさ.む,pinch | between
N2,沈,チン | ジン | しず.む | しず.める,sink | be submerged | subside | be depressed | aloes
N2,券,ケン,ticket
N2,著,チョ | チャク | あらわ.す | いちじる.しい,renowned | publish | write | remarkable | phenomenal | put on | don | wear | arrival | finish (race) | counter for suits of clothing | literary work
N2,肩,ケン | かた,shoulder
N2,湿,シツ | シュウ | しめ.る | しめ.す | うるお.う | うるお.す,damp | wet | moist
N2,湯,トウ | ゆ,hot water | bath | hot spring
N2,則,ソク | のっと.る,rule | follow | based on | model after
N2,姓,セイ | ショウ,surname
N2,符,フ,token | sign | mark | tally | charm
N2,課,カ,chapter | lesson | section | department | division | counter for chapters (of a book)
N2,含,ガン | ふく.む | ふく.める,contain | include | hold in the mouth | bear in mind | understand | cherish
N2,編,ヘン | あ.む | ~あ.み,compilation | knit | plait | braid | twist | editing | completed poem | part of a book
N2,型,ケイ | かた | ~がた,mould | type | model
N2,届,カイ | とど.ける | ~とど.け | とど.く,deliver | reach | arrive | report | notify | forward
N2,囲,イ | かこ.む | かこ.う | かこ.い,surround | besiege | store | paling | enclosure | encircle | preserve | keep
N2,隅,グウ | すみ,corner | nook
N2,林,リン | はやし,grove | forest
N2,技,ギ | わざ,skill | art | craft | ability | feat | performance | vocation | arts
N2,純,ジュン,genuine | purity | innocence | net (profit)
N2,輸,ユ | シュ,transport | send | be inferior
N2,舟,シュウ | ふね | ふな~ | ~ぶね,boat | ship
N2,略,リャク | ほぼ | はぶ.く | おか.す | おさ.める | はかりごと | はか.る,abbreviation | omission | outline | shorten | capture | plunder
N2,帯,タイ | お.びる | おび,sash | belt | obi | zone | region
N2,極,キョク | ゴク | きわ.める | きわ.まる | きわ.まり | きわ.み | き.める | ~ぎ.め | き.まる,poles | settlement | conclusion | end | highest rank | electric poles | very | extremely | most | highly | 10**48
N2,粉,フン | デシメートル | こ | こな,flour | powder | dust
N2,兵,ヘイ | ヒョウ | つわもの,soldier | private | troops | army | warfare | strategy | tactics
N2,量,リョウ | はか.る,quantity | measure | weight | amount | consider | estimate | surmise
N2,岩,ガン | いわ,boulder | rock | cliff
N2,減,ゲン | へ.る | へ.らす,dwindle | decrease | reduce | decline | curtail | get hungry
N2,緑,リョク | ロク | みどり,green
N2,筒,トウ | つつ,cylinder | pipe | tube | gun barrel | sleeve
N2,肌,キ | はだ,texture | skin | body | grain
N2,卵,ラン | たまご,egg | ovum | spawn | roe
N2,貯,チョ | た.める | たくわ.える,savings | store | lay in | keep | wear mustache
N2,歴,レキ | レッキ,curriculum | continuation | passage of time
N2,殿,デン | テン | との | ~どの,Mr. | hall | mansion | palace | temple | lord
N2,延,エン | の.びる | の.べる | の.べ | の.ばす,prolong | stretching
N2,宝,ホウ | たから,treasure | wealth | valuables
N2,占,セン | し.める | うらな.う,fortune-telling | divining | forecasting | occupy | hold | have | get | take
N2,査,サ,investigate
N2,籍,セキ,enroll | domiciliary register | membership
N2,香,コウ | キョウ | か | かお.り | かお.る,incense | smell | perfume
N2,鉄,テツ | くろがね,iron
N2,塔,トウ,pagoda | tower | steeple
N2,砂,サ | シャ | すな,sand
N2,包,ホウ | つつ.む | くる.む,wrap | pack up | cover | conceal
N2,械,カイ | かせ,contraption | fetter | machine | instrument
N2,印,イン | しるし | ~じるし | しる.す,stamp | seal | mark | imprint | symbol | emblem | trademark | evidence | souvenir | India
N2,召,ショウ | め.す,seduce | call | send for | wear | put on | ride in | buy | eat | drink | catch (cold)
N2,競,キョウ | ケイ | きそ.う | せ.る | くら.べる,emulate | compete with | bid | sell at auction | bout | contest | race
N2,採,サイ | と.る,pick | take | fetch | take up
N2,乱,ラン | ロン | みだ.れる | みだ.る | みだ.す | みだ | おさ.める | わた.る,riot | war | disorder | disturb
N2,液,エキ,fluid | liquid | juice | sap | secretion
N2,短,タン | みじか.い,short | brevity | fault | defect | weak point
N2,肯,コウ | がえんじ.る,agreement | consent | comply with
N2,池,チ | いけ,pond | cistern | pool | reservoir
N2,粒,リュウ | つぶ,grains | drop | counter for tiny particles
N2,双,ソウ | ふた | たぐい | ならぶ | ふたつ,pair | set | comparison | counter for pairs
N2,憎,ゾウ | にく.む | にく.い | にく.らしい | にく.しみ,hate | detest
N2,普,フ | あまね.く | あまねし,universal | wide(ly) | generally | Prussia
N2,塩,エン | しお,salt
N2,泥,デイ | ナイ | デ | ニ | どろ | なず.む,mud | mire | adhere to | be attached to
N2,帽,ボウ | モウ | ずきん | おお.う,cap | headgear
N2,拾,シュウ | ジュウ | ひろ.う,pick up | gather | find | go on foot | ten
N2,膚,フ | はだ,skin | body | grain | texture | disposition
N2,勢,セイ | ゼイ | いきお.い | はずみ,forces | energy | military strength
N2,炭,タン | すみ,charcoal | coal
N2,兆,チョウ | きざ.す | きざ.し,portent | 10**12 | trillion | sign | omen | symptoms
N2,絡,ラク | から.む | から.まる,entwine | coil around | get caught in
N2,雲,ウン | くも | ~ぐも,cloud
N2,筆,ヒツ | ふで,writing brush | writing | painting brush | handwriting
N2,仲,チュウ | なか,go-between | relationship
N2,停,テイ | と.める | と.まる,halt | stopping
N2,材,ザイ,lumber | log | timber | wood | materials | ingredients | talent
N2,均,キン | なら.す,level | average
N2,線,セン | すじ,line | track
N2,硬,コウ | かた.い,stiff | hard
N2,汚,オ | けが.す | けが.れる | けが.らわしい | よご.す | よご.れる | きたな.い,dirty | pollute | disgrace | rape | defile
N2,祝,シュク | シュウ | いわ.う,celebrate | congratulate
N2,永,エイ | なが.い,eternity | long | lengthy
N2,訓,クン | キン | おし.える | よ.む | くん.ずる,instruction | Japanese character reading | explanation | read
N2,順,ジュン,obey | order | turn | right | docility | occasion
N2,捜,ソウ | シュ | シュウ | さが.す,search | look for | locate
N2,練,レン | ね.る | ね.り,practice | gloss | train | drill | polish | refine
N2,辛,シン | から.い | つら.い | ~づら.い | かのと,spicy | bitter | hot | acrid
N2,薄,ハク | うす.い | うす~ | ~うす | うす.める | うす.まる | うす.らぐ | うす.ら~ | うす.れる | すすき,dilute | thin | weak (tea) | pampas grass
N2,暴,ボウ | バク | あば.く | あば.れる,outburst | rave | fret | force | violence | cruelty | outrage
N2,札,サツ | ふだ,tag | paper money | counter for bonds | placard | bid
N2,倍,バイ,double | twice | times | fold
N2,棒,ボウ,rod | stick | cane | pole | club | line
N2,署,ショ,signature | govt office | police station
N2,況,キョウ | まし.て | いわ.んや | おもむき,condition | situation
N2,複,フク,duplicate | double | compound | multiple
N2,坂,ハン | さか,slope | incline | hill
N2,補,ホ | おぎな.う,supplement | supply | make good | offset | compensate | assistant | learner
N2,溶,ヨウ | と.ける | と.かす | と.く,melt | dissolve | thaw
N2,府,フ,borough | urban prefecture | govt office | representative body | storehouse
N2,濯,タク | すす.ぐ | ゆす.ぐ,laundry | wash | pour on | rinse
N2,領,リョウ | えり,jurisdiction | dominion | territory | fief | reign
N2,叫,キョウ | さけ.ぶ,shout | exclaim | yell
N2,尊,ソン | たっと.い | とうと.い | たっと.ぶ | とうと.ぶ,revered | valuable | precious | noble | exalted
N2,敬,ケイ | キョウ | うやま.う,awe | respect | honor | revere
N2,装,ソウ | ショウ | よそお.う | よそお.い,attire | dress | pretend | disguise | profess
N2,恋,レン | こ.う | こい | こい.しい,romance | in love | yearn for | miss | darling
N2,震,シン | ふる.う | ふる.える,quake | shake | tremble | quiver | shiver
N2,柱,チュウ | はしら,pillar | post | cylinder | support
N2,齢,レイ | よわい | とし,age
N2,禁,キン,prohibition | ban | forbid
N2,腰,ヨウ | こし,loins | hips | waist | low wainscoting
N2,傾,ケイ | かたむ.く | かたむ.ける | かたぶ.く | かた.げる | かし.げる,lean | incline | tilt | trend | wane | sink | ruin | bias
N2,玉,ギョク | たま | たま~ | ~だま,jewel | ball
N2,泊,ハク | と.まる | と.める,overnight stay | put up at | ride at anchor
N2,造,ゾウ | つく.る | つく.り | ~づく.り,create | make | structure | physique
N2,固,コ | かた.める | かた.まる | かた.まり | かた.い,harden | set | clot | curdle
N2,悩,ノウ | なや.む | なや.ます | なや.ましい | なやみ,trouble | worry | in pain | distress | illness
N2,郊,コウ,outskirts | suburbs | rural area
N2,村,ソン | むら,village | town
N2,滴,テキ | しずく | したた.る,drip | drop
N2,並,ヘイ | ホウ | な.み | なみ | なら.べる | なら.ぶ | なら.びに,row | and | besides | as well as | line up | rank with | rival | equal
N2,替,タイ | か.える | か.え~ | か.わる,exchange | spare | substitute | per-
N2,乾,カン | ケン | かわ.く | かわ.かす | ほ.す | ひ.る | いぬい,drought | dry | dessicate | drink up | heaven | emperor
N2,板,ハン | バン | いた,plank | board | plate | stage
N2,防,ボウ | ふせ.ぐ,ward off | defend | protect | resist
N2,武,ブ | ム | たけ | たけ.し,warrior | military | chivalry | arms
N2,卒,ソツ | シュツ | そっ.する | お.える | お.わる | ついに | にわか,graduate | soldier | private | die
N2,億,オク,hundred million | 10**8
N2,黄,コウ | オウ | き | こ~,yellow
N2,混,コン | ま.じる | ~ま.じり | ま.ざる | ま.ぜる | こ.む,mix | blend | confuse
N2,掃,ソウ | シュ | は.く,sweep | brush
N2,机,キ | つくえ,desk | table
N2,刷,サツ | す.る | ~ず.り | ~ずり | は.く,printing | print | brush
N2,氷,ヒョウ | こおり | ひ | こお.る,icicle | ice | hail | freeze | congeal
N2,孫,ソン | まご,grandchild | descendants
N2,周,シュウ | まわ.り,circumference | circuit | lap
N2,副,フク,vice- | assistant | aide | duplicate | copy
N2,触,ショク | ふ.れる | さわ.る | さわ,contact | touch | feel | hit | proclaim | announce | conflict
N2,缶,カン | かま,tin can | container | jar radical (no. 121)
N2,糸,シ | いと,thread
N2,賢,ケン | かしこ.い,intelligent | wise | wisdom | cleverness
N2,辺,ヘン | あた.り | ほと.り | ~べ,environs | boundary | border | vicinity
N2,埋,マイ | う.める | う.まる | う.もれる | うず.める | うず.まる | い.ける,bury | be filled up | embedded
N2,植,ショク | う.える | う.わる,plant
N2,針,シン | はり,needle | pin | staple | stinger
N2,寺,ジ | てら,Buddhist temple
N2,季,キ,seasons
N2,橋,キョウ | はし,bridge
N2,紅,コウ | ク | べに | くれない | あか.い,crimson | deep red
N2,党,トウ | なかま | むら,party | faction | clique
N2,律,リツ | リチ | レツ,rhythm | law | regulation | gauge | control
N2,依,イ | エ | よ.る,reliant | depend on | consequently | therefore | due to
N2,換,カン | か.える | ~か.える | か.わる,interchange | period | change | convert | replace | renew
N2,児,ジ | ニ | ゲイ | こ | ~こ | ~っこ,newborn babe | child | young of animals
N2,駐,チュウ,stop-over | reside in | resident
N2,虫,チュウ | キ | むし,insect | bug | temper
N2,軽,ケイ | キョウ | キン | かる.い | かろ.やか | かろ.んじる,lightly | trifling | unimportant
N2,涙,ルイ | レイ | なみだ,tears | sympathy
N2,喫,キツ | の.む,consume | eat | drink | smoke | receive (a blow)
N2,珍,チン | めずら.しい | たから,rare | curious | strange
N2,績,セキ,exploits | achievements | unreeling cocoons
N2,畳,ジョウ | チョウ | たた.む | たたみ | かさ.なる,tatami mat | counter for tatami mats | fold | shut up | do away with
N2,蒸,ジョウ | セイ | む.す | む.れる | む.らす,steam | heat | sultry | foment | get musty
N2,戸,コ | と,door | counter for houses | door radical (no. 63)
N2,巨,キョ,gigantic | big | large | great
N2,皿,ベイ | さら,dish | a helping | plate
N2,預,ヨ | あず.ける | あず.かる,deposit | custody | leave with | entrust to
N2,損,ソン | そこ.なう | そこな.う | ~そこ.なう | そこ.ねる | ~そこ.ねる,damage | loss | disadvantage | hurt | injure
N2,温,オン | あたた.か | あたた.かい | あたた.まる | あたた.める | ぬく,warm
N2,皮,ヒ | かわ,pelt | skin | hide | leather | skin radical (no. 107)
N2,比,ヒ | くら.べる,compare | race | ratio | Philippines
N2,象,ショウ | ゾウ | かたど.る,elephant | pattern after | imitate | image | shape | sign (of the times)
N2,胃,イ,stomach | paunch | crop | craw
N2,根,コン | ね | ~ね,root | radical | head (pimple)
N2,幅,フク | はば,hanging scroll | width
N2,銅,ドウ | あかがね,copper
N2,湖,コ | みずうみ,lake
N2,跡,セキ | あと,tracks | mark | print | impression
N2,隻,セキ,vessels | counter for ships | fish | birds | arrows | one of a pair
N2,郵,ユウ,mail | stagecoach stop
N2,芸,ゲイ | ウン | う.える | のり | わざ,technique | art | craft | performance | acting | trick | stunt
N2,接,セツ | ショウ | つ.ぐ,touch | contact | adjoin | piece together
N2,裏,リ | うら,back | amidst | in | reverse | inside | palm | sole | rear | lining | wrong side
N2,畜,チク,livestock | domestic fowl and animals
N2,蔵,ゾウ | ソウ | くら | おさ.める | かく.れる,storehouse | hide | own | have | possess
N2,管,カン | くだ,pipe | tube | wind instrument | drunken talk | control | jurisdiction
N2,秒,ビョウ,second (1/60 minute)
N2,委,イ | ゆだ.ねる,committee | entrust to | leave to | devote | discard
N2,汗,カン | あせ,sweat | perspire
N2,貝,バイ | かい,shellfish
N2,庫,コ | ク | くら,warehouse | storehouse
N2,刊,カン,publish | carve | engrave
N2,区,ク | オウ | コウ,ward | district
N2,県,ケン | か.ける,prefecture
N2,劇,ゲキ,drama | play
N2,奥,オウ | おく | おく.まる | くま,heart | interior
N2,紹,ショウ,introduce | inherit | help
N2,油,ユ | ユウ | あぶら,oil | fat
N2,賞,ショウ | ほ.める,prize | reward | praise
N2,臓,ゾウ | はらわた,entrails | viscera | bowels
N2,版,ハン,printing block | printing plate | edition | impression | label
N2,湾,ワン | いりえ,gulf | bay | inlet
N2,麦,バク | むぎ,barley | wheat
N2,算,サン | そろ,calculate | divining | number | abacus | probability
N2,冊,サツ | サク | ふみ,tome | counter for books | volume
N2,星,セイ | ショウ | ほし | ~ぼし,star | spot | dot | mark
N2,脳,ノウ | ドウ | のうずる,brain | memory
N2,枝,シ | えだ,bough | branch | twig | limb | counter for branches
N2,希,キ | ケ | まれ,hope | beg | request | pray | beseech | Greece | dilute (acid) | rare | few | phenomenal
N2,諸,ショ | もろ,various | many | several | together
N2,超,チョウ | こ.える | こ.す,transcend | super- | ultra-
N2,税,ゼイ,tax | duty
N2,胸,キョウ | むね | むな~,bosom | breast | chest | heart | feelings
N2,勇,ユウ | いさ.む,courage | cheer up | be in high spirits | bravery | heroism
N2,章,ショウ,badge | chapter | composition | poem | design
N2,州,シュウ | ス | す,state | province
N2,羽,ウ | は | わ | はね,"feathers | counter for birds, rabbits"
N2,底,テイ | そこ,bottom | sole | depth | bottom price | base | kind | sort
N2,浅,セン | あさ.い,shallow | superficial | frivolous | wretched | shameful
N2,濃,ノウ | こ.い,concentrated | thick | dark | undiluted
N2,測,ソク | はか.る,fathom | plan | scheme | measure
N2,捨,シャ | す.てる,discard | throw away | abandon | resign | reject | sacrifice
N2,灰,カイ | はい,ashes | puckery juice | cremate
N2,綿,メン | わた,cotton
N2,布,フ | ぬの,linen | cloth | spread | distribute
N2,各,カク | おのおの,each | every | either
N2,巻,カン | ケン | ま.く | まき | ま.き,scroll | volume | book | part | roll up | wind up | tie | coil | counter for texts (or book scrolls)
N2,導,ドウ | みちび.く,guidance | leading | conduct | usher
N2,衣,イ | エ | ころも | きぬ | ~ぎ,garment | clothes | dressing
N2,般,ハン,carrier | carry | all | general | sort | kind
N2,輪,リン | わ,wheel | ring | circle | link | loop | counter for wheels and flowers
N2,営,エイ | いとな.む | いとな.み,occupation | camp | perform | build | conduct (business)
N2,鋭,エイ | するど.い,pointed | sharpness | edge | weapon | sharp | violent
N2,脂,シ | あぶら,fat | grease | tallow | lard | rosin | gum | tar
N2,額,ガク | ひたい,forehead | tablet | plaque | framed picture | sum | amount | volume
N2,総,ソウ | す.べて | すべ.て | ふさ,general | whole | all | full | total
N2,農,ノウ,agriculture | farmers
N2,録,ロク | しる.す | と.る,record
N2,協,キョウ,co- | cooperation
N2,骨,コツ | ほね,skeleton | bone | remains | frame
N2,臣,シン | ジン,retainer | subject
N2,央,オウ,center | middle
N2,貿,ボウ,trade | exchange
N2,史,シ,history | chronicle
N2,甘,カン | あま.い | あま.える | あま.やかす | うま.い,sweet | coax | pamper | be content | sugary
N2,再,サイ | サ | ふたた.び,again | twice | second time
N2,毛,モウ | け,fur | hair | feather | down
N2,刺,シ | さ.す | さ.さる | さ.し | さし | とげ,thorn | pierce | stab | prick | sting | calling card
N2,門,モン | かど | と,gate | counter for cannons
N2,拝,ハイ | おが.む | おろが.む,worship | adore | pray to
N2,航,コウ,navigate | sail | cruise | fly
N1,艇,テイ,rowboat | small boat
N1,涯,ガイ | はて,horizon | shore | limit | bound
N1,吏,リ,officer | an official
N1,呂,ロ | リョ | せぼね,spine | backbone
N1,叙,ジョ | つい.ず | ついで,confer | relate | narrate | describe
N1,操,ソウ | サン | みさお | あやつ.る,maneuver | manipulate | operate | steer | chastity | virginity | fidelity
N1,棚,ホウ | たな | ~だな,shelf | ledge | rack | mount | mantle | trellis
N1,桐,トウ | ドウ | きり,paulownia
N1,華,カ | ケ | はな,splendor | flower | petal | shine | luster | ostentatious | showy | gay | gorgeous
N1,妨,ボウ | さまた.げる,disturb | prevent | hamper | obstruct
N1,微,ビ | かす.か,delicate | minuteness | insignificance
N1,哉,サイ | かな | や,how | what | alas | question mark | exclamation mark
N1,俸,ホウ,stipend | salary
N1,謡,ヨウ | うた.い | うた.う,song | sing | ballad | noh chanting
N1,渇,カツ | かわ.く,thirst | dry up | parch
N1,舜,シュン,type of morning glory | rose of Sharon | althea
N1,第,ダイ | テイ,No. | residence
N1,瞬,シュン | またた.く | まじろ.ぐ,wink | blink | twinkle
N1,栗,リツ | リ | くり | おののく,chestnut
N1,錬,レン | ね.る,tempering | refine | drill | train | polish
N1,殻,カク | コク | バイ | から | がら,husk | nut shell
N1,殴,オウ | なぐ.る,assault | hit | beat | thrash
N1,裂,レツ | さ.く | さ.ける | ~ぎ.れ,split | rend | tear
N1,慧,ケイ | エ | さとい,wise
N1,沖,チュウ | おき | おきつ | ちゅう.する | わく,open sea | offing | rise high into sky
N1,俊,シュン,sagacious | genius | excellence
N1,虎,コ | とら,tiger | drunkard
N1,麟,リン,Chinese unicorn | genius | giraffe | bright | shining
N1,琉,リュウ | ル,precious stone | gem | lapis lazuli
N1,漆,シツ | うるし,lacquer | varnish | seven
N1,粋,スイ | いき,chic | style | purity | essence | pith | cream | elite | choice
N1,訳,ヤク | わけ,translate | reason | circumstance | case
N1,逮,タイ,apprehend | chase
N1,潟,セキ | かた | ~がた,lagoon
N1,頌,ショウ | ジュ | ヨウ | かたち | たた.える | ほめ.る,eulogy
N1,囚,シュウ | とら.われる,captured | criminal | arrest | catch
N1,透,トウ | す.く | す.かす | す.ける | とう.る | とう.す,transparent | permeate | filter | penetrate
N1,椎,ツイ | スイ | つち | う.つ,chinquapin | mallet | spine
N1,伍,ゴ | いつつ,five | five-man squad | file | line
N1,嘱,ショク | しょく.する | たの.む,entrust | request | send a message
N1,較,カク | コウ | くら.べる,contrast | compare
N1,樹,ジュ | き,timber | trees | wood | establish | set up
N1,奪,ダツ | うば.う,rob | take by force | snatch away | dispossess | plunder | usurp
N1,崎,キ | さき | さい | みさき,promontory | cape | spit
N1,凌,リョウ | しの.ぐ,endure | keep (rain)out | stave off | tide over | defy | slight | surpass
N1,幹,カン | みき,tree trunk | main part | talent | capability
N1,壱,イチ | イツ | ひとつ,one (in documents)
N1,升,ショウ | ます,measuring box | 1.8 liter
N1,房,ボウ | ふさ,tassel | tuft | fringe | bunch | lock (hair) | segment (orange) | house | room
N1,肺,ハイ,lungs
N1,砕,サイ | くだ.く | くだ.ける,smash | break | crush | familiar | popular
N1,嵩,スウ | シュウ | かさ | かさ.む | たか.い,be aggravated | grow worse | grow bulky | swell
N1,響,キョウ | ひび.く,echo | sound | resound | ring | vibrate
N1,冗,ジョウ,superfluous | uselessness
N1,仮,カ | ケ | かり | かり~,sham | temporary | interim | assumed (name) | informal
N1,盤,バン,tray | shallow bowl | platter | tub | board | phonograph record
N1,穀,コク,cereals | grain
N1,廷,テイ,courts | imperial court | government office
N1,詠,エイ | よ.む | うた.う,recitation | poem | song | composing
N1,冒,ボウ | おか.す,risk | face | defy | dare | damage | assume (a name)
N1,峰,ホウ | みね | ね,summit | peak
N1,稚,チ | ジ | いとけない | おさない | おくて | おでる,immature | young
N1,酉,ユウ | とり,west | bird | sign of the bird | 5-7PM | tenth sign of Chinese zodiac | sake radical (no. 164)
N1,墳,フン,tomb | mound
N1,滉,コウ | ひろ.い,deep and broad
N1,懸,ケン | ケ | か.ける | か.かる,state of suspension | hang | depend | consult | distant | far apart
N1,塁,ルイ | ライ | スイ | とりで,bases | fort | rampart | walls | base(ball)
N1,託,タク | かこつ.ける | かこ.つ | かこ.つける,consign | requesting | entrusting with | pretend | hint
N1,暖,ダン | ノン | あたた.か | あたた.かい | あたた.まる | あたた.める,warmth
N1,詳,ショウ | くわ.しい | つまび.らか,detailed | full | minute | accurate | well-informed
N1,竣,ドウ | シュン | わらわ | わらべ | おわ.る,end | finish
N1,拷,ゴウ,torture | beat
N1,奉,ホウ | ブ | たてまつ.る | まつ.る | ほう.ずる,observance | offer | present | dedicate
N1,娠,シン,with child | pregnancy
N1,伐,バツ | ハツ | カ | ボチ | き.る | そむ.く | う.つ,fell | strike | attack | punish
N1,嘆,タン | なげ.く | なげ.かわしい,sigh | lament | moan | grieve | sigh of admiration
N1,甲,コウ | カン | きのえ,armor | high (voice) | A grade | first class | former | instep | carapace
N1,歓,カン | よろこ.ぶ,delight | joy
N1,臨,リン | のぞ.む,look to | face | meet | confront | attend | call on
N1,梢,ショウ | こずえ | くすのき,treetops | twig
N1,跳,チョウ | は.ねる | と.ぶ | ~と.び,hop | leap up | spring | jerk | prance | buck | splash | sputter | snap
N1,析,セキ,chop | divide | tear | analyze
N1,臭,シュウ | くさ.い | ~くさ.い | にお.う | にお.い,stinking | ill-smelling | suspicious looking | odor | savor | fragrance | be fragrant | stink | glow | be bright
N1,貢,コウ | ク | みつ.ぐ,tribute | support | finance
N1,浦,ホ | うら,bay | creek | inlet | gulf | beach | seacoast
N1,蛍,ケイ | ほたる,lightning-bug | firefly
N1,莞,カン | い,smiling | reed used to cover tatami
N1,燎,リョウ | かがりび,burn | bonfire
N1,紗,サ | シャ | うすぎぬ,gauze | gossamer
N1,唄,バイ | うた | うた.う,song | ballad
N1,藩,ハン,clan | enclosure
N1,衆,シュウ | シュ | おお.い,masses | great numbers | multitude | populace
N1,挙,キョ | あ.げる | あ.がる | こぞ.る,raise | plan | project | behavior | actions
N1,株,シュ | かぶ,stocks | stump | shares | stock | counter for small plants
N1,染,セン | そ.める | ~ぞ.め | ~ぞめ | そ.まる | し.みる | ~じ.みる | し.み | ~し.める,dye | color | paint | stain | print
N1,遵,ジュン,abide by | follow | obey | learn
N1,妊,ニン | ジン | はら.む | みごも.る,pregnancy
N1,溝,コウ | みぞ,gutter | ditch | sewer | drain | 10**32
N1,尽,ジン | サン | つ.くす | ~つ.くす | ~づ.くし | ~つ.く | ~づ.く | ~ず.く | つ.きる | つ.かす | さかづき | ことごと.く | つか | つき,exhaust | use up | run out of | deplete | befriend | serve
N1,菊,キク,chrysanthemum
N1,禎,テイ | さいわ.い,happiness | blessed | good fortune | auspicious
N1,帳,チョウ | とばり,notebook | account book | album | curtain | veil | net | tent
N1,為,イ | ため | な.る | な.す | す.る | たり | つく.る | なり,do | change | make | benefit | welfare | be of use | reach to | try | practice | cost | serve as | good | advantage | as a result of
N1,携,ケイ | たずさ.える | たずさ.わる,portable | carry (in hand) | armed with | bring along
N1,就,シュウ | ジュ | つ.く | つ.ける,concerning | settle | take position | depart | study | per
N1,浄,ジョウ | セイ | きよ.める | きよ.い,clean | purify | cleanse | exorcise | Manchu Dynasty
N1,称,ショウ | たた.える | とな.える | あ.げる | かな.う | はか.り | はか.る | ほめ.る,appellation | praise | admire | name | title | fame
N1,烈,レツ | はげ.しい,ardent | violent | vehement | furious | severe | extreme
N1,凜,リン | きびし.い,cold | strict | severe
N1,培,バイ | つちか.う,cultivate | foster
N1,箇,カ | コ,counter for articles
N1,匡,キョウ | オウ | すく.う,correct | save | assist
N1,推,スイ | お.す,conjecture | infer | guess | suppose | support | push (for)
N1,訴,ソ | うった.える,accusation | sue | complain of pain | appeal to
N1,鯛,チョウ | たい,sea bream | red snapper
N1,証,ショウ | あかし,evidence | proof | certificate
N1,紬,チュウ | つむぎ | つむ.ぐ,pongee (a knotted silk cloth)
N1,緊,キン | し.める | し.まる,tense | solid | hard | reliable | tight
N1,寧,ネイ | むし.ろ,rather | preferably | peaceful | quiet | tranquility
N1,頻,ヒン | しき.りに,repeatedly | recur
N1,松,ショウ | まつ,pine tree
N1,概,ガイ | おおむ.ね,outline | condition | approximation | generally
N1,湧,ユウ | ヨウ | ユ | わ.く,boil | ferment | seethe | uproar | breed
N1,辰,シン | ジン | たつ,sign of the dragon | 7-9AM | fifth sign of Chinese zodiac | shin dragon radical (no. 161)
N1,矛,ム | ボウ | ほこ,halberd | arms | festival float
N1,壊,カイ | エ | こわ.す | こわ.れる | やぶ.る,demolition | break | destroy
N1,序,ジョ | つい.で | ついで,preface | beginning | order | precedence | occasion | chance | incidentally
N1,裸,ラ | はだか,naked | nude | uncovered | partially clothed
N1,鉢,ハチ | ハツ,bowl | rice tub | pot | crown
N1,蚕,サン | テン | かいこ | こ,silkworm
N1,斤,キン,axe | 1.32 lb | catty | counter for loaves of bread | axe radical (no. 69)
N1,滝,ロウ | ソウ | たき,waterfall | rapids | cascade
N1,忌,キ | い.む | い.み | い.まわしい,mourning | abhor | detestable | death anniversary
N1,畔,ハン | あぜ | くろ | ほとり,paddy ridge | levee
N1,宴,エン | うたげ,banquet | feast | party
N1,享,キョウ | コウ | う.ける,enjoy | receive | undergo | answer (phone) | take | get | catch
N1,盛,セイ | ジョウ | も.る | さか.る | さか.ん,boom | prosper | copulate
N1,唯,ユイ | イ | ただ,solely | only | merely | simply
N1,斥,セキ | しりぞ.ける,reject | retreat | recede | withdraw | repel | repulse
N1,繕,ゼン | つくろ.う,darning | repair | mend | trim | tidy up | adjust
N1,沢,タク | さわ | うるお.い | うるお.す | つや,swamp | marsh | brilliance | grace
N1,修,シュウ | シュ | おさ.める | おさ.まる,discipline | conduct oneself well | study | master
N1,曹,ソウ | ゾウ,office | official | comrade | fellow
N1,啓,ケイ | ひら.く | さと.す,disclose | open | say
N1,陵,リョウ | みささぎ,mausoleum | imperial tomb | mound | hill
N1,衛,エイ | エ,defense | protection
N1,遥,ヨウ | はる.か,far off | distant | long ago
N1,遭,ソウ | あ.う | あ.わせる,encounter | meet | party | association | interview | join
N1,悟,ゴ | さと.る,enlightenment | perceive | discern | realize | understand
N1,絃,ゲン | いと,string | cord | samisen music
N1,誉,ヨ | ほま.れ | ほ.める,reputation | praise | honor | glory
N1,譜,フ,musical score | music | note | staff | table | genealogy
N1,隣,リン | とな.る | となり,neighboring
N1,沼,ショウ | ぬま,marsh | lake | bog | swamp | pond
N1,盟,メイ,alliance | oath
N1,傷,ショウ | きず | いた.む | いた.める,wound | hurt | injure | impair | pain | injury | cut | gash | scar | weak point
N1,腸,チョウ | はらわた | わた,intestines | guts | bowels | viscera
N1,壁,ヘキ | かべ,wall | lining (stomach) | fence
N1,敢,カン | あ.えて | あ.えない | あ.えず,daring | brave | bold | sad | tragic | pitiful
N1,暫,ザン | しばら.く,temporarily | a while | moment | long time
N1,楠,ナン | ダン | ゼン | ネン | くす | くすのき,camphor tree
N1,償,ショウ | つぐな.う,reparation | make up for | recompense | redeem
N1,藻,ソウ | も,seaweed | duckweed
N1,亥,ガイ | カイ | い,sign of the hog | 9-11PM | twelfth sign of the Chinese zodiac
N1,銘,メイ,inscription | signature (of artisan)
N1,槽,ソウ | ふね,vat | tub | tank
N1,抵,テイ,resist | reach | touch
N1,債,サイ,bond | loan | debt
N1,旗,キ | はた,national flag | banner | standard
N1,孔,コウ | ク | あな,cavity | hole | slit | very | great | exceedingly
N1,峡,キョウ | コウ | はざま,gorge | ravine
N1,沿,エン | そ.う | ~ぞ.い,run alongside | follow along | run along | lie along
N1,珠,シュ | たま,pearl | gem | jewel
N1,系,ケイ,lineage | system
N1,旭,キョク | あさひ,rising sun | morning sun
N1,翻,ホン | ハン | ひるがえ.る | ひるがえ.す,flip | turn over | wave | flutter | change (mind)
N1,欺,ギ | あざむ.く,deceit | cheat | delude
N1,扇,セン | おうぎ,fan | folding fan
N1,瞭,リョウ | あきらか,clear
N1,貴,キ | たっと.い | とうと.い | たっと.ぶ | とうと.ぶ,precious | value | prize | esteem | honor
N1,融,ユウ | と.ける | と.かす,dissolve | melt
N1,紡,ボウ | つむ.ぐ,spinning
N1,鵬,ホウ | おおとり,phoenix
N1,添,テン | そ.える | そ.う,annexed | accompany | marry | suit | meet | satisfy | attach | append | garnish | imitate
N1,熊,ユウ | くま,bear
N1,翠,スイ | かわせみ | みどり,green | kingfisher
N1,履,リ | は.く,perform | complete | footgear | shoes | boots | put on (the feet)
N1,氏,シ | うじ | ~うじ,family name | surname | clan
N1,鶴,カク | つる,crane | stork
N1,孟,モウ | ボウ | ミョウ | かしら,chief | beginning
N1,桜,オウ | ヨウ | さくら,cherry
N1,畝,ボウ | ホ | モ | ム | せ | うね,furrow | thirty tsubo | ridge | rib
N1,匁,もんめ | め,monme | 3.75 grams | (kokuji)
N1,宏,コウ | ひろ.い,wide | large
N1,施,シ | セ | ほどこ.す,give | bestow | perform | alms
N1,炉,ロ | いろり,hearth | furnace | kiln | reactor
N1,偲,サイ | シ | しの.ぶ,recollect | remember
N1,暉,キ | かが.やく,shine | light
N1,偽,ギ | カ | いつわ.る | にせ | いつわ.り,falsehood | lie | deceive | pretend | counterfeit | forgery
N1,俳,ハイ,haiku | actor
N1,賄,ワイ | まかな.う,bribe | board | supply | finance
N1,剣,ケン | つるぎ,sabre | sword | blade | clock hand
N1,塑,ソ | でく,model | molding
N1,践,セン | ふ.む,tread | step on | trample | practice | carry through
N1,視,シ | み.る,inspection | regard as | see | look at
N1,締,テイ | し.まる | し.まり | し.める | ~し.め | ~じ.め,tighten | tie | shut | lock | fasten
N1,悔,カイ | く.いる | く.やむ | くや.しい,repent | regret
N1,義,ギ,righteousness | justice | morality | honor | loyalty | meaning
N1,窯,ヨウ | かま,kiln | oven | furnace
N1,功,コウ | ク | いさお,achievement | merits | success | honor | credit
N1,踏,トウ | ふ.む | ふ.まえる,step | trample | carry through | appraise | evade payment
N1,扱,ソウ | キュウ | あつか.い | あつか.う | あつか.る | こ.く,handle | entertain | thresh | strip
N1,威,イ | おど.す | おど.し | おど.かす,intimidate | dignity | majesty | menace | threaten
N1,麿,まろ,I | you | (kokuji)
N1,芙,フ,lotus | Mt Fuji
N1,器,キ | うつわ,utensil | vessel | receptacle | implement | instrument | ability | container | tool | set
N1,井,セイ | ショウ | い,well | well crib | town | community
N1,卑,ヒ | いや.しい | いや.しむ | いや.しめる,lowly | base | vile | vulgar
N1,克,コク | か.つ,overcome | kindly | skillfully
N1,慰,イ | なぐさ.める | なぐさ.む,consolation | amusement | seduce | cheer | make sport of | comfort | console
N1,監,カン,oversee | official | govt office | rule | administer
N1,茉,マツ | バツ | マ,jasmine
N1,司,シ | つかさど.る,director | official | govt office | rule | administer
N1,殊,シュ | こと,particularly | especially | exceptionally
N1,閣,カク,tower | tall building | palace
N1,伊,イ | かれ,Italy | that one
N1,酌,シャク | く.む,bar-tending | serving sake | the host | draw (water) | ladle | scoop | pump
N1,鎌,レン | ケン | かま,sickle | scythe | trick
N1,匠,ショウ | たくみ,artisan | workman | carpenter
N1,郭,カク | くるわ,enclosure | quarters | fortification | red-light district
N1,喝,カツ,hoarse | scold
N1,碩,セキ | おお.きい,large | great | eminent
N1,洸,コウ,sparkling water
N1,稔,ネン | ジン | ニン | みの.る | みのり,harvest | ripen
N1,虞,グ | おそれ | おもんぱか.る | はか.る | うれ.える | あざむ.く | あやま.る | のぞ.む | たの.しむ,fear | uneasiness | anxiety | concern | expectation | consideration
N1,謀,ボウ | ム | はか.る | たばか.る | はかりごと,conspire | cheat | impose on | plan | devise | scheme | have in mind | deceive
N1,勲,クン | いさお,meritorious deed | merit
N1,郁,イク,cultural progress | perfume
N1,拳,ケン | ゲン | こぶし,fist
N1,冠,カン | かんむり,crown | best | peerless
N1,刈,ガイ | カイ | か.る,reap | cut | clip | trim | prune
N1,茄,カ,eggplant
N1,詔,ショウ | みことのり,imperial edict
N1,堪,カン | タン | た.える | たま.る | こら.える | こた.える,withstand | endure | support | resist
N1,繰,ソウ | く.る,winding | reel | spin | turn (pages) | look up | refer to
N1,彫,チョウ | ほ.る | ~ぼ.り,carve | engrave | chisel
N1,郷,キョウ | ゴウ | さと,home town | village | native place | district
N1,濫,ラン | みだ.りに | みだ.りがましい,excessive | overflow | spread out
N1,襲,シュウ | おそ.う | かさ.ね,attack | advance on | succeed to | pile | heap
N1,奇,キ | く.しき | あや.しい | くし | めずら.しい,strange | strangeness | curiosity
N1,尉,イ | ジョウ,military officer | jailer | old man | rank
N1,姫,キ | ひめ | ひめ~,princess
N1,祉,シ,welfare | happiness
N1,駄,ダ | タ,burdensome | pack horse | horse load | send by horse | trivial | worthless
N1,陰,イン | かげ | かげ.る,shade | yin | negative | sex organs | secret | shadow
N1,蚊,ブン | か,mosquito
N1,亦,エキ | ヤク | また,also | again
N1,爾,ジ | ニ | なんじ | しかり | その | のみ | おれ | しか,you | thou | second person
N1,災,サイ | わざわ.い,disaster | calamity | woe | curse | evil
N1,聴,チョウ | テイ | き.く | ゆる.す,listen | headstrong | naughty | careful inquiry
N1,醜,シュウ | みにく.い | しこ,ugly | unclean | shame | bad looking
N1,秀,シュウ | ひい.でる,excel | excellence | beauty | surpass
N1,暇,カ | ひま | いとま,spare time | rest | leisure | time | leave of absence
N1,玄,ゲン | くろ | くろ.い,mysterious | occultness | black | deep | profound
N1,康,コウ,ease | peace
N1,佳,カ,excellent | beautiful | good | pleasing | skilled
N1,整,セイ | ととの.える | ととの.う,organize | arranging | tune | tone | meter | key (music)
N1,充,ジュウ | あ.てる | み.たす,allot | fill
N1,宥,ユウ | なだ.める | ゆる.す,soothe | calm | pacify
N1,藤,トウ | ドウ | ふじ,wisteria
N1,蛇,ジャ | ダ | イ | ヤ | へび,snake | serpent | hard drinker
N1,磯,キ | いそ,seashore | beach
N1,慈,ジ | いつく.しむ,mercy
N1,侮,ブ | あなど.る | あなず.る,scorn | despise | make light of | contempt
N1,黛,タイ | まゆずみ,blackened eyebrows
N1,亜,ア | つ.ぐ,Asia | rank next | come after | -ous
N1,忍,ニン | しの.ぶ | しの.ばせる,endure | bear | put up with | conceal | secrete | spy | sneak
N1,欣,キン | ゴン | コン | よろこ.ぶ | よろこ.び,take pleasure in | rejoice
N1,梅,バイ | うめ,plum
N1,扶,フ | たす.ける,aid | help | assist
N1,恭,キョウ | うやうや.しい,respect | reverent
N1,滑,カツ | コツ | すべ.る | なめ.らか,slippery | slide | slip | flunk
N1,佐,サ,assistant | help
N1,紋,モン,family crest | figures
N1,毬,キュウ | いが | まり,burr | ball
N1,猛,モウ,fierce | rave | rush | become furious | wildness | strength
N1,津,シン | つ,haven | port | harbor | ferry
N1,磁,ジ,magnet | porcelain
N1,伎,ギ | キ | わざ | わざおぎ,deed | skill
N1,侍,ジ | シ | さむらい | はべ.る,waiter | samurai | wait upon | serve
N1,懲,チョウ | こ.りる | こ.らす | こ.らしめる,penal | chastise | punish | discipline
N1,銃,ジュウ | つつ,gun | arms
N1,街,ガイ | カイ | まち,boulevard | street | town
N1,遷,セン | うつ.る | うつ.す | みやこがえ,transition | move | change
N1,晨,シン | あした | とき | あさ,morning | early
N1,却,キャク | かえ.って | しりぞ.く | しりぞ.ける,instead | on the contrary | rather | step back | withdraw | retreat
N1,彬,ヒン | フン | うるわ.しい | あき.らか,refined | gentle
N1,魅,ミ,fascination | charm | bewitch
N1,覇,ハ | ハク | はたがしら,hegemony | supremacy | leadership | champion
N1,逝,セイ | ゆ.く | い.く,departed | die
N1,垂,スイ | た.れる | た.らす | た.れ | ~た.れ | なんなんと.す,droop | suspend | hang | slouch
N1,提,テイ | チョウ | ダイ | さ.げる,propose | take along | carry in hand
N1,只,シ | ただ,only | free | in addition
N1,巣,ソウ | す | す.くう,nest | rookery | hive | cobweb | den
N1,脚,キャク | キャ | カク | あし,skids | leg | undercarriage | lower part | base
N1,宣,セン | のたま.う,proclaim | say | announce
N1,耀,ヨウ | かがや.く | ひかり,shine | sparkle | gleam | twinkle
N1,窒,チツ,plug up | obstruct
N1,隼,シュン | ジュン | はやぶさ,falcon
N1,弘,コウ | グ | ひろ.い,vast | broad | wide
N1,枠,わく,frame | framework | spindle | spool | bounding-box | (kokuji)
N1,眸,ボウ | ム | ひとみ,pupil of the eye
N1,晃,コウ | あきらか,clear
N1,耐,タイ | た.える,-proof | enduring
N1,薪,シン | たきぎ | まき,fuel | firewood | kindling
N1,郡,グン | こおり,county | district
N1,抗,コウ | あらが.う,confront | resist | defy | oppose
N1,騎,キ,equestrian | riding on horses | counter for equestrians
N1,択,タク | えら.ぶ,choose | select | elect | prefer
N1,蕉,ショウ,banana | plantain
N1,惑,ワク | まど.う,beguile | delusion | perplexity
N1,嫁,カ | よめ | とつ.ぐ | い.く | ゆ.く,marry into | bride
N1,討,トウ | う.つ,chastise | attack | defeat | destroy | conquer
N1,遺,イ | ユイ | のこ.す,bequeath | leave behind | reserve
N1,彦,ゲン | ひこ,lad | boy (ancient)
N1,抄,ショウ,extract | selection | summary | copy | spread thin
N1,敵,テキ | かたき | あだ | かな.う,enemy | foe | opponent
N1,価,カ | ケ | あたい,value | price
N1,尺,シャク,shaku | Japanese foot | measure | scale | rule
N1,輝,キ | かがや.く,radiance | shine | sparkle | gleam | twinkle
N1,誼,ギ | よしみ | よい,friendship | intimacy
N1,儒,ジュ,Confucian
N1,獄,ゴク,prison | jail
N1,茂,モ | しげ.る,overgrown | grow thick | be luxuriant
N1,径,ケイ | みち | こみち | さしわたし | ただちに,diameter | path | method
N1,瑚,コ | ゴ,ancestral offering receptacle | coral
N1,圏,ケン | かこ.い,sphere | circle | radius | range
N1,堀,クツ | ほり,ditch | moat | canal
N1,琢,タク | みが.く,polish
N1,鎮,チン | しず.める | しず.まる | おさえ,tranquilize | ancient peace-preservation centers
N1,措,ソ | お.く,set aside | give up | suspend | discontinue | lay aside | except
N1,稿,コウ | わら | したがき,draft | copy | manuscript | straw
N1,霧,ム | ボウ | ブ | きり,fog | mist
N1,怪,カイ | ケ | あや.しい | あや.しむ,suspicious | mystery | apparition
N1,鯨,ゲイ | くじら,whale
N1,頒,ハン | わか.つ,distribute | disseminate | partition | understand
N1,駒,ク | こま,pony | horse | colt
N1,伴,ハン | バン | ともな.う,consort | accompany | bring with | companion
N1,標,ヒョウ | しるべ | しるし,signpost | seal | mark | stamp | imprint | symbol | emblem | trademark | evidence | souvenir | target
N1,縛,バク | しば.る,truss | arrest | bind | tie | restrain
N1,猶,ユウ | ユ | なお,furthermore | still | yet
N1,尾,ビ | お,tail | end | counter for fish | lower slope of mountain
N1,貞,テイ | さだ,upright | chastity | constancy | righteousness
N1,酷,コク | ひど.い,cruel | severe | atrocious | unjust
N1,舎,シャ | セキ | やど.る,cottage | inn | hut | house | mansion
N1,殖,ショク | ふ.える | ふ.やす,augment | increase | multiply | raise
N1,棺,カン,coffin | casket
N1,喬,キョウ | たか.い,high | boasting
N1,幕,マク | バク | とばり,curtain | bunting | act of play
N1,慶,ケイ | よろこ.び,jubilation | congratulate | rejoice | be happy
N1,宰,サイ,superintend | manager | rule
N1,糾,キュウ | ただ.す,twist | ask | investigate | verify
N1,巡,ジュン | めぐ.る | めぐ.り,patrol | go around | circumference
N1,尼,ニ | あま,nun
N1,影,エイ | かげ,shadow | silhouette | phantom
N1,雅,ガ | みや.び,gracious | elegant | graceful | refined
N1,欽,キン | コン | つつし.む,respect | revere | long for
N1,帥,スイ,commander | leading troops | governor
N1,陪,バイ,obeisance | follow | accompany | attend on
N1,豪,ゴウ | えら.い,overpowering | great | powerful | excelling | Australia
N1,誕,タン,nativity | be born | declension | lie | be arbitrary
N1,昂,コウ | ゴウ | あ.がる | たか.い | たか.ぶる,rise
N1,隔,カク | へだ.てる | へだ.たる,isolate | alternate | distance | separate | gulf
N1,祐,ユウ | ウ | たす.ける,help
N1,丁,チョウ | テイ | チン | トウ | チ | ひのと,"street | ward | town | counter for guns, tools, leaves or cakes of something | even number | 4th calendar sign"
N1,錘,スイ | つむ | おもり,weight | plumb bob | sinker | spindle
N1,還,カン | かえ.る,send back | return
N1,滅,メツ | ほろ.びる | ほろ.ぶ | ほろ.ぼす,destroy | ruin | overthrow | perish
N1,挑,チョウ | いど.む,challenge | contend for | make love to
N1,闘,トウ | たたか.う | あらそ.う,fight | war
N1,隆,リュウ,hump | high | noble | prosperity
N1,酔,スイ | よ.う | よ.い | よ,drunk | feel sick | poisoned | elated | spellbound
N1,結,ケツ | ケチ | むす.ぶ | ゆ.う | ゆ.わえる,tie | bind | contract | join | organize | do up hair | fasten
N1,堤,テイ | つつみ,dike | bank | embankment
N1,硝,ショウ,nitrate | saltpeter
N1,誘,ユウ | さそ.う | いざな.う,entice | lead | tempt | invite | ask | call for | seduce | allure
N1,宗,シュウ | ソウ | むね,religion | sect | denomination | main point | origin | essence
N1,徐,ジョ | おもむ.ろに,gradually | slowly | deliberately | gently
N1,睦,ボク | モク | むつ.まじい | むつ.む | むつ.ぶ,intimate | friendly | harmonious
N1,糧,リョウ | ロウ | かて,provisions | food | bread
N1,祥,ショウ | さいわ.い | きざ.し | よ.い | つまび.らか,auspicious | happiness | blessedness | good omen | good fortune
N1,顕,ケン | あきらか | あらわ.れる,appear | existing
N1,汰,タ | タイ | おご.る | にご.る | よな.げる,washing | sieving | filtering | weeding out | luxury
N1,閲,エツ | けみ.する,review | inspection | revision
N1,窃,セツ | ぬす.む | ひそ.か,stealth | steal | secret | private | hushed
N1,眺,チョウ | なが.める,stare | watch | look at | see | scrutinize
N1,継,ケイ | つ.ぐ | まま~,inherit | succeed | continue | patch | graft (tree)
N1,李,リ | すもも,plum
N1,甫,ホ | フ | はじ.めて,for the first time | not until
N1,廊,ロウ,corridor | hall | tower
N1,飼,シ | か.う,domesticate | raise | keep | feed
N1,伽,カ | ガ | キャ | ギャ | とぎ,nursing | attending | entertainer
N1,嶺,レイ | リョウ | みね,peak | summit
N1,兼,ケン | か.ねる | ~か.ねる,concurrently | and | beforehand | in advance
N1,拍,ハク | ヒョウ,clap | beat (music)
N1,坪,ヘイ | つぼ,two-mat area | approx. thirty-six sq ft
N1,雄,ユウ | お~ | おす | おん,masculine | male | hero | leader | superiority | excellence
N1,赳,キュウ,strong and brave
N1,陣,ジン,camp | battle array | ranks | position | sudden | brief time
N1,乃,ナイ | ダイ | ノ | アイ | の | すなわ.ち | なんじ,from | possessive particle | whereupon | accordingly
N1,嚇,カク | おど.す,menacing | dignity | majesty | threaten
N1,訟,ショウ,sue | accuse
N1,槙,テン | シン | まき | こずえ,twig | ornamental evergreen
N1,惇,シュン | ジュン | トン | あつ.い,sincere | kind | considerate
N1,括,カツ | くく.る,fasten | tie up | arrest | constrict
N1,但,タン | ただ.し,however | but
N1,呈,テイ,display | offer | present | send | exhibit
N1,避,ヒ | さ.ける | よ.ける,evade | avoid | avert | ward off | shirk | shun
N1,玖,キュウ | ク,beautiful black jewel | nine
N1,爵,シャク,baron | peerage | court rank
N1,絞,コウ | しぼ.る | し.める | し.まる,strangle | constrict | wring
N1,奏,ソウ | かな.でる,play music | speak to a ruler | complete
N1,稲,トウ | テ | いね | いな~,rice plant
N1,盾,ジュン | たて,shield | escutcheon | pretext
N1,悦,エツ | よろこ.ぶ | よろこ.ばす,ecstasy | joy | rapture
N1,罰,バツ | バチ | ハツ | ばっ.する,penalty | punishment
N1,控,コウ | ひか.える | ひか.え,withdraw | draw in | hold back | refrain from | be moderate
N1,契,ケイ | ちぎ.る,pledge | promise | vow
N1,亨,コウ | キョウ | ホウ | とお.る,pass through | go smoothly
N1,瑳,サ | みが.く,polish | brilliant white luster of a gem | artful smile
N1,保,ホ | ホウ | たも.つ,protect | guarantee | keep | preserve | sustain | support
N1,禅,ゼン | セン | しずか | ゆず.る,Zen | silent meditation
N1,漱,ソウ | シュウ | ス | くちすす.ぐ | くちそそ.ぐ | うがい | すす.ぐ,gargle | rinse mouth
N1,賓,ヒン,V.I.P. | guest
N1,遇,グウ | あ.う,meet | encounter | interview | treat | entertain | receive | deal with
N1,唇,シン | くちびる,lips
N1,閥,バツ,clique | lineage | pedigree | faction | clan
N1,酢,サク | す,vinegar | sour | acid | tart
N1,桂,ケイ | かつら,Japanese Judas-tree | cinnamon tree
N1,翁,オウ | おきな,venerable old man
N1,恩,オン,grace | kindness | goodness | favor | mercy | blessing | benefit
N1,蕗,ロ | ル | ふき,butterbur | bog rhubarb
N1,又,ユウ | また | また~ | また.の~,or again | furthermore | on the other hand
N1,弔,チョウ | とむら.う | とぶら.う,condolences | mourning | funeral
N1,秩,チツ,regularity | salary | order
N1,隷,レイ | したが.う | しもべ,slave | servant | prisoner | criminal | follower
N1,丹,タン | に,rust-colored | red | red lead | pills | sincerity
N1,詩,シ | うた,poem | poetry
N1,倫,リン,ethics | companion
N1,宙,チュウ,mid-air | air | space | sky | memorization | interval of time
N1,猟,リョウ | かり | か.る,game-hunting | shooting | game | bag
N1,揚,ヨウ | あ.げる | ~あ.げ | あ.がる,raise | elevate | hoist | praise | extol | fry in deep fat
N1,飢,キ | う.える,hungry | starve
N1,啄,タク | ツク | トク | ついば.む | つつ.く,peck | pick up
N1,煩,ハン | ボン | わずら.う | わずら.わす | うるさ.がる | うるさ.い,anxiety | trouble | worry | pain | ill | annoy | nuisance | irksome
N1,轄,カツ | くさび,control | wedge
N1,及,キュウ | およ.ぶ | およ.び | および | およ.ぼす,reach out | exert | exercise | cause
N1,擦,サツ | す.る | す.れる | ~ず.れ | こす.る | こす.れる,grate | rub | scratch | scrape | chafe | scour
N1,鍛,タン | きた.える,forge | discipline | train
N1,縫,ホウ | ぬ.う,sew | stitch | embroider
N1,姻,イン,matrimony | marry
N1,熟,ジュク | う.れる,mellow | ripen | mature | acquire skill
N1,志,シ | シリング | こころざ.す | こころざし,intention | plan | resolve | aspire | motive | hopes | shilling
N1,葬,ソウ | ほうむ.る,interment | bury | shelve
N1,派,ハ,faction | group | party | clique | sect | school
N1,彩,サイ | いろど.る,coloring | paint | makeup
N1,朱,シュ | あけ,vermilion | cinnabar | scarlet | red | bloody
N1,製,セイ,made in... | manufacture
N1,緩,カン | ゆる.い | ゆる.やか | ゆる.む | ゆる.める,slacken | loosen | relax | lessen | be moderate | ease
N1,展,テン,unfold | expand
N1,弊,ヘイ,abuse | evil | vice | breakage
N1,倖,コウ | しあわ.せ | さいわ.い,happiness | luck
N1,琴,キン | こと,harp | koto
N1,尋,ジン | たず.ねる | ひろ,inquire | fathom | look for
N1,渦,カ | うず,whirlpool | eddy | vortex
N1,楼,ロウ | たかどの,watchtower | lookout | high building
N1,源,ゲン | みなもと,source | origin
N1,圭,ケイ | ケ,square jewel | corner | angle | edge
N1,麗,レイ | うるわ.しい | うら.らか,lovely | beautiful | graceful | resplendent
N1,錦,キン | にしき,brocade | fine dress | honors
N1,嬢,ジョウ | むすめ,lass | girl | Miss | daughter
N1,晶,ショウ,sparkle | clear | crystal
N1,綺,キ | あや,figured cloth | beautiful
N1,巳,シ | み,sign of the snake or serpent | 9-11AM | sixth sign of Chinese zodiac
N1,壇,ダン | タン,podium | stage | rostrum | terrace
N1,驚,キョウ | おどろ.く | おどろ.かす,wonder | be surprised | frightened | amazed
N1,庸,ヨウ,commonplace | ordinary | employment
N1,愚,グ | おろ.か,foolish | folly | absurdity | stupid
N1,魂,コン | たましい | たま,soul | spirit
N1,如,ジョ | ニョ | ごと.し,likeness | like | such as | as if | better | best | equal
N1,距,キョ | へだ.たる | けづめ,long-distance | spur | fetlock
N1,蒔,シ | ジ | う.える | ま.く,sow (seeds)
N1,竜,リュウ | リョウ | ロウ | たつ | いせ,dragon | imperial
N1,侃,カン | つよ.い,strong | just | righteous | peace-loving
N1,覆,フク | おお.う | くつがえ.す | くつがえ.る,capsize | cover | shade | mantle | be ruined
N1,蒼,ソウ | あお.い,blue | pale
N1,伏,フク | ふ.せる | ふ.す,prostrated | bend down | bow | cover | lay (pipes)
N1,桑,ソウ | くわ,mulberry
N1,衝,ショウ | つ.く,collide | brunt | highway | opposition (astronomy) | thrust | pierce | stab | prick
N1,允,イン | じょう | まこと.に | ゆるす,license | sincerity | permit
N1,寸,スン,measurement | tenth of a shaku | a little | small
N1,赴,フ | おもむ.く,proceed | get | become | tend
N1,随,ズイ | まにま.に | したが.う,follow | though | notwithstanding | while | during | both | all | obey | submit to | comply | at the mercy of (the waves)
N1,捷,ショウ | ソウ | はや.い,victory | fast
N1,乏,ボウ | とぼ.しい | とも.しい,destitution | scarce | limited
N1,剖,ボウ,divide
N1,屈,クツ | かが.む | かが.める,yield | bend | flinch | submit
N1,悌,テイ | ダイ,serving our elders
N1,崇,スウ | あが.める,adore | respect | revere | worship
N1,獣,ジュウ | けもの | けだもの,animal | beast
N1,浩,コウ | おおき.い | ひろ.い,wide expanse | abundance | vigorous
N1,謹,キン | つつし.む,discreet | reverently | humbly
N1,褐,カツ,brown | woollen kimono
N1,誓,セイ | ちか.う,vow | swear | pledge
N1,癒,ユ | い.える | いや.す | い.やす,healing | cure | quench (thirst) | wreak
N1,頑,ガン | かたく,stubborn | foolish | firmly
N1,憩,ケイ | いこ.い | いこ.う,recess | rest | relax | repose
N1,罷,ヒ | まか.り~ | や.める,quit | stop | leave | withdraw | go
N1,慎,シン | つつし.む | つつ.ましい | つつし | つつし.み,humility | be careful | discreet | prudent
N1,幽,ユウ | ふか.い | かす.か | くら.い | しろ.い,seclude | confine to a room | deep | profound | secluded | faint | dark | tranquil | calm
N1,離,リ | はな.れる | はな.す,detach | separation | disjoin | digress
N1,簿,ボ,register | record book
N1,旨,シ | むね | うま.い,delicious | relish | show a liking for | purport | will | clever | expert
N1,紘,コウ | おおづな | つな | つなぐ,large
N1,隊,タイ,regiment | party | company | squad
N1,率,ソツ | リツ | シュツ | ひき.いる,ratio | rate | proportion | % | factor | lead | spearhead | command
N1,紫,シ | むらさき,purple | violet
N1,綱,コウ | つな,hawser | class (genus) | rope | cord | cable
N1,梧,ゴ | あおぎり,Chinese parasol tree | phoenix tree
N1,膨,ボウ | ふく.らむ | ふく.れる,swell | get fat | thick
N1,醸,ジョウ | かも.す,brew | cause
N1,旬,ジュン | シュン,decameron | ten-day period | season (for specific products)
N1,劣,レツ | おと.る,inferiority | be inferior to | be worse
N1,戒,カイ | いまし.める,commandment
N1,属,ゾク | ショク | さかん | つく | やから,belong | genus | subordinate official | affiliated
N1,炎,エン | ほのお,inflammation | flame | blaze
N1,柚,ユ | ユウ | ジク | ゆず,citron
N1,穂,スイ | ほ,ear | ear (grain) | head | crest (wave)
N1,疫,エキ | ヤク,epidemic
N1,掲,ケイ | かか.げる,put up (a notice) | put up | hoist | display | hang out | publish | describe
N1,妥,ダ,gentle | peace | depravity
N1,椿,チン | チュン | つばき,camellia
N1,衷,チュウ,inmost | heart | mind | inside
N1,凡,ボン | ハン | およ.そ | おうよ.そ | すべ.て,commonplace | ordinary | mediocre
N1,芳,ホウ | かんば.しい,perfume | balmy | favorable | fragrant
N1,懇,コン | ねんご.ろ,sociable | kind | courteous | hospitable | cordial
N1,牲,セイ,animal sacrifice | offering
N1,狩,シュ | か.る | か.り | ~が.り,hunt | raid | gather
N1,汁,ジュウ | しる | ~しる | つゆ,soup | juice | broth | sap | gravy | pus
N1,靖,セイ | ジョウ | やす.んじる,peaceful
N1,肝,カン | きも,liver | pluck | nerve | chutzpah
N1,症,ショウ,symptoms | illness
N1,澪,レイ | みお,water route | shipping channel
N1,燦,サン | さん.たる | あき.らか | きらめ.く | きら.めく,brilliant
N1,吉,キチ | キツ | よし,good luck | joy | congratulations
N1,佑,ユウ | ウ | たす.ける,help | assist
N1,柾,まさ | まさめ | まさき,straight grain | spindle tree | (kokuji)
N1,菖,ショウ,iris
N1,昭,ショウ,shining | bright
N1,慕,ボ | した.う,pining | yearn for | love dearly | adore
N1,条,ジョウ | チョウ | デキ | えだ | すじ,article | clause | item | stripe | streak
N1,潔,ケツ | いさぎよ.い,undefiled | pure | clean | righteous | gallant
N1,惰,ダ,lazy | laziness
N1,巴,ハ | ともえ | うずまき,comma-design
N1,陥,カン | おちい.る | おとしい.れる,collapse | fall into | cave in | fall (castle) | slide into
N1,鮮,セン | あざ.やか,fresh | vivid | clear | brilliant | Korea
N1,渓,ケイ | たに | たにがわ,mountain stream | valley
N1,瑛,エイ,sparkle of jewelry | crystal
N1,削,サク | けず.る | はつ.る | そ.ぐ,plane | sharpen | whittle | pare | shave
N1,覧,ラン | み.る,perusal | see
N1,媒,バイ | なこうど,mediator | go-between
N1,厄,ヤク,unlucky | misfortune | bad luck | disaster
N1,朽,キュウ | く.ちる,decay | rot | remain in seclusion
N1,昴,コウ | ボウ | すばる,the Pleiades
N1,鮎,デン | ネン | あゆ | なまず,freshwater trout | smelt
N1,岬,コウ | みさき,headland | cape | spit | promontory
N1,抽,チュウ | ひき~,pluck | pull | extract | excel
N1,栽,サイ,plantation | planting
N1,憶,オク,recollection | think | remember
N1,譲,ジョウ | ゆず.る,defer | turnover | transfer | convey
N1,秦,シン | はた,Manchu dynasty | name given to naturalized foreigners
N1,遍,ヘン | あまね.く,everywhere | times | widely | generally
N1,鶏,ケイ | にわとり | とり,chicken
N1,劾,ガイ,censure | criminal investigation
N1,袈,ケ | カ,a coarse camlet
N1,瀬,ライ | せ,rapids | current | torrent | shallows | shoal
N1,虐,ギャク | しいた.げる,tyrannize | oppress
N1,鬼,キ | おに | おに~,ghost | devil
N1,軸,ジク,axis | pivot | stem | stalk | counter for book scrolls
N1,遼,リョウ,distant
N1,蛮,バン | えびす,barbarian
N1,縄,ジョウ | なわ | ただ.す,straw rope | cord
N1,卓,タク,eminent | table | desk | high
N1,鉛,エン | なまり,lead
N1,請,セイ | シン | ショウ | こ.う | う.ける,solicit | invite | ask
N1,晋,シン | すす.む,advance
N1,綸,リン | カン | いと,thread | silk cloth
N1,娯,ゴ,recreation | pleasure
N1,暑,ショ | あつ.い,sultry | hot | summer heat
N1,憤,フン | いきどお.る,aroused | resent | be indignant | anger
N1,鋼,コウ | はがね,steel
N1,搭,トウ,board | load (a vehicle) | ride
N1,綾,リン | あや,design | figured cloth | twill
N1,偏,ヘン | かたよ.る,partial | side | left-side radical | inclining | biased
N1,陳,チン | ひ.ねる,exhibit | state | relate | explain
N1,滞,タイ | テイ | とどこお.る,stagnate | be delayed | overdue | arrears
N1,振,シン | ふ.る | ぶ.る | ふ.り | ~ぶ.り | ふ.るう,shake | wave | wag | swing
N1,謝,シャ | あやま.る,apologize | thank | refuse
N1,傘,サン | かさ,umbrella
N1,翼,ヨク | つばさ,wing | plane | flank
N1,駆,ク | か.ける | か.る,drive | run | gallop | advance | inspire | impel
N1,伯,ハク,chief | count | earl | uncle | Brazil
N1,僕,ボク | しもべ,me | I (male) | servant | manservant
N1,阻,ソ | はば.む,thwart | separate from | prevent | obstruct | deter | impede
N1,棄,キ | す.てる,abandon | throw away | discard | resign | reject | sacrifice
N1,詐,サ | いつわ.る,lie | falsehood | deceive | pretend
N1,弧,コ,arc | arch | bow
N1,噴,フン | ふ.く,erupt | spout | emit | flush out
N1,卸,シャ | おろ.す | おろし | おろ.し,wholesale
N1,紛,フン | まぎ.れる | ~まぎ.れ | まぎ.らす | まぎ.らわす | まぎ.らわしい,distract | be mistaken for | go astray | divert
N1,桃,トウ | もも,peach
N1,漠,バク,vague | obscure | desert | wide
N1,怜,レイ | レン | リョウ | あわ.れむ | さと.い,wise
N1,赦,シャ,pardon | forgiveness
N1,救,キュウ | すく.う,salvation | save | help | rescue | reclaim
N1,之,シ | の | これ | ゆく | この,of | this
N1,荘,ソウ | ショウ | チャン | ほうき | おごそ.か,villa | inn | cottage | feudal manor | solemn | dignified
N1,浸,シン | ひた.す | ひた.る,immersed | soak | dip | steep | moisten | wet | dunk
N1,睡,スイ | ねむ.る | ねむ.い,drowsy | sleep | die
N1,騰,トウ | あが.る | のぼ.る,leaping up | jumping up | rising | advancing | going
N1,励,レイ | はげ.む | はげ.ます,encourage | be diligent | inspire
N1,葵,キ | あおい,hollyhock
N1,鏡,キョウ | ケイ | かがみ,mirror | speculum | barrel-head | round rice-cake offering
N1,舗,ホ,shop | store | pave
N1,仙,セン | セント,hermit | wizard | cent
N1,沙,サ | シャ | すな | よなげる,sand
N1,墨,ボク | すみ,black ink | India ink | ink stick | Mexico
N1,宵,ショウ | よい,wee hours | evening | early night
N1,婆,バ | ばば | ばあ,old woman | grandma | wet nurse
N1,鞠,キク | キュウ | まり,ball
N1,至,シ | いた.る,climax | arrive | proceed | reach | attain | result in
N1,顧,コ | かえり.みる,look back | review | examine oneself | turn around
N1,媛,エン | ひめ,beautiful woman | princess
N1,我,ガ | われ | わ | わ.が~ | わが~,ego | I | selfish | our | oneself
N1,叶,キョウ | かな.える | かな.う,grant | answer
N1,渥,アク | あつ.い | うるお.う,kindness | moisten
N1,蘭,ラン | ラ,orchid | Holland
N1,恨,コン | うら.む | うら.めしい,regret | bear a grudge | resentment | malice | hatred
N1,侵,シン | おか.す,encroach | invade | raid | trespass | violate
N1,肥,ヒ | こ.える | こえ | こ.やす | こ.やし | ふと.る,fertilizer | get fat | fertile | manure | pamper
N1,奔,ホン | はし.る,run | bustle
N1,汐,セキ | しお | うしお | せい,eventide | tide | salt water | opportunity
N1,丘,キュウ | おか,hill | knoll
N1,亘,コウ | カン | セン | わた.る | もと.める,span | range | extend over
N1,禍,カ | わざわい,calamity | misfortune | evil | curse
N1,帆,ハン | ほ,sail
N1,既,キ | すで.に,previously | already | long ago
N1,椰,ヤ | やし,coconut tree
N1,蓄,チク | たくわ.える,amass | raise | hoard | store
N1,促,ソク | うなが.す,stimulate | urge | press | demand | incite
N1,朋,ホウ | とも,companion | friend
N1,飾,ショク | かざ.る | かざ.り,decorate | ornament | adorn | embellish
N1,痴,チ | し.れる | おろか,stupid | foolish
N1,鼓,コ | つづみ,drum | beat | rouse | muster
N1,瑞,ズイ | スイ | みず~ | しるし,congratulations
N1,索,サク,cord | rope | searching | inquiring
N1,甚,ジン | はなは.だ | はなは.だしい,tremendously | very | great | exceedingly
N1,評,ヒョウ,evaluate | criticism | comment
N1,衿,キン | コン | えり,neck | collar | lapel
N1,榛,シン | ハン | はしばみ | はり,hazelnut | filbert
N1,飽,ホウ | あ.きる | あ.かす | あ.く,sated | tired of | bored | satiate
N1,穫,カク,harvest | reap
N1,楊,ヨウ | やなぎ,willow
N1,購,コウ,subscription | buy
N1,漸,ゼン | ようや.く | やや | ようよ.う | すす.む,steadily | gradually advancing | finally | barely
N1,那,ナ | ダ | なに | なんぞ | いかん,what?
N1,斐,ヒ | イ,beautiful | patterned
N1,統,トウ | す.べる | ほび.る,overall | relationship | ruling | governing
N1,傍,ボウ | かたわ.ら | わき | おか~ | はた | そば,bystander | side | besides | while | nearby | third person
N1,擁,ヨウ,hug | embrace | possess | protect | lead
N1,璃,リ,glassy | lapis lazuli
N1,穴,ケツ | あな,hole | aperture | slit | cave | den
N1,授,ジュ | さず.ける | さず.かる,impart | instruct | grant | confer
N1,邑,ユウ | むら,village | rural community | right village radical (no. 163)
N1,輔,ホ | フ | たす.ける,help
N1,丑,チュウ | うし,sign of the ox or cow | 1-3AM | second sign of Chinese zodiac
N1,弓,キュウ | ゆみ,"bow | bow (archery, violin)"
N1,棋,キ | ご,chess piece | Japanese chess | shogi
N1,墓,ボ | はか,grave | tomb
N1,岐,キ | ギ,branch off | fork in road | scene | arena | theater
N1,銭,セン | ゼン | ぜに | すき,coin | .01 yen | money
N1,張,チョウ | は.る | ~は.り | ~ば.り,lengthen | counter for bows & stringed instruments | stretch | spread | put up (tent)
N1,暢,チョウ | のび.る,stretch
N1,揮,キ | ふる.う,brandish | wave | wag | swing | shake
N1,篤,トク | あつ.い,fervent | kind | cordial | serious | deliberate
N1,逓,テイ | かわ.る | たがいに,relay | in turn | sending
N1,搾,サク | しぼ.る,squeeze
N1,稼,カ | かせ.ぐ,earnings | work | earn money
N1,租,ソ,tariff | crop tax | borrowing
N1,拠,キョ | コ | よ.る,foothold | based on | follow | therefore
N1,鳩,キュウ | ク | はと | あつ.める,pigeon | dove
N1,項,コウ | うなじ,paragraph | nape of neck | clause | item | term (expression)
N1,膜,マク,membrane
N1,脅,キョウ | おびや.かす | おど.す | おど.かす,threaten | coerce
N1,憲,ケン,constitution | law
N1,淑,シュク | しと.やか,graceful | gentle | pure
N1,撮,サツ | と.る | つま.む | ~ど.り,snapshot | take pictures
N1,催,サイ | もよう.す | もよお.す,sponsor | hold (a meeting) | give (a dinner)
N1,峻,シュン | けわ.しい | たか.い,high | steep
N1,吟,ギン,versify | singing | recital
N1,糖,トウ,sugar
N1,虹,コウ | にじ,rainbow
N1,駿,シュン | スン | すぐ.れる,a good horse | speed | a fast person
N1,悠,ユウ,permanence | distant | long time | leisure
N1,蝶,チョウ,butterfly
N1,審,シン | つまび.らか | つぶさ.に,hearing | judge | trial
N1,蔦,チョウ | つた,vine | ivy
N1,潜,セン | ひそ.む | もぐ.る | かく.れる | くぐ.る | ひそ.める,submerge | conceal | hide | lower (voice) | hush
N1,汽,キ,vapor | steam
N1,雛,スウ | ス | ジュ | ひな | ひよこ,chick | squab | duckling | doll
N1,排,ハイ,repudiate | exclude | expel | reject | line up | arrange
N1,堅,ケン | かた.い | ~がた.い,strict | hard | solid | tough | tight | reliable
N1,薦,セン | すす.める,recommend | mat | advise | encourage | offer
N1,聖,セイ | ショウ | ひじり,holy | saint | sage | master | priest
N1,士,シ | さむらい,gentleman | scholar | samurai | samurai radical (no. 33)
N1,奮,フン | ふる.う,stirred up | be invigorated | flourish
N1,蓉,ヨウ,lotus
N1,坑,コウ,pit | hole
N1,稜,リョウ | ロウ | いつ | かど,angle | edge | corner | power | majesty
N1,縮,シュク | ちぢ.む | ちぢ.まる | ちぢ.める | ちぢ.れる | ちぢ.らす,shrink | contract | shrivel | wrinkle | reduce
N1,狂,キョウ | くる.う | くる.おしい | くるお.しい,lunatic | insane | crazy | confuse
N1,迭,テツ,transfer | alternation
N1,迫,ハク | せま.る,urge | force | imminent | spur on
N1,惜,セキ | お.しい | お.しむ,pity | be sparing of | frugal | stingy | regret
N1,抹,マツ,rub | paint | erase
N1,賃,チン,fare | fee | hire | rent | wages | charge
N1,浪,ロウ,wandering | waves | billows | reckless | unrestrained
N1,炊,スイ | た.く | ~だ.き,cook | boil
N1,興,コウ | キョウ | おこ.る | おこ.す,entertain | revive | retrieve | interest | pleasure
N1,凪,なぎ | な.ぐ,lull | calm | (kokuji)
N1,誠,セイ | まこと,sincerity | admonish | warn | prohibit | truth | fidelity
N1,架,カ | か.ける | か.かる,erect | frame | mount | support | shelf | construct
N1,鐘,ショウ | かね,bell | gong | chimes
N1,芋,ウ | いも,potato
N1,尿,ニョウ | ゆばり | いばり | しと,urine
N1,翔,ショウ | かけ.る | と.ぶ,soar | fly
N1,抑,ヨク | おさ.える,repress | well | now | in the first place | push | shove | press | seal | do in spite of
N1,迅,ジン,swift | fast
N1,粛,シュク | スク | つつし.む,solemn | quietly | softly
N1,丙,ヘイ | ひのえ,third class | 3rd | 3rd calendar sign
N1,嬉,キ | うれ.しい | たの.しむ,glad | pleased | rejoice
N1,障,ショウ | さわ.る,hinder | hurt | harm
N1,哀,アイ | あわ.れ | あわ.れむ | かな.しい,pathetic | grief | sorrow | pathos | pity | sympathize
N1,脈,ミャク | すじ,vein | pulse | hope
N1,没,ボツ | モツ | おぼ.れる | しず.む | ない,drown | sink | hide | fall into | disappear | die
N1,椋,リョウ | むく,type of deciduous tree | grey starling
N1,斎,サイ | とき | つつし.む | ものいみ | い.む | いわ.う | いつ.く,purification | Buddhist food | room | worship | avoid | alike
N1,穏,オン | おだ.やか,calm | quiet | moderation
N1,薫,クン | かお.る,send forth fragrance | fragrant | be scented | smoke (tobacco)
N1,凝,ギョウ | こ.る | こ.らす | こご.らす | こご.らせる | こご.る,congeal | freeze | stiff | be absorbed in
N1,据,キョ | す.える | す.わる,set | lay a foundation | install | equip | squat down | sit down
N1,仰,ギョウ | コウ | あお.ぐ | おお.せ | お.っしゃる | おっしゃ.る,face-up | look up | depend | seek | respect | rever | drink | take
N1,搬,ハン,conveyor | carry | transport
N1,乙,オツ | イツ | おと~ | きのと,the latter | duplicate | strange | witty | fishhook radical (no. 5)
N1,督,トク,coach | command | urge | lead | supervise
N1,鈴,レイ | リン | すず,small bell | buzzer
N1,繭,ケン | まゆ | きぬ,cocoon
N1,庶,ショ,commoner | all | bastard
N1,堕,ダ | お.ちる | くず.す | くず.れる,degenerate | descend to | lapse into
N1,看,カン | み.る,watch over | see
N1,句,ク,phrase | clause | sentence | passage | paragraph | counter for haiku
N1,謙,ケン | へりくだ.る,self-effacing | humble oneself | condescend | be modest
N1,躍,ヤク | おど.る,leap | dance | skip
N1,鯉,リ | こい,carp
N1,懐,カイ | エ | ふところ | なつ.かしい | なつ.かしむ | なつ.く | なつ.ける | なず.ける | いだ.く | おも.う,pocket | feelings | heart | yearn | miss someone | become attached to | bosom | breast
N1,寂,ジャク | セキ | さび | さび.しい | さび.れる | さみ.しい,loneliness | quietly | mellow | mature | death of a priest
N1,某,ボウ | それがし | なにがし,so-and-so | one | a certain | that person
N1,昆,コン,descendants | elder brother | insect
N1,吐,ト | は.く | つ.く,spit | vomit | belch | confess | tell (lies)
N1,崩,ホウ | くず.れる | ~くず.れ | くず.す,crumble | die | demolish | level
N1,卯,ボウ | モウ | う,sign of the hare or rabbit | fourth sign of Chinese zodiac | 5-7AM | east
N1,暦,レキ | こよみ | りゃく,calendar | almanac
N1,妙,ミョウ | ビョウ | たえ,exquisite | strange | queer | mystery | miracle | excellent | delicate | charming
N1,憂,ユウ | うれ.える | うれ.い | う.い | う.き,melancholy | grieve | lament | be anxious | sad | unhappy
N1,載,サイ | の.せる | の.る,ride | board | get on | place | spread | 10**44 | record | publish
N1,企,キ | くわだ.てる | たくら.む,undertake | scheme | design | attempt | plan
N1,苗,ビョウ | ミョウ | なえ | なわ~,seedling | sapling | shoot
N1,玲,レイ,sound of jewels
N1,笙,ショウ | ソウ | ふえ,a reed instrument
N1,穣,ジョウ | わら | ゆたか,good crops | prosperity | 10**28
N1,独,ドク | トク | ひと.り,single | alone | spontaneously | Germany
N1,垣,エン | かき,hedge | fence | wall
N1,繊,セン,slender | fine | thin kimono
N1,艦,カン,warship
N1,阿,ア | オ | おもね.る | くま,Africa | flatter | fawn upon | corner | nook | recess
N1,故,コ | ゆえ | ふる.い | もと,happenstance | especially | intentionally | reason | cause | circumstances | the late | therefore | consequently
N1,丞,ジョウ | ショウ | すく.う | たす.ける,help
N1,伶,レイ | リョウ | わざおぎ,actor
N1,需,ジュ,demand | request | need
N1,倹,ケン | つま.しい | つづまやか,frugal | economy | thrifty
N1,痢,リ,diarrhea
N1,礁,ショウ,reef | sunken rock
N1,儀,ギ,ceremony | rule | affair | case | a matter
N1,嵯,サ | シ,steep | craggy | rugged
N1,弁,ベン | ヘン | かんむり | わきま.える | わ.ける | はなびら | あらそ.う,valve | petal | braid | speech | dialect | discrimination | dispose of | distinguish | conical cap
N1,票,ヒョウ,ballot | label | ticket | sign
N1,幣,ヘイ | ぬさ,cash | bad habit | humble prefix | gift | Shinto offerings of cloth | rope | cut paper
N1,胞,ホウ,placenta | sac | sheath
N1,叔,シュク,uncle | youth
N1,偵,テイ,spy
N1,妃,ヒ | きさき,queen | princess
N1,冶,ヤ | い.る,melting | smelting
N1,態,タイ | わざ.と,attitude | condition | figure | appearance | voice (of verbs)
N1,敷,フ | し.く | ~し.き,spread | pave | sit | promulgate
N1,皇,コウ | オウ,emperor
N1,旺,オウ | キョウ | ゴウ | かがや.き | うつくし.い | さかん,flourishing | successful | beautiful | vigorous
N1,帝,テイ | みかど,sovereign | the emperor | god | creator
N1,盆,ボン,basin | lantern festival | tray
N1,豆,トウ | ズ | まめ | まめ~,beans | pea | midget
N1,芹,キン | せり,parsley
N1,肪,ボウ,obese | fat
N1,環,カン | わ,ring | circle | link | wheel
N1,健,ケン | すこ.やか,healthy | health | strength | persistence
N1,晟,セイ | ジョウ | あきらか,clear
N1,潮,チョウ | しお | うしお,tide | salt water | opportunity
N1,屯,トン | たむろ,barracks | police station | camp | ton
N1,准,ジュン,quasi- | semi- | associate
N1,淡,タン | あわ.い,thin | faint | pale | fleeting
N1,錯,サク | シャク,confused | mix | be in disorder
N1,鳳,ホウ | フウ,male mythical bird
N1,唆,サ | そそ.る | そそのか.す,tempt | seduce | instigate | promote
N1,且,ショ | ソ | ショウ | か.つ,moreover | also | furthermore
N1,燿,ヨウ | かがや.く | ひかり,shine
N1,撲,ボク,slap | strike | hit | beat | tell | speak
N1,曙,ショ | あけぼの,dawn | daybreak
N1,怠,タイ | おこた.る | なま.ける,neglect | laziness
N1,泰,タイ,peaceful | calm | peace | easy | Thailand | extreme | excessive | great
N1,冴,ゴ | コ | さ.える | こお.る | ひ.える,be clear | serene | cold | skilful
N1,奨,ショウ | ソウ | すす.める,exhort | urge | encourage
N1,嗣,シ,heir | succeed
N1,洲,シュウ | ス | しま,continent | sandbar | island | country
N1,奎,ケイ | キ,star | god of literature
N1,梓,シ | あずさ,catalpa tree | woodblock printing
N1,護,ゴ | まも.る,safeguard | protect
N1,猿,エン | さる,monkey
N1,煮,シャ | に.る | ~に | に.える | に.やす,boil | cook
N1,智,チ,wisdom | intellect | reason
N1,往,オウ | い.く | いにしえ | さき.に | ゆ.く,journey | travel | chase away | let go | going | before | formerly
N1,嵐,ラン | あらし,storm | tempest
N1,批,ヒ,criticism | strike
N1,撤,テツ,remove | withdraw | disarm | dismantle | reject | exclude
N1,益,エキ | ヤク | ま.す,benefit | gain | profit | advantage
N1,麻,マ | マア | あさ,hemp | flax | numb
N1,胴,ドウ,trunk | torso | hull (ship) | hub of wheel
N1,杉,サン | すぎ,cedar | cryptomeria
N1,尚,ショウ | なお,esteem | furthermore | still | yet
N1,創,ソウ | ショウ | つく.る | はじ.める | きず | けず.しける,genesis | wound | injury | hurt | start | originate
N1,采,サイ | と.る | いろどり,dice | form | appearance | take | gather | coloring
N1,俗,ゾク,vulgar | customs | manners | worldliness | mundane things
N1,酵,コウ,fermentation
N1,恒,コウ | つね | つねに,constancy | always
N1,遮,シャ | さえぎ.る,intercept | interrupt | obstruct
N1,鴻,コウ | ゴウ | おおとり | ひしくい | おおがり,large bird | wild goose | large | great | powerful | prosperous
N1,幻,ゲン | まぼろし,phantasm | vision | dream | illusion | apparition
N1,免,メン | まぬか.れる | まぬが.れる,excuse | dismissal
N1,喚,カン | わめ.く,yell | cry | call | scream | summon
N1,嫌,ケン | ゲン | きら.う | きら.い | いや,dislike | detest | hate
N1,爽,ソウ | あき.らか | さわ.やか | たがう,refreshing | bracing | resonant | sweet | clear
N1,従,ジュウ | ショウ | ジュ | したが.う | したが.える | より,accompany | obey | submit to | comply | follow | secondary | incidental | subordinate
N1,渋,ジュウ | シュウ | しぶ | しぶ.い | しぶ.る,astringent | hesitate | reluctant | have diarrhea
N1,枢,スウ | シュ | とぼそ | からくり,hinge | pivot | door
N1,診,シン | み.る,checkup | seeing | diagnose | examine
N1,恵,ケイ | エ | めぐ.む | めぐ.み,favor | blessing | grace | kindness
N1,倉,ソウ | くら,godown | warehouse | storehouse | cellar | treasury
N1,累,ルイ,accumulate | involvement | trouble | tie up | continually
N1,倭,ワ | イ | やまと | したが.う,Yamato | ancient Japan
N1,墜,ツイ | お.ちる | お.つ,crash | fall (down)
N1,牧,ボク | まき,breed | care for | shepherd | feed | pasture
N1,髄,ズイ,marrow | pith | essence
N1,筋,キン | すじ,muscle | sinew | tendon | fiber | plot | plan | descent
N1,鑑,カン | かんが.みる | かがみ,specimen | take warning from | learn from
N1,剤,ザイ | スイ | セイ | かる | けず.る,dose | medicine | drug
N1,基,キ | もと | もとい,fundamentals | radical (chem) | counter for machines | foundation
N1,眉,ビ | ミ | まゆ,eyebrow
N1,邦,ホウ | くに,home country | country | Japan
N1,勁,ケイ | つよ.い,strong
N1,諒,リョウ | あきら.か | まことに,fact | reality | understand | appreciate
N1,熙,キ | たのし.む | ひか.る | ひろ.い | よろこ.ぶ | かわ.く | あきらか | ひろ.める | ひろ.まる,bright | sunny | prosperous | merry
N1,納,ノウ | ナッ | ナ | ナン | トウ | おさ.める | ~おさ.める | おさ.まる,settlement | obtain | reap | pay | supply | store
N1,慮,リョ | おもんぱく.る | おもんぱか.る,prudence | thought | concern | consider | deliberate | fear
N1,循,ジュン,sequential | follow
N1,謁,エツ,audience | audience (with king)
N1,塾,ジュク,cram school | private school
N1,槻,キ | つき,Zelkova tree
N1,応,オウ | ヨウ | ~ノウ | あた.る | まさに | こた.える,apply | answer | yes | OK | reply | accept
N1,拓,タク | ひら.く,clear (the land) | open | break up (land)
N1,密,ミツ | ひそ.か,secrecy | density (pop) | minuteness | carefulness
N1,迪,テキ | みち | みちび.く | すす.む | いた.る,edify | way | path
N1,忠,チュウ,loyalty | fidelity | faithfulness
N1,釈,シャク | セキ | とく | す.てる | ゆる.す,explanation
N1,紀,キ,chronicle | account | narrative | history | annals | geologic period
N1,塊,カイ | ケ | かたまり | つちくれ,clod | lump | chunk | clot | mass
N1,焦,ショウ | こ.げる | こ.がす | こ.がれる | あせ.る,char | hurry | impatient | irritate | burn | scorch | singe
N1,網,モウ | あみ,netting | network
N1,孤,コ,orphan | alone
N1,哲,テツ | さとい | あきらか,philosophy | clear
N1,凱,ガイ | カイ | かちどき | やわらぐ,victory song
N1,洵,ジュン | シュン | の.ぶ | まこと.に,alike | truth
N1,洞,ドウ | ほら,den | cave | excavation
N1,賀,ガ,congratulations | joy
N1,尭,ギョウ | たか.い,high | far
N1,範,ハン,pattern | example | model
N1,鷹,ヨウ | オウ | たか,hawk
N1,縦,ジュウ | たて,vertical | length | height | self-indulgent | wayward
N1,粗,ソ | あら.い | あら~,coarse | rough | rugged
N1,瑶,ヨウ | たま,beautiful as a jewel
N1,廉,レン,bargain | reason | charge | suspicion | point | account | purity | honest | low price | cheap | rested | contented | peaceful
N1,羊,ヨウ | ひつじ,sheep
N1,侯,コウ,marquis | lord | daimyo
N1,傑,ケツ | すぐ.れる,greatness | excellence
N1,執,シツ | シュウ | と.る,tenacious | take hold | grasp | take to heart
N1,旦,タン | ダン | あき.らか | あきら | ただし | あさ | あした,daybreak | dawn | morning
N1,詢,ジュン | シュン | はか.る | まこと,consult with
N1,誇,コ | ほこ.る,boast | be proud | pride | triumphantly
N1,宮,キュウ | グウ | ク | クウ | みや,Shinto shrine | constellations | palace | princess
N1,俵,ヒョウ | たわら,bag | bale | sack | counter for bags
N1,痘,トウ,pox | smallpox
N1,疎,ソ | ショ | うと.い | うと.む | まば.ら,alienate | rough | neglect | shun | sparse | penetrate
N1,泡,ホウ | あわ,bubbles | foam | suds | froth
N1,紳,シン,sire | good belt | gentleman
N1,婿,セイ | むこ,bridegroom | son-in-law
N1,策,サク,scheme | plan | policy | step | means
N1,淳,ジュン | シュン | あつ.い,pure
N1,善,ゼン | よ.い | い.い | よ.く | よし.とする,virtuous | good | goodness
N1,胡,ウ | コ | ゴ | なんぞ,barbarian | foreign
N1,霜,ソウ | しも,frost
N1,疾,シツ | はや.い,rapidly
N1,朔,サク | ついたち,conjunction (astronomy) | first day of month | north
N1,鎖,サ | くさり | とざ.す,chain | irons | connection
N1,凸,トツ | でこ,convex | beetle brow | uneven
N1,須,ス | シュ | すべから.く | すべし | ひげ | まつ | もち.いる | もと.める,ought | by all means | necessarily
N1,稀,キ | ケ | まれ | まばら,rare | phenomenal | dilute (acid)
N1,亮,リョウ | あきらか,clear | help
N1,巧,コウ | たく.み | たく.む | うま.い,adroit | skilled | ingenuity
N1,握,アク | にぎ.る,grip | hold | mould sushi | bribe
N1,銑,セン,pig iron
N1,硫,リュウ,sulphur
N1,訂,テイ | ただ.す,revise | correct | decide
N1,秘,ヒ | ひ.める | ひそ.か | かく.す,secret | conceal
N1,嫡,チャク | テキ,legitimate wife | direct descent (non-bastard)
N1,逐,チク,pursue | drive away | chase | accomplish | attain | commit
N1,彰,ショウ,patent | clear
N1,酬,シュウ | シュ | トウ | むく.いる,repay | reward | retribution
N1,致,チ | いた.す,doth | do | send | forward | cause | exert | incur | engage
N1,虜,リョ | ロ | とりこ | とりく,captive | barbarian | low epithet for the enemy
N1,攻,コウ | せ.める,aggression | attack | criticize | polish
N1,旋,セン,rotation | go around
N1,挿,ソウ | さ.す | はさ.む,insert | put in | graft | wear (sword)
N1,酸,サン | す.い,acid | bitterness | sour | tart
N1,杜,ト | トウ | ズ | もり | ふさ.ぐ | やまなし,woods | grove
N1,妄,モウ | ボウ | みだ.りに,delusion | unnecessarily | without authority | reckless
N1,貫,カン | つらぬ.く | ぬ.く | ぬき,pierce | 8 1/3lbs | penetrate | brace
N1,維,イ,fiber | tie | rope
N1,刑,ケイ,punish | penalty | sentence | punishment
N1,菫,キン | すみれ,the violet
N1,栓,セン,plug | bolt | cork | bung | stopper
N1,附,フ | つ.ける | つ.く,affixed | attach | refer to | append
N1,勺,シャク,ladle | one tenth of a go | dip
N1,班,ハン,squad | corps | unit | group
N1,狭,キョウ | コウ | せま.い | せば.める | せば.まる | さ,cramped | narrow | contract | tight
N1,矢,シ | や,dart | arrow
N1,趣,シュ | おもむき | おもむ.く,purport | gist | elegance | interest | proceed to | tend | become
N1,凶,キョウ,villain | evil | bad luck | disaster
N1,瞳,ドウ | トウ | ひとみ,pupil (of eye)
N1,陛,ヘイ,highness | steps (of throne)
N1,碁,ゴ,Go
N1,朗,ロウ | ほが.らか | あき.らか,melodious | clear | bright | serene | cheerful
N1,掌,ショウ | てのひら | たなごころ,manipulate | rule | administer | conduct | palm of hand
N1,霞,カ | ゲ | かすみ | かす.む,be hazy | grow dim | blurred
N1,禄,ロク | さいわ.い | ふち,fief | allowance | pension | grant | happiness
N1,后,コウ | ゴ | きさき,empress | queen | after | behind | back | later
N1,郎,ロウ | リョウ | おとこ,son | counter for sons
N1,舌,ゼツ | した,tongue | reed | clapper
N1,檀,ダン | タン | まゆみ,cedar | sandlewood | spindle tree
N1,激,ゲキ | はげ.しい,violent | get excited | enraged | chafe | incite
N1,雌,シ | め~ | めす | めん,feminine | female
N1,衡,コウ,equilibrium | measuring rod | scale
N1,栞,カン | しおり,bookmark | guidebook
N1,洪,コウ,deluge | flood | vast
N1,撃,ゲキ | う.つ,beat | attack | defeat | conquer
N1,厘,リン,rin | 1/10 sen | 1/10 bu
N1,凹,オウ | くぼ.む | へこ.む | ぼこ,concave | hollow | sunken
N1,案,アン | つくえ,plan | suggestion | draft | ponder | fear | proposition | idea | expectation | worry | table | bench
N1,慨,ガイ,rue | be sad | sigh | lament
N1,奈,ナ | ナイ | ダイ | いかん | からなし,Nara | what?
N1,碧,ヘキ | ヒャク,blue | green
N1,惨,サン | ザン | みじ.め | いた.む | むご.い,wretched | disaster | cruelty | harsh
N1,濁,ダク | ジョク | にご.る | にご.す,voiced | uncleanness | wrong | nigori | impurity
N1,輩,ハイ | ~ばら | やから | やかい | ともがら,comrade | fellow | people | companions
N1,茅,ボウ | ミョウ | かや | ちがや,miscanthus reed
N1,揺,ヨウ | ゆ.れる | ゆ.る | ゆ.らぐ | ゆ.るぐ | ゆ.する | ゆ.さぶる | ゆ.すぶる | うご.く,swing | shake | sway | rock | tremble | vibrate
N1,殉,ジュン,martyrdom | follow by resigning
N1,模,モ | ボ,imitation | copy | mock
N1,端,タン | はし | は | はた | ~ばた | はな,edge | origin | end | point | border | verge | cape
N1,胆,タン | きも,gall bladder | courage | pluck | nerve
N1,賜,シ | たまわ.る | たま.う | たも.う,grant | gift | boon | results
N1,邸,テイ | やしき,residence | mansion
N1,暁,ギョウ | キョウ | あかつき | さと.る,daybreak | dawn | in the event
N1,江,コウ | え,creek | inlet | bay
N1,桟,サン | セン | かけはし,scaffold | cleat | frame | jetty | bolt (door)
N1,仁,ジン | ニ | ニン,humanity | virtue | benevolence | charity | man | kernel
N1,樺,カ | かば | かんば,birch | dark red
N1,拒,キョ | ゴ | こば.む,repel | refuse | reject | decline
N1,軌,キ,rut | wheel | track | model | way of doing
N1,猪,チョ | い | いのしし,boar
N1,芝,シ | しば,turf | lawn
N1,萩,シュウ | はぎ,bush clover
N1,寮,リョウ,dormitory | hostel | villa | tea pavillion
N1,浜,ヒン | はま,seacoast | beach | seashore
N1,邪,ジャ | よこし.ま,wicked | injustice | wrong
N1,韻,イン,rhyme | elegance | tone
N1,朕,チン,majestic plural | imperial we
N1,絹,ケン | きぬ,silk
N1,援,エン,abet | help | save
N1,憧,ショウ | トウ | ドウ | あこが.れる,yearn after | long for | aspire to | admire | adore
N1,併,ヘイ | あわ.せる,join | get together | unite | collective
N1,脹,チョウ | は.れる | ふく.らむ | ふく.れる,dilate | distend | bulge | fill out | swell
N1,錠,ジョウ,lock | fetters | shackles
N1,滋,ジ | シ,nourishing | more & more | be luxuriant | planting | turbidity
N1,岳,ガク | たけ,point | peak | mountain
N1,姿,シ | すがた,figure | form | shape
N1,征,セイ,subjugate | attack the rebellious | collect taxes
N1,苑,エン | オン | その | う.つ,garden | farm | park
N1,勅,チョク | いまし.める | みことのり,imperial order
N1,癖,ヘキ | くせ | くせ.に,mannerism | habit | vice | trait | fault | kink
N1,胎,タイ,womb | uterus
N1,繁,ハン | しげ.る | しげ.く,luxuriant | thick | overgrown | frequency | complexity | trouble
N1,墾,コン | は.る | ひら.く,ground-breaking | open up farmland
N1,織,ショク | シキ | お.る | お.り | おり | ~おり | ~お.り,weave | fabric
N1,剰,ジョウ | あまつさえ | あま.り | あま.る,surplus | besides
N1,壌,ジョウ | つち,lot | earth | soil
N1,於,オ | ヨ | おい.て | お.ける | ああ | より,at | in | on | as for
N1,魔,マ,witch | demon | evil spirit
N1,騒,ソウ | さわ.ぐ | うれい | さわ.がしい,boisterous | make noise | clamor | disturb | excite
N1,綜,ソウ | おさ.める | す.べる,rule | synthesize
N1,披,ヒ,expose | open
N1,養,ヨウ | リョウ | やしな.う,foster | bring up | rear | develop | nurture
N1,楓,フウ | かえで,maple
N1,矯,キョウ | た.める,rectify | straighten | correct | reform | cure | control | pretend | falsify
N1,寅,イン | とら,sign of the tiger | 3-5AM | third sign of Chinese zodiac
N1,謄,トウ,mimeograph | copy
N1,脩,シュウ | おさ.める | なが.い | ほじし,dried meat
N1,釣,チョウ | つ.る | つ.り | つ.り~,angling | fish | catch | allure | ensnare
N1,緯,イ | よこいと | ぬき,horizontal | woof | left & right | (parallels of) latitude | prediction
N1,羅,ラ | うすもの,gauze | thin silk | Rome | arrange | spread out
N1,戯,ギ | ゲ | たわむ.れる | ざ.れる | じゃ.れる,frolic | play | sport
N1,素,ソ | ス | もと,elementary | principle | naked | uncovered
N1,検,ケン | しら.べる,examination | investigate
N1,萌,ホウ | も.える | きざ.す | めばえ | きざ.し,show symptoms of | sprout | bud | malt
N1,窮,キュウ | キョウ | きわ.める | きわ.まる | きわ.まり | きわ.み,hard up | destitute | suffer | perplexed | cornered
N1,憾,カン | うら.む,remorse | regret | be sorry
N1,藍,ラン | あい,indigo
N1,黎,レイ | リ | くろ.い,dark | black | many
N1,豚,トン | ぶた,pork | pig
N1,慢,マン,ridicule | laziness
N1,渚,ショ | なぎさ,strand | beach | shore
N1,艶,エン | つや | なま.めかしい | あで.やか | つや.めく | なま.めく,glossy | luster | glaze | polish | charm | colorful | captivating
N1,愁,シュウ | うれ.える | うれ.い,distress | grieve | lament | be anxious
N1,核,カク,nucleus | core | kernel
N1,漂,ヒョウ | ただよ.う,drift | float (on liquid)
N1,遂,スイ | と.げる | つい.に,consummate | accomplish | attain | commit (suicide)
N1,莉,リ | ライ | レイ,jasmine
N1,節,セツ | セチ | ふし | ~ぶし | のっと,node | season | period | occasion | verse | clause | stanza | honor | joint | knuckle | knob | knot | tune | melody
N1,摂,セツ | ショウ | おさ.める | かね.る | と.る,vicarious | surrogate | act in addition to | take in | absorb
N1,澄,チョウ | す.む | す.ます | ~す.ます,lucidity | be clear | clear | clarify | settle | strain | look grave
N1,漏,ロウ | も.る | も.れる | も.らす,leak | escape | time
N1,泣,キュウ | な.く,cry | weep | moan
N1,宜,ギ | よろ.しい | よろ.しく,best regards | good
N1,巽,ソン | たつみ,southeast
N1,紺,コン,dark blue | navy
N1,腐,フ | くさ.る | ~くさ.る | くさ.れる | くさ.れ | くさ.らす | くさ.す,rot | decay | sour
N1,擬,ギ | まが.い | もど.き,mimic | aim (a gun) at | nominate | imitate
N1,魁,カイ | さきがけ | かしら,charging ahead of others
N1,菌,キン,germ | fungus | bacteria
N1,砲,ホウ,cannon | gun
N1,遣,ケン | つか.う | ~つか.い | ~づか.い | つか.わす | や.る,dispatch | despatch | send | give | donate | do | undertake
N1,芽,ガ | め,bud | sprout | spear | germ
N1,昌,ショウ | さかん,prosperous | bright | clear
N1,衰,スイ | おとろ.える,decline | wane | weaken
N1,毅,キ | ギ | つよ.い,strong
N1,緋,ヒ | あけ | あか,scarlet | cardinal
N1,絢,ケン,brilliant fabric design
N1,礎,ソ | いしずえ,cornerstone | foundation stone
N1,款,カン,goodwill | article | section | friendship | collusion
N1,敏,ビン | さとい,cleverness | agile | alert
N1,漫,マン | みだり.に | そぞ.ろ,cartoon | involuntarily | unrestrained | in spite of oneself | corrupt
N1,斗,ト | トウ,Big Dipper | ten sho (vol) | sake dipper | dots and cross radical (no. 68)
N1,倣,ホウ | なら.う,emulate | imitate
N1,皓,コウ | しろ.い | ひか.る,white | clear
N1,杏,キョウ | アン | コウ | あんず,apricot
N1,寛,カン | くつろ.ぐ | ひろ.い | ゆる.やか,tolerant | leniency | generosity | relax | feel at home | be at ease | broadminded
N1,辱,ジョク | はずかし.める,embarrass | humiliate | shame
N1,皐,コウ | さつき,swamp | shore
N1,肖,ショウ | あやか.る,resemblance
N1,碑,ヒ | いしぶみ,tombstone | monument
N1,賊,ゾク,burglar | rebel | traitor | robber
N1,梨,リ | なし,pear tree
N1,茎,ケイ | キョウ | くき,stalk | stem
N1,即,ソク | つ.く | つ.ける | すなわ.ち,instant | namely | as is | conform | agree | adapt
N1,把,ハ | ワ,grasp | faggot | bunch | counter for bundles
N1,壮,ソウ | さかん,robust | manhood | prosperity
N1,厳,ゲン | ゴン | おごそ.か | きび.しい | いか.めしい | いつくし,stern | strictness | severity | rigidity
N1,肢,シ,limb | arms & legs
N1,彪,ヒョウ | ヒュウ | あや,spotted | mottled | patterned | small tiger
N1,廃,ハイ | すた.れる | すた.る,abolish | obsolete | cessation | discarding | abandon
N1,閑,カン,leisure
N1,柄,ヘイ | がら | え | つか,design | pattern | build | nature | character | handle | crank | grip | knob | shaft
N1,庄,ショウ | ソ | ソウ | ホウ,level | in the country | manor | village | hamlet
N1,露,ロ | ロウ | つゆ,dew | tears | expose | Russia
N1,柳,リュウ | やなぎ,willow
N1,弥,ミ | ビ | いや | や | あまねし | いよいよ | とおい | ひさし | ひさ.しい | わた.る,all the more | increasingly
N1,粘,ネン | ねば.る,sticky | glutinous | greasy | persevere
N1,摘,テキ | つ.む,pinch | pick | pluck | trim | clip | summarize
N1,颯,サツ | ソウ | さっ.と,sudden | quick | sound of the wind
N1,蓮,レン | はす | はちす,lotus
N1,也,ヤ | エ | なり | か | また,to be (classical)
N1,茜,セン | あかね,madder | red dye | Turkey red
N1,裟,サ | シャ,Buddhist surplice
N1,己,コ | キ | おのれ | つちのと | な,self
N1,肇,チョウ | ジョウ | トウ | はじ.める | はじめ,beginning
N1,琳,リン,jewel | tinkling of jewelry
N1,弾,ダン | タン | ひ.く | ~ひ.き | はず.む | たま | はじ.く | はじ.ける | ただ.す | はじ.きゆみ,bullet | twang | flip | snap
N1,献,ケン | コン | たてまつ.る,offering | counter for drinks | present | offer
N1,惟,イ | ユイ | おも.んみる | これ | おも.うに,consider | reflect | think
N1,奴,ド | やつ | やっこ,guy | slave | manservant | fellow
N1,裁,サイ | た.つ | さば.く,tailor | judge | decision | cut out (pattern)
N1,霊,レイ | リョウ | たま,spirits | soul
N1,徴,チョウ | チ | しるし,indications | sign | omen | symptom | collect | seek | refer to | question
N1,塀,ヘイ | ベイ,fence | wall | (kokuji)
N1,拙,セツ | つたな.い,bungling | clumsy | unskillful
N1,獲,カク | え.る,seize | get | find | earn | acquire | can | may | able to
N1,諮,シ | はか.る,consult with
N1,馨,ケイ | キョウ | かお.る | かおり,fragrant | balmy | favourable
N1,漬,シ | つ.ける | つ.かる | ~づ.け | ~づけ,pickling | soak | moisten | steep
N1,褒,ホウ | ほ.める,praise | extol
N1,瑠,ル | リュウ,lapis lazuli
N1,陶,トウ | すえ,pottery | porcelain
N1,酪,ラク,dairy products | whey | broth | fruit juice
N1,呉,ゴ | く.れる | くれ,give | do something for | kingdom of Wu
N1,鋳,チュウ | イ | シュ | シュウ | い.る,casting | mint
N1,射,シャ | い.る | さ.す | う.つ,shoot | shine into | onto | archery
N1,拘,コウ | かか.わる,arrest | seize | concerned | adhere to | despite
N1,匿,トク | かくま.う,hide | shelter | shield
N1,虚,キョ | コ | むな.しい | うつ.ろ,void | emptiness | unpreparedness | crack | fissure | untruth
N1,敦,トン | タイ | ダン | チョウ | あつ.い,industry | kindliness
N1,博,ハク | バク,Dr. | command | esteem | win acclaim | Ph.D. | exposition | fair
N1,是,ゼ | シ | これ | この | ここ,just so | this | right | justice
N1,諭,ユ | さと.す,rebuke | admonish | charge | warn | persuade
N1,賦,フ | ブ,levy | ode | prose | poem | tribute | installment
N1,諄,シュン | ひちくど.い | くど.い | くどくど | ねんご.ろ,tedious
N1,侑,ユウ | ウ | すす.める | たす.ける,urge to eat
N1,扉,ヒ | とびら,front door | title page | front page
N1,欄,ラン | てすり,column | handrail | blank | space
N1,聡,ソウ | さと.い | みみざと.い,wise | fast learner
N1,僚,リョウ,colleague | official | companion
N1,該,ガイ,above-stated | the said | that specific
N1,斜,シャ | なな.め | はす,diagonal | slanting | oblique
N1,徹,テツ,penetrate | clear | pierce | strike home | sit up (all night)
N1,斉,セイ | サイ | そろ.う | ひと.しい | ひと.しく | あたる | はやい,adjusted | alike | equal | similar variety of
N1,刃,ジン | ニン | は | やいば | き.る,blade | sword | edge
N1,雰,フン,atmosphere | fog
N1,級,キュウ,class | rank | grade
N1,朴,ボク | ほう | ほお | えのき,crude | simple | plain | docile
N1,諾,ダク,consent | assent | agreement
N1,僧,ソウ,Buddhist priest | monk
N1,愉,ユ | たの.しい | たの.しむ,pleasure | happy | rejoice
N1,橘,キツ | たちばな,mandarin orange
N1,喪,ソウ | も,miss | mourning
N1,唱,ショウ | とな.える,chant | recite | call upon | yell
N1,弦,ゲン | つる,bowstring | chord | hypotenuse
N1,捺,ナツ | ダツ | さ.す | お.す,press | print | affix a seal | stamp
N1,徳,トク,benevolence | virtue | goodness | commanding respect
N1,盲,モウ | めくら,blind | blind man | ignoramus
N1,渉,ショウ | わた.る,ford | go cross | transit | ferry | import | involve
N1,摩,マ | ま.する | さす.る | す.る,chafe | rub | polish | grind | scrape
N1,耶,ヤ | ジャ | か,question mark
N1,黙,モク | ボク | だま.る | もだ.す,silence | become silent | stop speaking | leave as is
N1,眼,ガン | ゲン | まなこ | め,eyeball
N1,餓,ガ | う.える,starve | hungry | thirst
N1,耗,モウ | コウ,decrease
N1,拐,カイ,kidnap | falsify
N1,典,テン | デン,code | ceremony | law | rule
N1,裕,ユウ,abundant | rich | fertile
N1,描,ビョウ | えが.く | か.く,sketch | compose | write | draw | paint
N1,脱,ダツ | ぬ.ぐ | ぬ.げる,undress | removing | escape from | get rid of | be left out | take off
N1,襟,キン | えり,collar | neck | lapel | one's inner feelings
N1,剛,ゴウ,sturdy | strength
N1,叡,エイ | あき.らか,intelligence | imperial
N1,笹,ささ,bamboo grass | (kokuji)
N1,潤,ジュン | うるお.う | うるお.す | うる.む,wet | be watered | profit by | receive benefits | favor | charm | steep
N1,鹿,ロク | しか | か,deer
N1,峠,とうげ,mountain peak | mountain pass | climax | crest | (kokuji)
N1,舶,ハク,liner | ship
N1,雷,ライ | かみなり | いかずち | いかづち,thunder | lightning bolt
N1,賠,バイ,compensation | indemnify
N1,柊,シュ | シュウ | ひいらぎ,holly
N1,泌,ヒツ | ヒ,ooze | flow | soak in | penetrate | secrete
N1,犠,ギ | キ | いけにえ,sacrifice
N1,崚,リョウ,mountains towering in a row
N1,悼,トウ | いた.む,lament | grieve over
N1,亀,キ | キュウ | キン | かめ,tortoise | turtle
N1,寡,カ,widow | minority | few
N1,笛,テキ | ふえ,flute | clarinet | pipe | whistle | bagpipe | piccolo
N1,縁,エン | ~ネン | ふち | ふちど.る | ゆかり | よすが | へり | えにし,affinity | relation | connection | edge | border | verge | brink
N1,拡,カク | コウ | ひろ.がる | ひろ.げる | ひろ.める,broaden | extend | expand | enlarge
N1,塚,チョウ | つか | ~づか,hillock | mound
N1,刀,トウ | かたな | そり,sword | saber | knife
N1,巌,ガン | いわ | いわお | けわ.しい,rock | crag | boulder
N1,彗,スイ | エ | ケイ | セイ | ほうき,comet
N1,異,イ | こと | こと.なる | け,uncommon | different | queerness | strangeness | wonderful | curious | unusual
N1,晏,アン | おそ.い,late | quiet | sets (sun)
N1,恕,ジョ | ショ | ゆる.す,excuse | tolerate | forgive
N1,隠,イン | オン | かく.す | かく.し | かく.れる | かか.す | よ.る,conceal | hide | cover
N1,棟,トウ | むね | むな~,ridgepole | ridge
N1,勧,カン | ケン | すす.める,persuade | recommend | advise | encourage | offer
N1,嘉,カ | よみ.する | よい,applaud | praise | esteem | happy | auspicious
N1,弐,ニ | ジ | ふた.つ | そえ,II | two | second
N1,逸,イツ | そ.れる | そ.らす | はぐ.れる,deviate | idleness | leisure | miss the mark | evade | elude | parry | diverge
N1,亭,テイ | チン,pavilion | restaurant | mansion | arbor | cottage | vaudeville | music hall | stage name
N1,勘,カン,intuition | perception | check | compare | sixth sense
N1,胤,イン | たね,descendent | issue | offspring
N1,惣,ソウ | すべ.て,all
