kanji,level
一,10級
右,10級
雨,10級
円,10級
王,10級
音,10級
下,10級
火,10級
花,10級
貝,10級
学,10級
気,10級
休,10級
玉,10級
金,10級
九,10級
空,10級
月,10級
犬,10級
見,10級
五,10級
口,10級
校,10級
左,10級
三,10級
山,10級
四,10級
子,10級
糸,10級
字,10級
耳,10級
七,10級
車,10級
手,10級
十,10級
出,10級
女,10級
小,10級
上,10級
森,10級
人,10級
水,10級
正,10級
生,10級
青,10級
石,10級
赤,10級
先,10級
千,10級
川,10級
早,10級
草,10級
足,10級
村,10級
大,10級
男,10級
竹,10級
中,10級
虫,10級
町,10級
天,10級
田,10級
土,10級
二,10級
日,10級
入,10級
年,10級
白,10級
八,10級
百,10級
文,10級
本,10級
名,10級
木,10級
目,10級
夕,10級
立,10級
力,10級
林,10級
六,10級
引,9級
羽,9級
雲,9級
園,9級
遠,9級
黄,9級
何,9級
夏,9級
家,9級
科,9級
歌,9級
画,9級
会,9級
回,9級
海,9級
絵,9級
外,9級
角,9級
楽,9級
活,9級
間,9級
丸,9級
岩,9級
顔,9級
帰,9級
汽,9級
記,9級
弓,9級
牛,9級
魚,9級
京,9級
強,9級
教,9級
近,9級
兄,9級
形,9級
計,9級
元,9級
原,9級
言,9級
古,9級
戸,9級
午,9級
後,9級
語,9級
交,9級
光,9級
公,9級
工,9級
広,9級
考,9級
行,9級
高,9級
合,9級
国,9級
黒,9級
今,9級
才,9級
細,9級
作,9級
算,9級
姉,9級
市,9級
思,9級
止,9級
紙,9級
寺,9級
時,9級
自,9級
室,9級
社,9級
弱,9級
首,9級
秋,9級
週,9級
春,9級
書,9級
少,9級
場,9級
色,9級
食,9級
心,9級
新,9級
親,9級
図,9級
数,9級
星,9級
晴,9級
声,9級
西,9級
切,9級
雪,9級
線,9級
船,9級
前,9級
組,9級
走,9級
多,9級
太,9級
体,9級
台,9級
谷,9級
知,9級
地,9級
池,9級
茶,9級
昼,9級
朝,9級
長,9級
鳥,9級
直,9級
通,9級
弟,9級
店,9級
点,9級
電,9級
冬,9級
刀,9級
東,9級
当,9級
答,9級
頭,9級
同,9級
道,9級
読,9級
内,9級
南,9級
肉,9級
馬,9級
買,9級
売,9級
麦,9級
半,9級
番,9級
父,9級
風,9級
分,9級
聞,9級
米,9級
歩,9級
母,9級
方,9級
北,9級
妹,9級
毎,9級
万,9級
明,9級
鳴,9級
毛,9級
門,9級
夜,9級
野,9級
矢,9級
友,9級
曜,9級
用,9級
来,9級
理,9級
里,9級
話,9級
悪,8級
安,8級
暗,8級
委,8級
意,8級
医,8級
育,8級
員,8級
飲,8級
院,8級
運,8級
泳,8級
駅,8級
央,8級
横,8級
屋,8級
温,8級
化,8級
荷,8級
界,8級
開,8級
階,8級
寒,8級
感,8級
漢,8級
館,8級
岸,8級
期,8級
起,8級
客,8級
宮,8級
急,8級
球,8級
究,8級
級,8級
去,8級
橋,8級
業,8級
局,8級
曲,8級
銀,8級
区,8級
苦,8級
具,8級
君,8級
係,8級
軽,8級
決,8級
血,8級
研,8級
県,8級
庫,8級
湖,8級
向,8級
幸,8級
港,8級
号,8級
根,8級
祭,8級
坂,8級
皿,8級
仕,8級
使,8級
始,8級
指,8級
死,8級
詩,8級
歯,8級
事,8級
持,8級
次,8級
式,8級
実,8級
写,8級
者,8級
主,8級
取,8級
守,8級
酒,8級
受,8級
州,8級
拾,8級
終,8級
習,8級
集,8級
住,8級
重,8級
宿,8級
所,8級
暑,8級
助,8級
勝,8級
商,8級
昭,8級
消,8級
章,8級
乗,8級
植,8級
深,8級
申,8級
真,8級
神,8級
身,8級
進,8級
世,8級
整,8級
昔,8級
全,8級
想,8級
相,8級
送,8級
息,8級
速,8級
族,8級
他,8級
打,8級
対,8級
待,8級
代,8級
第,8級
題,8級
炭,8級
短,8級
談,8級
着,8級
柱,8級
注,8級
丁,8級
帳,8級
調,8級
追,8級
定,8級
庭,8級
笛,8級
鉄,8級
転,8級
登,8級
都,8級
度,8級
島,8級
投,8級
湯,8級
等,8級
豆,8級
動,8級
童,8級
農,8級
波,8級
配,8級
倍,8級
箱,8級
畑,8級
発,8級
反,8級
板,8級
悲,8級
皮,8級
美,8級
鼻,8級
筆,8級
氷,8級
表,8級
病,8級
秒,8級
品,8級
負,8級
部,8級
服,8級
福,8級
物,8級
平,8級
返,8級
勉,8級
放,8級
味,8級
命,8級
面,8級
問,8級
役,8級
薬,8級
油,8級
有,8級
由,8級
遊,8級
予,8級
様,8級
洋,8級
羊,8級
葉,8級
陽,8級
落,8級
流,8級
旅,8級
両,8級
緑,8級
礼,8級
列,8級
練,8級
路,8級
和,8級
愛,7級
案,7級
以,7級
位,7級
囲,7級
胃,7級
衣,7級
印,7級
栄,7級
英,7級
塩,7級
億,7級
加,7級
果,7級
課,7級
貨,7級
芽,7級
改,7級
械,7級
害,7級
街,7級
各,7級
覚,7級
完,7級
官,7級
管,7級
観,7級
関,7級
願,7級
喜,7級
器,7級
希,7級
旗,7級
機,7級
季,7級
紀,7級
議,7級
救,7級
求,7級
泣,7級
給,7級
挙,7級
漁,7級
競,7級
共,7級
協,7級
鏡,7級
極,7級
訓,7級
軍,7級
郡,7級
型,7級
径,7級
景,7級
芸,7級
欠,7級
結,7級
健,7級
建,7級
験,7級
固,7級
候,7級
功,7級
好,7級
康,7級
航,7級
告,7級
差,7級
最,7級
菜,7級
材,7級
昨,7級
刷,7級
察,7級
札,7級
殺,7級
参,7級
散,7級
産,7級
残,7級
司,7級
史,7級
士,7級
氏,7級
試,7級
児,7級
治,7級
辞,7級
失,7級
借,7級
種,7級
周,7級
祝,7級
順,7級
初,7級
唱,7級
松,7級
焼,7級
照,7級
省,7級
笑,7級
象,7級
賞,7級
信,7級
臣,7級
成,7級
清,7級
静,7級
席,7級
積,7級
折,7級
節,7級
説,7級
戦,7級
浅,7級
選,7級
然,7級
倉,7級
巣,7級
争,7級
側,7級
束,7級
続,7級
卒,7級
孫,7級
帯,7級
隊,7級
達,7級
単,7級
置,7級
仲,7級
貯,7級
兆,7級
腸,7級
低,7級
停,7級
底,7級
的,7級
典,7級
伝,7級
徒,7級
努,7級
灯,7級
働,7級
堂,7級
得,7級
特,7級
毒,7級
熱,7級
念,7級
敗,7級
梅,7級
博,7級
飯,7級
費,7級
飛,7級
必,7級
標,7級
票,7級
不,7級
付,7級
夫,7級
府,7級
副,7級
粉,7級
兵,7級
別,7級
変,7級
辺,7級
便,7級
包,7級
法,7級
望,7級
牧,7級
末,7級
満,7級
未,7級
脈,7級
民,7級
無,7級
約,7級
勇,7級
要,7級
養,7級
浴,7級
利,7級
陸,7級
料,7級
良,7級
量,7級
輪,7級
類,7級
令,7級
例,7級
冷,7級
歴,7級
連,7級
労,7級
老,7級
録,7級
圧,6級
易,6級
移,6級
因,6級
営,6級
永,6級
衛,6級
液,6級
益,6級
演,6級
往,6級
応,6級
恩,6級
仮,6級
価,6級
可,6級
河,6級
過,6級
賀,6級
解,6級
快,6級
格,6級
確,6級
額,6級
刊,6級
幹,6級
慣,6級
眼,6級
基,6級
寄,6級
規,6級
技,6級
義,6級
逆,6級
久,6級
旧,6級
居,6級
許,6級
境,6級
興,6級
均,6級
禁,6級
句,6級
群,6級
経,6級
潔,6級
件,6級
券,6級
検,6級
険,6級
減,6級
現,6級
限,6級
個,6級
故,6級
護,6級
効,6級
厚,6級
構,6級
耕,6級
講,6級
鉱,6級
混,6級
査,6級
再,6級
妻,6級
採,6級
災,6級
際,6級
在,6級
罪,6級
財,6級
桜,6級
雑,6級
賛,6級
酸,6級
師,6級
志,6級
支,6級
枝,6級
資,6級
飼,6級
似,6級
示,6級
識,6級
質,6級
舎,6級
謝,6級
授,6級
修,6級
術,6級
述,6級
準,6級
序,6級
承,6級
招,6級
証,6級
常,6級
情,6級
条,6級
状,6級
織,6級
職,6級
制,6級
勢,6級
性,6級
政,6級
精,6級
製,6級
税,6級
績,6級
責,6級
接,6級
設,6級
絶,6級
舌,6級
銭,6級
祖,6級
素,6級
総,6級
像,6級
増,6級
造,6級
則,6級
測,6級
属,6級
損,6級
態,6級
貸,6級
退,6級
団,6級
断,6級
築,6級
張,6級
提,6級
程,6級
敵,6級
適,6級
統,6級
導,6級
銅,6級
徳,6級
独,6級
任,6級
燃,6級
能,6級
破,6級
判,6級
版,6級
犯,6級
比,6級
肥,6級
非,6級
備,6級
俵,6級
評,6級
貧,6級
婦,6級
富,6級
布,6級
武,6級
復,6級
複,6級
仏,6級
編,6級
弁,6級
保,6級
墓,6級
報,6級
豊,6級
暴,6級
貿,6級
防,6級
務,6級
夢,6級
迷,6級
綿,6級
輸,6級
余,6級
預,6級
容,6級
率,6級
略,6級
留,6級
領,6級
異,5級
遺,5級
域,5級
宇,5級
映,5級
延,5級
沿,5級
我,5級
灰,5級
拡,5級
閣,5級
革,5級
割,5級
株,5級
巻,5級
干,5級
看,5級
簡,5級
危,5級
揮,5級
机,5級
貴,5級
疑,5級
吸,5級
供,5級
胸,5級
郷,5級
勤,5級
筋,5級
敬,5級
系,5級
警,5級
劇,5級
激,5級
穴,5級
憲,5級
権,5級
絹,5級
厳,5級
源,5級
呼,5級
己,5級
誤,5級
后,5級
孝,5級
皇,5級
紅,5級
鋼,5級
降,5級
刻,5級
穀,5級
骨,5級
困,5級
砂,5級
座,5級
済,5級
裁,5級
策,5級
冊,5級
蚕,5級
姿,5級
私,5級
至,5級
視,5級
詞,5級
誌,5級
磁,5級
射,5級
捨,5級
尺,5級
若,5級
樹,5級
収,5級
宗,5級
就,5級
衆,5級
従,5級
縦,5級
縮,5級
熟,5級
純,5級
処,5級
署,5級
諸,5級
除,5級
傷,5級
将,5級
障,5級
城,5級
蒸,5級
針,5級
仁,5級
垂,5級
推,5級
寸,5級
盛,5級
聖,5級
誠,5級
宣,5級
専,5級
泉,5級
洗,5級
染,5級
善,5級
創,5級
奏,5級
層,5級
操,5級
窓,5級
装,5級
臓,5級
蔵,5級
存,5級
尊,5級
宅,5級
担,5級
探,5級
誕,5級
暖,5級
段,5級
値,5級
宙,5級
忠,5級
著,5級
庁,5級
潮,5級
頂,5級
賃,5級
痛,5級
展,5級
党,5級
糖,5級
討,5級
届,5級
難,5級
乳,5級
認,5級
納,5級
脳,5級
派,5級
俳,5級
拝,5級
背,5級
肺,5級
班,5級
晩,5級
否,5級
批,5級
秘,5級
腹,5級
奮,5級
並,5級
閉,5級
陛,5級
片,5級
補,5級
暮,5級
宝,5級
訪,5級
亡,5級
忘,5級
棒,5級
枚,5級
幕,5級
密,5級
盟,5級
模,5級
訳,5級
優,5級
郵,5級
幼,5級
欲,5級
翌,5級
乱,5級
卵,5級
覧,5級
裏,5級
律,5級
臨,5級
朗,5級
論,5級
握,4級
扱,4級
依,4級
偉,4級
威,4級
為,4級
維,4級
緯,4級
違,4級
井,4級
壱,4級
稲,4級
芋,4級
陰,4級
隠,4級
影,4級
鋭,4級
越,4級
援,4級
煙,4級
縁,4級
鉛,4級
汚,4級
奥,4級
押,4級
沖,4級
憶,4級
暇,4級
箇,4級
菓,4級
雅,4級
介,4級
壊,4級
戒,4級
皆,4級
獲,4級
較,4級
刈,4級
乾,4級
勧,4級
歓,4級
汗,4級
環,4級
甘,4級
監,4級
鑑,4級
含,4級
奇,4級
幾,4級
祈,4級
輝,4級
鬼,4級
儀,4級
戯,4級
詰,4級
却,4級
脚,4級
丘,4級
及,4級
朽,4級
巨,4級
拠,4級
距,4級
凶,4級
叫,4級
恐,4級
況,4級
狂,4級
狭,4級
響,4級
驚,4級
仰,4級
駆,4級
屈,4級
掘,4級
繰,4級
傾,4級
恵,4級
継,4級
迎,4級
撃,4級
兼,4級
剣,4級
圏,4級
堅,4級
肩,4級
軒,4級
遣,4級
玄,4級
枯,4級
誇,4級
鼓,4級
互,4級
御,4級
恒,4級
抗,4級
攻,4級
更,4級
稿,4級
荒,4級
項,4級
香,4級
豪,4級
腰,4級
込,4級
婚,4級
鎖,4級
彩,4級
歳,4級
載,4級
剤,4級
咲,4級
惨,4級
伺,4級
刺,4級
旨,4級
紫,4級
脂,4級
雌,4級
執,4級
芝,4級
斜,4級
煮,4級
釈,4級
寂,4級
朱,4級
狩,4級
趣,4級
需,4級
秀,4級
舟,4級
襲,4級
柔,4級
獣,4級
瞬,4級
旬,4級
盾,4級
巡,4級
召,4級
床,4級
沼,4級
称,4級
紹,4級
詳,4級
丈,4級
畳,4級
飾,4級
殖,4級
触,4級
侵,4級
寝,4級
慎,4級
振,4級
浸,4級
薪,4級
震,4級
尋,4級
尽,4級
陣,4級
吹,4級
澄,4級
是,4級
姓,4級
征,4級
跡,4級
占,4級
扇,4級
鮮,4級
訴,4級
僧,4級
燥,4級
騒,4級
贈,4級
即,4級
俗,4級
耐,4級
替,4級
拓,4級
沢,4級
濁,4級
脱,4級
丹,4級
嘆,4級
淡,4級
端,4級
弾,4級
恥,4級
致,4級
遅,4級
蓄,4級
徴,4級
跳,4級
沈,4級
珍,4級
堤,4級
抵,4級
摘,4級
滴,4級
添,4級
殿,4級
吐,4級
渡,4級
途,4級
奴,4級
怒,4級
倒,4級
唐,4級
塔,4級
桃,4級
盗,4級
到,4級
踏,4級
逃,4級
透,4級
闘,4級
胴,4級
峠,4級
突,4級
曇,4級
鈍,4級
弐,4級
悩,4級
濃,4級
杯,4級
輩,4級
拍,4級
泊,4級
薄,4級
迫,4級
爆,4級
髪,4級
罰,4級
抜,4級
搬,4級
繁,4級
般,4級
販,4級
範,4級
盤,4級
彼,4級
疲,4級
被,4級
避,4級
尾,4級
微,4級
匹,4級
描,4級
浜,4級
敏,4級
怖,4級
敷,4級
普,4級
浮,4級
腐,4級
膚,4級
賦,4級
舞,4級
幅,4級
払,4級
噴,4級
柄,4級
壁,4級
舗,4級
捕,4級
峰,4級
抱,4級
砲,4級
傍,4級
坊,4級
帽,4級
忙,4級
冒,4級
肪,4級
凡,4級
盆,4級
慢,4級
漫,4級
妙,4級
眠,4級
矛,4級
霧,4級
娘,4級
茂,4級
猛,4級
網,4級
黙,4級
紋,4級
躍,4級
雄,4級
与,4級
誉,4級
溶,4級
謡,4級
踊,4級
翼,4級
頼,4級
雷,4級
絡,4級
欄,4級
離,4級
粒,4級
慮,4級
療,4級
隣,4級
涙,4級
隷,4級
麗,4級
齢,4級
暦,4級
劣,4級
烈,4級
恋,4級
露,4級
郎,4級
惑,4級
腕,4級
哀,3級
慰,3級
詠,3級
悦,3級
閲,3級
宴,3級
炎,3級
欧,3級
殴,3級
乙,3級
卸,3級
穏,3級
佳,3級
嫁,3級
架,3級
華,3級
餓,3級
塊,3級
怪,3級
悔,3級
慨,3級
概,3級
該,3級
穫,3級
郭,3級
隔,3級
岳,3級
掛,3級
滑,3級
冠,3級
勘,3級
喚,3級
換,3級
敢,3級
緩,3級
肝,3級
貫,3級
企,3級
岐,3級
忌,3級
既,3級
棋,3級
棄,3級
軌,3級
騎,3級
欺,3級
犠,3級
菊,3級
吉,3級
喫,3級
虐,3級
虚,3級
峡,3級
脅,3級
凝,3級
斤,3級
緊,3級
愚,3級
偶,3級
遇,3級
桑,3級
刑,3級
啓,3級
契,3級
憩,3級
掲,3級
携,3級
鶏,3級
鯨,3級
倹,3級
賢,3級
幻,3級
孤,3級
弧,3級
雇,3級
顧,3級
娯,3級
悟,3級
坑,3級
孔,3級
巧,3級
慌,3級
拘,3級
控,3級
甲,3級
硬,3級
絞,3級
綱,3級
郊,3級
酵,3級
克,3級
獄,3級
墾,3級
恨,3級
紺,3級
魂,3級
債,3級
催,3級
削,3級
搾,3級
錯,3級
撮,3級
擦,3級
暫,3級
施,3級
祉,3級
諮,3級
侍,3級
慈,3級
軸,3級
湿,3級
疾,3級
赦,3級
邪,3級
殊,3級
寿,3級
潤,3級
遵,3級
徐,3級
匠,3級
掌,3級
昇,3級
晶,3級
焦,3級
衝,3級
鐘,3級
冗,3級
嬢,3級
譲,3級
錠,3級
嘱,3級
辱,3級
伸,3級
審,3級
辛,3級
炊,3級
粋,3級
衰,3級
遂,3級
酔,3級
随,3級
髄,3級
瀬,3級
牲,3級
請,3級
隻,3級
惜,3級
斥,3級
籍,3級
摂,3級
潜,3級
繕,3級
措,3級
礎,3級
粗,3級
阻,3級
双,3級
掃,3級
葬,3級
遭,3級
憎,3級
促,3級
賊,3級
怠,3級
滞,3級
胎,3級
袋,3級
逮,3級
滝,3級
卓,3級
択,3級
託,3級
諾,3級
奪,3級
胆,3級
鍛,3級
壇,3級
稚,3級
畜,3級
窒,3級
抽,3級
鋳,3級
駐,3級
彫,3級
聴,3級
超,3級
鎮,3級
陳,3級
墜,3級
帝,3級
締,3級
訂,3級
哲,3級
塗,3級
斗,3級
凍,3級
痘,3級
陶,3級
匿,3級
篤,3級
豚,3級
如,3級
尿,3級
粘,3級
婆,3級
排,3級
陪,3級
縛,3級
伐,3級
伴,3級
帆,3級
畔,3級
藩,3級
蛮,3級
卑,3級
泌,3級
碑,3級
姫,3級
漂,3級
苗,3級
符,3級
赴,3級
封,3級
伏,3級
覆,3級
墳,3級
紛,3級
癖,3級
穂,3級
募,3級
慕,3級
簿,3級
倣,3級
奉,3級
崩,3級
縫,3級
胞,3級
芳,3級
邦,3級
飽,3級
乏,3級
妨,3級
房,3級
某,3級
膨,3級
謀,3級
墨,3級
没,3級
翻,3級
魔,3級
埋,3級
膜,3級
又,3級
魅,3級
婿,3級
滅,3級
免,3級
幽,3級
憂,3級
誘,3級
揚,3級
揺,3級
擁,3級
抑,3級
裸,3級
濫,3級
吏,3級
隆,3級
了,3級
猟,3級
糧,3級
陵,3級
厘,3級
励,3級
零,3級
霊,3級
裂,3級
廉,3級
錬,3級
炉,3級
廊,3級
楼,3級
浪,3級
漏,3級
湾,3級
亜,準2級
尉,準2級
逸,準2級
姻,準2級
韻,準2級
渦,準2級
浦,準2級
疫,準2級
謁,準2級
猿,準2級
凹,準2級
翁,準2級
寡,準2級
禍,準2級
稼,準2級
蚊,準2級
懐,準2級
拐,準2級
劾,準2級
涯,準2級
垣,準2級
嚇,準2級
核,準2級
殻,準2級
潟,準2級
喝,準2級
括,準2級
渇,準2級
褐,準2級
轄,準2級
且,準2級
堪,準2級
寛,準2級
患,準2級
憾,準2級
棺,準2級
款,準2級
缶,準2級
艦,準2級
還,準2級
閑,準2級
陥,準2級
頑,準2級
飢,準2級
偽,準2級
宜,準2級
擬,準2級
窮,準2級
糾,準2級
拒,準2級
享,準2級
恭,準2級
挟,準2級
矯,準2級
暁,準2級
琴,準2級
菌,準2級
襟,準2級
謹,準2級
吟,準2級
虞,準2級
隅,準2級
靴,準2級
勲,準2級
薫,準2級
慶,準2級
渓,準2級
茎,準2級
蛍,準2級
傑,準2級
嫌,準2級
懸,準2級
献,準2級
謙,準2級
顕,準2級
弦,準2級
呉,準2級
碁,準2級
侯,準2級
江,準2級
洪,準2級
溝,準2級
肯,準2級
衡,準2級
貢,準2級
購,準2級
剛,準2級
拷,準2級
酷,準2級
懇,準2級
昆,準2級
佐,準2級
唆,準2級
詐,準2級
宰,準2級
栽,準2級
砕,準2級
斎,準2級
崎,準2級
索,準2級
傘,準2級
桟,準2級
嗣,準2級
肢,準2級
賜,準2級
滋,準2級
璽,準2級
漆,準2級
遮,準2級
蛇,準2級
爵,準2級
酌,準2級
珠,準2級
儒,準2級
囚,準2級
愁,準2級
臭,準2級
酬,準2級
醜,準2級
充,準2級
汁,準2級
渋,準2級
銃,準2級
叔,準2級
淑,準2級
粛,準2級
塾,準2級
俊,準2級
准,準2級
循,準2級
殉,準2級
庶,準2級
緒,準2級
叙,準2級
償,準2級
升,準2級
奨,準2級
宵,準2級
尚,準2級
彰,準2級
抄,準2級
渉,準2級
症,準2級
硝,準2級
礁,準2級
祥,準2級
粧,準2級
肖,準2級
訟,準2級
詔,準2級
剰,準2級
壌,準2級
浄,準2級
醸,準2級
唇,準2級
娠,準2級
紳,準2級
診,準2級
刃,準2級
甚,準2級
迅,準2級
酢,準2級
帥,準2級
睡,準2級
崇,準2級
枢,準2級
据,準2級
杉,準2級
畝,準2級
誓,準2級
逝,準2級
斉,準2級
析,準2級
拙,準2級
窃,準2級
仙,準2級
栓,準2級
旋,準2級
繊,準2級
薦,準2級
践,準2級
遷,準2級
漸,準2級
禅,準2級
塑,準2級
疎,準2級
租,準2級
喪,準2級
壮,準2級
捜,準2級
挿,準2級
曹,準2級
槽,準2級
荘,準2級
藻,準2級
霜,準2級
堕,準2級
妥,準2級
惰,準2級
駄,準2級
泰,準2級
濯,準2級
但,準2級
棚,準2級
痴,準2級
逐,準2級
秩,準2級
嫡,準2級
衷,準2級
弔,準2級
懲,準2級
挑,準2級
眺,準2級
勅,準2級
朕,準2級
津,準2級
塚,準2級
漬,準2級
坪,準2級
釣,準2級
亭,準2級
偵,準2級
貞,準2級
呈,準2級
廷,準2級
艇,準2級
逓,準2級
邸,準2級
泥,準2級
徹,準2級
撤,準2級
迭,準2級
悼,準2級
搭,準2級
棟,準2級
筒,準2級
謄,準2級
騰,準2級
洞,準2級
督,準2級
凸,準2級
屯,準2級
縄,準2級
軟,準2級
尼,準2級
妊,準2級
忍,準2級
寧,準2級
猫,準2級
把,準2級
覇,準2級
廃,準2級
培,準2級
媒,準2級
賠,準2級
伯,準2級
舶,準2級
漠,準2級
肌,準2級
鉢,準2級
閥,準2級
煩,準2級
頒,準2級
妃,準2級
扉,準2級
披,準2級
罷,準2級
賓,準2級
頻,準2級
瓶,準2級
扶,準2級
譜,準2級
附,準2級
侮,準2級
沸,準2級
憤,準2級
雰,準2級
丙,準2級
併,準2級
塀,準2級
幣,準2級
弊,準2級
偏,準2級
遍,準2級
俸,準2級
泡,準2級
褒,準2級
剖,準2級
紡,準2級
僕,準2級
撲,準2級
朴,準2級
堀,準2級
奔,準2級
摩,準2級
磨,準2級
麻,準2級
抹,準2級
繭,準2級
岬,準2級
銘,準2級
妄,準2級
盲,準2級
耗,準2級
戻,準2級
厄,準2級
柳,準2級
愉,準2級
癒,準2級
諭,準2級
唯,準2級
悠,準2級
猶,準2級
裕,準2級
融,準2級
庸,準2級
窯,準2級
羅,準2級
酪,準2級
履,準2級
痢,準2級
硫,準2級
竜,準2級
虜,準2級
僚,準2級
寮,準2級
涼,準2級
倫,準2級
塁,準2級
累,準2級
鈴,準2級
賄,準2級
枠,準2級
挨,2級
宛,2級
闇,2級
椅,2級
畏,2級
萎,2級
茨,2級
咽,2級
淫,2級
臼,2級
唄,2級
餌,2級
怨,2級
艶,2級
旺,2級
岡,2級
臆,2級
俺,2級
苛,2級
牙,2級
崖,2級
蓋,2級
骸,2級
柿,2級
顎,2級
葛,2級
釜,2級
鎌,2級
瓦,2級
韓,2級
玩,2級
伎,2級
畿,2級
亀,2級
僅,2級
巾,2級
錦,2級
駒,2級
串,2級
窟,2級
熊,2級
稽,2級
詣,2級
隙,2級
桁,2級
拳,2級
鍵,2級
舷,2級
股,2級
虎,2級
乞,2級
勾,2級
喉,2級
梗,2級
頃,2級
痕,2級
沙,2級
挫,2級
塞,2級
采,2級
阪,2級
埼,2級
柵,2級
拶,2級
斬,2級
鹿,2級
叱,2級
嫉,2級
腫,2級
呪,2級
蹴,2級
拭,2級
尻,2級
芯,2級
腎,2級
須,2級
裾,2級
凄,2級
醒,2級
戚,2級
脊,2級
煎,2級
羨,2級
腺,2級
詮,2級
膳,2級
曽,2級
狙,2級
遡,2級
爽,2級
痩,2級
捉,2級
袖,2級
遜,2級
汰,2級
唾,2級
堆,2級
戴,2級
誰,2級
旦,2級
綻,2級
酎,2級
捗,2級
椎,2級
潰,2級
爪,2級
鶴,2級
諦,2級
溺,2級
填,2級
貼,2級
妬,2級
賭,2級
藤,2級
憧,2級
瞳,2級
栃,2級
頓,2級
奈,2級
那,2級
謎,2級
鍋,2級
匂,2級
虹,2級
捻,2級
罵,2級
剥,2級
箸,2級
斑,2級
氾,2級
汎,2級
眉,2級
膝,2級
肘,2級
媛,2級
阜,2級
蔽,2級
蔑,2級
蜂,2級
貌,2級
頬,2級
睦,2級
勃,2級
昧,2級
枕,2級
蜜,2級
冥,2級
麺,2級
餅,2級
冶,2級
弥,2級
湧,2級
妖,2級
沃,2級
嵐,2級
藍,2級
梨,2級
璃,2級
侶,2級
瞭,2級
瑠,2級
呂,2級
賂,2級
弄,2級
麓,2級
脇,2級
丼,2級
傲,2級
刹,2級
哺,2級
喩,2級
嗅,2級
嘲,2級
毀,2級
彙,2級
恣,2級
惧,2級
慄,2級
憬,2級
拉,2級
摯,2級
曖,2級
楷,2級
鬱,2級
璧,2級
瘍,2級
箋,2級
籠,2級
緻,2級
羞,2級
訃,2級
諧,2級
貪,2級
踪,2級
辣,2級
錮,2級
唖,準1級
娃,準1級
阿,準1級
姶,準1級
逢,準1級
葵,準1級
茜,準1級
穐,準1級
渥,準1級
旭,準1級
葦,準1級
鯵,準1級
梓,準1級
斡,準1級
姐,準1級
虻,準1級
飴,準1級
絢,準1級
綾,準1級
鮎,準1級
或,準1級
粟,準1級
袷,準1級
庵,準1級
按,準1級
鞍,準1級
杏,準1級
伊,準1級
夷,準1級
惟,準1級
謂,準1級
亥,準1級
郁,準1級
磯,準1級
溢,準1級
鰯,準1級
允,準1級
胤,準1級
蔭,準1級
吋,準1級
烏,準1級
迂,準1級
卯,準1級
鵜,準1級
窺,準1級
丑,準1級
碓,準1級
嘘,準1級
欝,準1級
蔚,準1級
鰻,準1級
姥,準1級
厩,準1級
瓜,準1級
閏,準1級
噂,準1級
云,準1級
荏,準1級
叡,準1級
嬰,準1級
曳,準1級
洩,準1級
瑛,準1級
盈,準1級
穎,準1級
頴,準1級
榎,準1級
厭,準1級
堰,準1級
奄,準1級
掩,準1級
焔,準1級
燕,準1級
苑,準1級
薗,準1級
鴛,準1級
於,準1級
甥,準1級
襖,準1級
鴬,準1級
鴎,準1級
荻,準1級
桶,準1級
牡,準1級
伽,準1級
嘉,準1級
珂,準1級
禾,準1級
茄,準1級
蝦,準1級
嘩,準1級
迦,準1級
霞,準1級
俄,準1級
峨,準1級
臥,準1級
蛾,準1級
駕,準1級
廻,準1級
恢,準1級
魁,準1級
晦,準1級
芥,準1級
蟹,準1級
凱,準1級
咳,準1級
碍,準1級
鎧,準1級
浬,準1級
馨,準1級
蛙,準1級
蛎,準1級
鈎,準1級
劃,準1級
廓,準1級
撹,準1級
赫,準1級
笠,準1級
樫,準1級
橿,準1級
梶,準1級
鰍,準1級
恰,準1級
鰹,準1級
叶,準1級
椛,準1級
樺,準1級
鞄,準1級
兜,準1級
竃,準1級
蒲,準1級
噛,準1級
鴨,準1級
茅,準1級
萱,準1級
粥,準1級
苅,準1級
侃,準1級
姦,準1級
柑,準1級
桓,準1級
澗,準1級
潅,準1級
竿,準1級
翰,準1級
莞,準1級
諌,準1級
舘,準1級
巌,準1級
癌,準1級
翫,準1級
贋,準1級
雁,準1級
嬉,準1級
毅,準1級
稀,準1級
徽,準1級
妓,準1級
祇,準1級
蟻,準1級
誼,準1級
掬,準1級
鞠,準1級
吃,準1級
桔,準1級
橘,準1級
砧,準1級
杵,準1級
黍,準1級
仇,準1級
汲,準1級
灸,準1級
笈,準1級
渠,準1級
鋸,準1級
禦,準1級
亨,準1級
侠,準1級
僑,準1級
兇,準1級
匡,準1級
卿,準1級
喬,準1級
彊,準1級
怯,準1級
蕎,準1級
饗,準1級
尭,準1級
桐,準1級
粁,準1級
欣,準1級
欽,準1級
禽,準1級
芹,準1級
衿,準1級
倶,準1級
狗,準1級
玖,準1級
矩,準1級
躯,準1級
駈,準1級
喰,準1級
寓,準1級
櫛,準1級
釧,準1級
屑,準1級
沓,準1級
轡,準1級
窪,準1級
隈,準1級
粂,準1級
栗,準1級
鍬,準1級
卦,準1級
袈,準1級
祁,準1級
圭,準1級
珪,準1級
慧,準1級
桂,準1級
畦,準1級
繋,準1級
罫,準1級
荊,準1級
頚,準1級
戟,準1級
訣,準1級
倦,準1級
喧,準1級
捲,準1級
牽,準1級
硯,準1級
鹸,準1級
絃,準1級
諺,準1級
乎,準1級
姑,準1級
狐,準1級
糊,準1級
袴,準1級
胡,準1級
菰,準1級
跨,準1級
鈷,準1級
伍,準1級
吾,準1級
梧,準1級
檎,準1級
瑚,準1級
醐,準1級
鯉,準1級
佼,準1級
倖,準1級
垢,準1級
宏,準1級
巷,準1級
庚,準1級
弘,準1級
昂,準1級
晃,準1級
杭,準1級
浩,準1級
糠,準1級
紘,準1級
肱,準1級
腔,準1級
膏,準1級
砿,準1級
閤,準1級
鴻,準1級
劫,準1級
壕,準1級
濠,準1級
轟,準1級
麹,準1級
鵠,準1級
漉,準1級
甑,準1級
忽,準1級
惚,準1級
狛,準1級
此,準1級
坤,準1級
昏,準1級
梱,準1級
艮,準1級
些,準1級
叉,準1級
嵯,準1級
瑳,準1級
裟,準1級
坐,準1級
哉,準1級
犀,準1級
砦,準1級
冴,準1級
堺,準1級
榊,準1級
肴,準1級
鷺,準1級
朔,準1級
窄,準1級
鮭,準1級
笹,準1級
匙,準1級
薩,準1級
皐,準1級
鯖,準1級
捌,準1級
錆,準1級
鮫,準1級
晒,準1級
撒,準1級
燦,準1級
珊,準1級
纂,準1級
讃,準1級
餐,準1級
仔,準1級
屍,準1級
孜,準1級
斯,準1級
獅,準1級
爾,準1級
痔,準1級
而,準1級
蒔,準1級
汐,準1級
鴫,準1級
竺,準1級
宍,準1級
雫,準1級
悉,準1級
蔀,準1級
篠,準1級
偲,準1級
柴,準1級
屡,準1級
蕊,準1級
縞,準1級
紗,準1級
勺,準1級
杓,準1級
灼,準1級
錫,準1級
惹,準1級
綬,準1級
洲,準1級
繍,準1級
蒐,準1級
輯,準1級
酋,準1級
什,準1級
戎,準1級
夙,準1級
峻,準1級
竣,準1級
舜,準1級
駿,準1級
楯,準1級
淳,準1級
醇,準1級
曙,準1級
渚,準1級
薯,準1級
藷,準1級
恕,準1級
鋤,準1級
哨,準1級
嘗,準1級
妾,準1級
娼,準1級
庄,準1級
廠,準1級
捷,準1級
昌,準1級
梢,準1級
樟,準1級
樵,準1級
湘,準1級
菖,準1級
蒋,準1級
蕉,準1級
裳,準1級
醤,準1級
鉦,準1級
鍾,準1級
鞘,準1級
丞,準1級
擾,準1級
杖,準1級
穣,準1級
埴,準1級
燭,準1級
蝕,準1級
晋,準1級
榛,準1級
疹,準1級
秦,準1級
塵,準1級
壬,準1級
訊,準1級
靭,準1級
笥,準1級
諏,準1級
厨,準1級
逗,準1級
翠,準1級
錐,準1級
錘,準1級
瑞,準1級
嵩,準1級
趨,準1級
雛,準1級
椙,準1級
菅,準1級
頗,準1級
雀,準1級
摺,準1級
棲,準1級
栖,準1級
脆,準1級
蹟,準1級
碩,準1級
蝉,準1級
尖,準1級
撰,準1級
栴,準1級
煽,準1級
穿,準1級
箭,準1級
舛,準1級
賎,準1級
銑,準1級
閃,準1級
糎,準1級
噌,準1級
岨,準1級
曾,準1級
楚,準1級
疏,準1級
蘇,準1級
鼠,準1級
叢,準1級
宋,準1級
匝,準1級
惣,準1級
掻,準1級
槍,準1級
漕,準1級
糟,準1級
綜,準1級
聡,準1級
蒼,準1級
鎗,準1級
其,準1級
揃,準1級
詑,準1級
柁,準1級
舵,準1級
楕,準1級
陀,準1級
騨,準1級
岱,準1級
腿,準1級
苔,準1級
黛,準1級
鯛,準1級
醍,準1級
鷹,準1級
啄,準1級
托,準1級
琢,準1級
鐸,準1級
茸,準1級
凧,準1級
蛸,準1級
只,準1級
叩,準1級
辰,準1級
巽,準1級
竪,準1級
辿,準1級
狸,準1級
鱈,準1級
樽,準1級
坦,準1級
歎,準1級
湛,準1級
箪,準1級
耽,準1級
蛋,準1級
檀,準1級
弛,準1級
智,準1級
蜘,準1級
馳,準1級
筑,準1級
註,準1級
樗,準1級
瀦,準1級
猪,準1級
苧,準1級
凋,準1級
喋,準1級
寵,準1級
帖,準1級
暢,準1級
牒,準1級
脹,準1級
蝶,準1級
諜,準1級
銚,準1級
槌,準1級
鎚,準1級
栂,準1級
掴,準1級
槻,準1級
佃,準1級
柘,準1級
辻,準1級
蔦,準1級
綴,準1級
鍔,準1級
椿,準1級
壷,準1級
嬬,準1級
紬,準1級
吊,準1級
剃,準1級
悌,準1級
挺,準1級
梯,準1級
汀,準1級
碇,準1級
禎,準1級
蹄,準1級
鄭,準1級
釘,準1級
鼎,準1級
擢,準1級
鏑,準1級
轍,準1級
纏,準1級
甜,準1級
顛,準1級
澱,準1級
兎,準1級
堵,準1級
杜,準1級
菟,準1級
鍍,準1級
砥,準1級
砺,準1級
塘,準1級
套,準1級
宕,準1級
嶋,準1級
梼,準1級
淘,準1級
涛,準1級
祷,準1級
董,準1級
蕩,準1級
鐙,準1級
撞,準1級
萄,準1級
鴇,準1級
涜,準1級
禿,準1級
橡,準1級
椴,準1級
鳶,準1級
苫,準1級
寅,準1級
酉,準1級
瀞,準1級
噸,準1級
惇,準1級
敦,準1級
沌,準1級
遁,準1級
呑,準1級
乍,準1級
凪,準1級
薙,準1級
灘,準1級
捺,準1級
楢,準1級
馴,準1級
畷,準1級
楠,準1級
汝,準1級
賑,準1級
廿,準1級
韮,準1級
濡,準1級
禰,準1級
祢,準1級
葱,準1級
撚,準1級
乃,準1級
廼,準1級
之,準1級
埜,準1級
嚢,準1級
膿,準1級
覗,準1級
蚤,準1級
巴,準1級
播,準1級
杷,準1級
琶,準1級
芭,準1級
盃,準1級
牌,準1級
楳,準1級
煤,準1級
狽,準1級
這,準1級
蝿,準1級
秤,準1級
矧,準1級
萩,準1級
柏,準1級
箔,準1級
粕,準1級
曝,準1級
莫,準1級
駁,準1級
函,準1級
硲,準1級
肇,準1級
筈,準1級
幡,準1級
畠,準1級
溌,準1級
醗,準1級
筏,準1級
鳩,準1級
噺,準1級
塙,準1級
蛤,準1級
隼,準1級
叛,準1級
挽,準1級
磐,準1級
蕃,準1級
匪,準1級
庇,準1級
斐,準1級
緋,準1級
誹,準1級
樋,準1級
簸,準1級
枇,準1級
毘,準1級
琵,準1級
柊,準1級
稗,準1級
疋,準1級
髭,準1級
彦,準1級
菱,準1級
弼,準1級
畢,準1級
逼,準1級
桧,準1級
紐,準1級
謬,準1級
彪,準1級
瓢,準1級
豹,準1級
廟,準1級
錨,準1級
鋲,準1級
蒜,準1級
蛭,準1級
鰭,準1級
彬,準1級
斌,準1級
瀕,準1級
埠,準1級
斧,準1級
芙,準1級
撫,準1級
葡,準1級
蕪,準1級
楓,準1級
葺,準1級
蕗,準1級
淵,準1級
弗,準1級
鮒,準1級
吻,準1級
扮,準1級
焚,準1級
糞,準1級
頁,準1級
僻,準1級
碧,準1級
瞥,準1級
箆,準1級
篇,準1級
娩,準1級
鞭,準1級
鋪,準1級
圃,準1級
甫,準1級
輔,準1級
戊,準1級
菩,準1級
呆,準1級
峯,準1級
庖,準1級
捧,準1級
朋,準1級
烹,準1級
萌,準1級
蓬,準1級
鋒,準1級
鳳,準1級
鵬,準1級
鉾,準1級
吠,準1級
卜,準1級
穆,準1級
釦,準1級
殆,準1級
幌,準1級
哩,準1級
槙,準1級
鮪,準1級
柾,準1級
鱒,準1級
亦,準1級
俣,準1級
沫,準1級
迄,準1級
麿,準1級
蔓,準1級
巳,準1級
箕,準1級
湊,準1級
蓑,準1級
稔,準1級
粍,準1級
牟,準1級
鵡,準1級
椋,準1級
姪,準1級
牝,準1級
棉,準1級
緬,準1級
摸,準1級
孟,準1級
蒙,準1級
儲,準1級
杢,準1級
勿,準1級
尤,準1級
籾,準1級
貰,準1級
悶,準1級
匁,準1級
也,準1級
爺,準1級
耶,準1級
靖,準1級
薮,準1級
鑓,準1級
愈,準1級
佑,準1級
宥,準1級
揖,準1級
柚,準1級
涌,準1級
猷,準1級
祐,準1級
邑,準1級
輿,準1級
傭,準1級
楊,準1級
熔,準1級
耀,準1級
蓉,準1級
遥,準1級
慾,準1級
淀,準1級
螺,準1級
莱,準1級
洛,準1級
蘭,準1級
李,準1級
裡,準1級
葎,準1級
掠,準1級
劉,準1級
溜,準1級
琉,準1級
亮,準1級
凌,準1級
梁,準1級
稜,準1級
諒,準1級
遼,準1級
淋,準1級
燐,準1級
琳,準1級
鱗,準1級
麟,準1級
伶,準1級
嶺,準1級
怜,準1級
玲,準1級
苓,準1級
憐,準1級
漣,準1級
煉,準1級
簾,準1級
聯,準1級
蓮,準1級
魯,準1級
櫓,準1級
婁,準1級
牢,準1級
狼,準1級
篭,準1級
聾,準1級
蝋,準1級
禄,準1級
肋,準1級
倭,準1級
歪,準1級
鷲,準1級
亙,準1級
亘,準1級
鰐,準1級
詫,準1級
藁,準1級
蕨,準1級
椀,準1級
碗,準1級
儘,準1級
兔,準1級
凰,準1級
凾,準1級
厰,準1級
咒,準1級
壺,準1級
峩,準1級
崕,準1級
嵳,準1級
廐,準1級
廏,準1級
廚,準1級
攪,準1級
檜,準1級
檮,準1級
橢,準1級
濤,準1級
渕,準1級
溯,準1級
漑,準1級
灌,準1級
潴,準1級
皋,準1級
礦,準1級
礪,準1級
龝,準1級
竈,準1級
篦,準1級
纒,準1級
翆,準1級
聨,準1級
苒,準1級
莵,準1級
萠,準1級
葢,準1級
蘂,準1級
蕋,準1級
藪,準1級
蠣,準1級
蛛,準1級
蠅,準1級
蠏,準1級
諫,準1級
讚,準1級
豎,準1級
賤,準1級
迺,準1級
鉤,準1級
鎔,準1級
靱,準1級
韃,準1級
韭,準1級
頸,準1級
鰺,準1級
鴈,準1級
鴦,準1級
鶯,準1級
鸚,準1級
麒,準1級
麪,準1級
芦,1級
讐,1級
屠,1級
櫨,1級
桝,1級
榔,1級
弌,1級
丐,1級
丕,1級
丱,1級
乂,1級
乖,1級
舒,1級
弍,1級
于,1級
亟,1級
亢,1級
亶,1級
仍,1級
仄,1級
仆,1級
仂,1級
仗,1級
仞,1級
仭,1級
仟,1級
价,1級
伉,1級
佚,1級
估,1級
佝,1級
佗,1級
佇,1級
佶,1級
侈,1級
侏,1級
侘,1級
佻,1級
佩,1級
佰,1級
侑,1級
佯,1級
侖,1級
俔,1級
俟,1級
俎,1級
俘,1級
俛,1級
俑,1級
俚,1級
俐,1級
俤,1級
俥,1級
倚,1級
倨,1級
倔,1級
倪,1級
倥,1級
倅,1級
伜,1級
俶,1級
倡,1級
倩,1級
倬,1級
俾,1級
俯,1級
們,1級
倆,1級
偃,1級
偕,1級
偐,1級
偈,1級
做,1級
偖,1級
偬,1級
偸,1級
傀,1級
傚,1級
傅,1級
傴,1級
僉,1級
僊,1級
僂,1級
僖,1級
僥,1級
僭,1級
僣,1級
僮,1級
僵,1級
儁,1級
儂,1級
儕,1級
儔,1級
儚,1級
儡,1級
儺,1級
儷,1級
儼,1級
儻,1級
兀,1級
兌,1級
兢,1級
兪,1級
冀,1級
冉,1級
冏,1級
冑,1級
冓,1級
冕,1級
冤,1級
冢,1級
冪,1級
冱,1級
冽,1級
凅,1級
凛,1級
几,1級
凩,1級
凭,1級
刋,1級
刔,1級
刎,1級
刪,1級
刮,1級
刳,1級
剏,1級
剄,1級
剋,1級
剌,1級
剞,1級
剔,1級
剪,1級
剴,1級
剳,1級
剿,1級
剽,1級
劈,1級
劬,1級
劭,1級
劼,1級
勁,1級
勍,1級
勗,1級
勣,1級
勦,1級
飭,1級
勠,1級
匆,1級
匈,1級
甸,1級
匍,1級
匐,1級
匏,1級
匕,1級
匚,1級
匣,1級
匯,1級
匱,1級
匳,1級
卅,1級
丗,1級
卉,1級
卍,1級
卮,1級
卻,1級
厖,1級
厥,1級
簒,1級
叟,1級
曼,1級
燮,1級
叮,1級
叨,1級
叭,1級
叺,1級
吁,1級
吽,1級
听,1級
吭,1級
吼,1級
吮,1級
吶,1級
吩,1級
吝,1級
呎,1級
咏,1級
呵,1級
咎,1級
呟,1級
呱,1級
呷,1級
呰,1級
呻,1級
咀,1級
呶,1級
咄,1級
咐,1級
咆,1級
哇,1級
咢,1級
咸,1級
咥,1級
咬,1級
哄,1級
哈,1級
咨,1級
咫,1級
哂,1級
咤,1級
哥,1級
哦,1級
唏,1級
唔,1級
哽,1級
哮,1級
哭,1級
哢,1級
唹,1級
啀,1級
啣,1級
售,1級
啜,1級
啅,1級
啖,1級
啗,1級
唸,1級
唳,1級
喙,1級
喀,1級
喊,1級
喟,1級
啻,1級
啾,1級
喘,1級
喞,1級
啼,1級
喃,1級
喇,1級
喨,1級
嗚,1級
嗟,1級
嗄,1級
嗜,1級
嗤,1級
嗔,1級
嘔,1級
嗷,1級
嘖,1級
嗾,1級
嗽,1級
嘛,1級
噎,1級
嘴,1級
嘶,1級
嘸,1級
噫,1級
噤,1級
嘯,1級
噬,1級
噪,1級
嚆,1級
嚀,1級
嚊,1級
嚠,1級
嚔,1級
嚏,1級
嚥,1級
嚮,1級
嚶,1級
囂,1級
嚼,1級
囁,1級
囃,1級
囀,1級
囈,1級
囓,1級
囮,1級
囹,1級
圀,1級
囿,1級
圄,1級
圉,1級
嗇,1級
圜,1級
圦,1級
坎,1級
圻,1級
址,1級
坏,1級
坩,1級
坡,1級
坿,1級
垓,1級
垠,1級
垤,1級
埃,1級
埆,1級
埒,1級
堊,1級
堋,1級
堙,1級
堝,1級
堡,1級
塋,1級
塒,1級
堽,1級
塹,1級
墅,1級
墟,1級
壅,1級
壑,1級
壙,1級
壜,1級
壟,1級
壼,1級
夐,1級
夥,1級
夬,1級
夭,1級
夲,1級
夸,1級
夾,1級
奕,1級
奐,1級
奎,1級
奚,1級
奘,1級
奢,1級
奠,1級
奸,1級
妁,1級
妝,1級
佞,1級
妣,1級
妲,1級
姆,1級
姨,1級
姜,1級
妍,1級
姙,1級
姚,1級
娥,1級
娟,1級
娑,1級
娜,1級
娉,1級
婀,1級
婬,1級
婉,1級
娵,1級
娶,1級
婢,1級
婪,1級
媚,1級
媼,1級
媾,1級
嫋,1級
嫂,1級
媽,1級
嫣,1級
嫗,1級
嫦,1級
嫩,1級
嫖,1級
嫺,1級
嫻,1級
嬌,1級
嬋,1級
嬖,1級
嬲,1級
嬪,1級
嬶,1級
嬾,1級
孅,1級
孀,1級
孑,1級
孕,1級
孚,1級
孛,1級
孥,1級
孩,1級
孰,1級
孳,1級
孵,1級
孺,1級
宦,1級
宸,1級
寇,1級
寔,1級
寐,1級
寤,1級
寞,1級
寥,1級
寰,1級
尠,1級
尨,1級
尸,1級
尹,1級
屁,1級
屎,1級
屓,1級
屏,1級
孱,1級
屮,1級
屶,1級
屹,1級
岌,1級
岑,1級
岔,1級
岫,1級
峙,1級
峭,1級
峪,1級
崟,1級
崛,1級
崑,1級
崔,1級
崢,1級
崚,1級
崙,1級
崘,1級
嵌,1級
嵒,1級
嵎,1級
嵋,1級
嵬,1級
嶇,1級
嶄,1級
嶂,1級
嶢,1級
嶝,1級
嶬,1級
嶮,1級
嶷,1級
嶼,1級
巉,1級
巍,1級
巓,1級
巒,1級
巫,1級
已,1級
帚,1級
帙,1級
帑,1級
帛,1級
帷,1級
幄,1級
幃,1級
幀,1級
幎,1級
幗,1級
幔,1級
幟,1級
幢,1級
幇,1級
幵,1級
并,1級
幺,1級
麼,1級
庠,1級
廁,1級
廂,1級
廈,1級
廖,1級
廝,1級
廛,1級
廡,1級
廨,1級
廩,1級
廬,1級
廱,1級
廸,1級
彝,1級
彜,1級
弋,1級
弑,1級
弖,1級
弩,1級
弭,1級
弸,1級
彎,1級
弯,1級
彗,1級
彭,1級
彷,1級
徂,1級
彿,1級
徊,1級
很,1級
徇,1級
徙,1級
徘,1級
徨,1級
徭,1級
徼,1級
忖,1級
忻,1級
忤,1級
忸,1級
忱,1級
忝,1級
忿,1級
怡,1級
怙,1級
怩,1級
怎,1級
怱,1級
怛,1級
怕,1級
怫,1級
怦,1級
怏,1級
怺,1級
恚,1級
恁,1級
恪,1級
恟,1級
恊,1級
恍,1級
恃,1級
恤,1級
恂,1級
恬,1級
恫,1級
恙,1級
悁,1級
悍,1級
悃,1級
悚,1級
悄,1級
悛,1級
悖,1級
悒,1級
悧,1級
悋,1級
悸,1級
惓,1級
悴,1級
忰,1級
悽,1級
惆,1級
悵,1級
惘,1級
慍,1級
愕,1級
愆,1級
惶,1級
惷,1級
愀,1級
惴,1級
惺,1級
愃,1級
惻,1級
愍,1級
愎,1級
慇,1級
愾,1級
愨,1級
愧,1級
慊,1級
愿,1級
愬,1級
愴,1級
慂,1級
慳,1級
慷,1級
慙,1級
慚,1級
慫,1級
慴,1級
慥,1級
慟,1級
慝,1級
慓,1級
慵,1級
憖,1級
憔,1級
憚,1級
憊,1級
憑,1級
憫,1級
憮,1級
懌,1級
懊,1級
懈,1級
懃,1級
懆,1級
憺,1級
懋,1級
罹,1級
懍,1級
懦,1級
懣,1級
懶,1級
懺,1級
懴,1級
懿,1級
懽,1級
懼,1級
懾,1級
戈,1級
戉,1級
戍,1級
戌,1級
戔,1級
戛,1級
戞,1級
戡,1級
截,1級
戮,1級
戳,1級
扁,1級
扎,1級
扞,1級
扣,1級
扛,1級
扠,1級
扨,1級
扼,1級
抉,1級
找,1級
抒,1級
抓,1級
抖,1級
抃,1級
抔,1級
拗,1級
拑,1級
抻,1級
拏,1級
拿,1級
拆,1級
拈,1級
拌,1級
拊,1級
拇,1級
抛,1級
挌,1級
拮,1級
拱,1級
挂,1級
挈,1級
拯,1級
拵,1級
捐,1級
捍,1級
捏,1級
掖,1級
掎,1級
掀,1級
掫,1級
捶,1級
掣,1級
掏,1級
掉,1級
掟,1級
捫,1級
捩,1級
掾,1級
揩,1級
揀,1級
揆,1級
揣,1級
揉,1級
揶,1級
揄,1級
搴,1級
搆,1級
搓,1級
搦,1級
搶,1級
搗,1級
搨,1級
搏,1級
摧,1級
摶,1級
摎,1級
撕,1級
撓,1級
撥,1級
撩,1級
撈,1級
撼,1級
擒,1級
擅,1級
撻,1級
擘,1級
擂,1級
擱,1級
擠,1級
擡,1級
抬,1級
擣,1級
擯,1級
攬,1級
擲,1級
擺,1級
攀,1級
擽,1級
攘,1級
攅,1級
攤,1級
攣,1級
攫,1級
畋,1級
敖,1級
敞,1級
敝,1級
敲,1級
斂,1級
斃,1級
斛,1級
斟,1級
斫,1級
旃,1級
旆,1級
旁,1級
旄,1級
旌,1級
旒,1級
旛,1級
旱,1級
杲,1級
昊,1級
昃,1級
旻,1級
杳,1級
昵,1級
昶,1級
昴,1級
昜,1級
晏,1級
晁,1級
晞,1級
晤,1級
晧,1級
晨,1級
晟,1級
晢,1級
晰,1級
暈,1級
暉,1級
暄,1級
暘,1級
暝,1級
曁,1級
暹,1級
暾,1級
曄,1級
曚,1級
曠,1級
昿,1級
曦,1級
曩,1級
曰,1級
曷,1級
朏,1級
朞,1級
朦,1級
朧,1級
霸,1級
朮,1級
朿,1級
朶,1級
朸,1級
杆,1級
杞,1級
杠,1級
杙,1級
杣,1級
枉,1級
杼,1級
杪,1級
枌,1級
枋,1級
枡,1級
枅,1級
枷,1級
柯,1級
枴,1級
柬,1級
枳,1級
柩,1級
枸,1級
柤,1級
柞,1級
柝,1級
柢,1級
柮,1級
枹,1級
柎,1級
栞,1級
框,1級
栩,1級
桀,1級
栲,1級
桎,1級
梳,1級
栫,1級
桙,1級
桷,1級
桿,1級
梟,1級
梏,1級
梭,1級
梔,1級
梛,1級
梃,1級
桴,1級
梵,1級
梠,1級
梺,1級
椏,1級
椁,1級
棊,1級
椈,1級
棘,1級
棍,1級
棕,1級
椶,1級
椒,1級
椄,1級
棗,1級
棣,1級
棹,1級
棠,1級
椚,1級
楹,1級
楸,1級
楫,1級
楔,1級
楾,1級
楮,1級
椹,1級
椽,1級
椰,1級
楡,1級
楞,1級
楝,1級
榁,1級
槐,1級
槁,1級
槓,1級
榾,1級
槎,1級
寨,1級
槊,1級
榻,1級
槃,1級
榧,1級
榑,1級
榜,1級
榕,1級
榴,1級
槨,1級
樛,1級
槿,1級
槹,1級
槲,1級
槧,1級
樅,1級
榱,1級
槭,1級
樔,1級
樊,1級
樒,1級
櫁,1級
橄,1級
橇,1級
橙,1級
橦,1級
橈,1級
樸,1級
檐,1級
檠,1級
檄,1級
檣,1級
檗,1級
蘗,1級
檻,1級
櫃,1級
櫂,1級
檸,1級
檳,1級
檬,1級
櫟,1級
檪,1級
櫚,1級
櫪,1級
欅,1級
蘖,1級
櫺,1級
欒,1級
欖,1級
欸,1級
欷,1級
欹,1級
歇,1級
歃,1級
歉,1級
歙,1級
歔,1級
歛,1級
歟,1級
歿,1級
殀,1級
殄,1級
殃,1級
殍,1級
殞,1級
殤,1級
殪,1級
殫,1級
殯,1級
殲,1級
殱,1級
殷,1級
毋,1級
毟,1級
毬,1級
毫,1級
毳,1級
毯,1級
麾,1級
氈,1級
氓,1級
氛,1級
汞,1級
汕,1級
汪,1級
沂,1級
沍,1級
沚,1級
沁,1級
沛,1級
汨,1級
沐,1級
泄,1級
泓,1級
沽,1級
泗,1級
泅,1級
泝,1級
沮,1級
沱,1級
沾,1級
泛,1級
泯,1級
泪,1級
洟,1級
衍,1級
洶,1級
洫,1級
洽,1級
洸,1級
洵,1級
洒,1級
洌,1級
浣,1級
涓,1級
浚,1級
浹,1級
浙,1級
涎,1級
涕,1級
涅,1級
淹,1級
涵,1級
涸,1級
淆,1級
淬,1級
淌,1級
淒,1級
淅,1級
淙,1級
淤,1級
淪,1級
渭,1級
湮,1級
渙,1級
湲,1級
渾,1級
渣,1級
湫,1級
渫,1級
湍,1級
渟,1級
湃,1級
渺,1級
湎,1級
渝,1級
游,1級
溂,1級
溘,1級
滉,1級
溷,1級
滓,1級
溽,1級
滄,1級
溲,1級
滔,1級
滕,1級
溏,1級
溥,1級
滂,1級
溟,1級
滬,1級
滸,1級
滾,1級
漿,1級
滲,1級
漱,1級
漲,1級
滌,1級
漾,1級
漓,1級
滷,1級
澆,1級
潺,1級
潸,1級
潯,1級
潭,1級
澂,1級
潘,1級
澎,1級
潦,1級
澳,1級
澣,1級
澡,1級
澹,1級
濆,1級
澪,1級
濬,1級
濔,1級
濘,1級
濛,1級
瀉,1級
瀋,1級
濺,1級
瀑,1級
瀁,1級
瀏,1級
濾,1級
瀛,1級
瀚,1級
瀝,1級
瀟,1級
瀰,1級
瀾,1級
瀲,1級
灑,1級
炙,1級
炒,1級
炯,1級
烱,1級
炬,1級
炸,1級
炳,1級
炮,1級
烟,1級
烋,1級
烝,1級
烙,1級
焉,1級
烽,1級
焜,1級
焙,1級
煥,1級
煕,1級
熈,1級
煦,1級
煢,1級
煌,1級
煖,1級
煬,1級
熏,1級
燻,1級
熄,1級
熕,1級
熨,1級
熬,1級
燗,1級
熹,1級
熾,1級
燉,1級
燔,1級
燎,1級
燠,1級
燬,1級
燧,1級
燵,1級
燼,1級
燹,1級
燿,1級
爍,1級
爛,1級
爨,1級
爬,1級
爰,1級
牀,1級
牆,1級
牋,1級
牘,1級
牴,1級
牾,1級
犂,1級
犁,1級
犇,1級
犒,1級
犖,1級
犢,1級
犲,1級
狃,1級
狆,1級
狄,1級
狎,1級
狒,1級
狢,1級
狠,1級
狡,1級
狷,1級
倏,1級
猗,1級
猊,1級
猜,1級
猖,1級
猝,1級
猴,1級
猯,1級
猩,1級
猥,1級
猾,1級
獏,1級
獗,1級
獪,1級
獰,1級
獺,1級
珈,1級
玳,1級
玻,1級
珀,1級
珥,1級
珮,1級
珞,1級
璢,1級
琅,1級
瑯,1級
琥,1級
琲,1級
琺,1級
瑕,1級
瑟,1級
瑙,1級
瑁,1級
瑜,1級
瑩,1級
瑰,1級
瑣,1級
瑪,1級
瑶,1級
瑾,1級
璋,1級
璞,1級
瓊,1級
瓏,1級
瓔,1級
瓠,1級
瓣,1級
瓧,1級
瓩,1級
瓮,1級
瓲,1級
瓰,1級
瓱,1級
瓸,1級
瓷,1級
甄,1級
甃,1級
甅,1級
甌,1級
甎,1級
甍,1級
甕,1級
甓,1級
甦,1級
畛,1級
畚,1級
畤,1級
畭,1級
畸,1級
疆,1級
疇,1級
畴,1級
疔,1級
疚,1級
疝,1級
疥,1級
疣,1級
痂,1級
疳,1級
痃,1級
疵,1級
疽,1級
疸,1級
疼,1級
疱,1級
痍,1級
痊,1級
痒,1級
痙,1級
痣,1級
痞,1級
痾,1級
痿,1級
痼,1級
瘁,1級
痰,1級
痺,1級
痲,1級
痳,1級
瘋,1級
瘉,1級
瘟,1級
瘧,1級
瘠,1級
瘡,1級
瘢,1級
瘤,1級
瘴,1級
瘰,1級
瘻,1級
癇,1級
癈,1級
癆,1級
癜,1級
癘,1級
癢,1級
癨,1級
癩,1級
癪,1級
癧,1級
癬,1級
癰,1級
癲,1級
癸,1級
皎,1級
皖,1級
皓,1級
皙,1級
皚,1級
皰,1級
皴,1級
皸,1級
皹,1級
皺,1級
盂,1級
盍,1級
盒,1級
盞,1級
盥,1級
盧,1級
盪,1級
蘯,1級
盻,1級
眈,1級
眇,1級
眄,1級
眩,1級
眥,1級
眦,1級
眛,1級
眷,1級
眸,1級
睇,1級
睚,1級
睨,1級
睫,1級
睛,1級
睥,1級
睾,1級
睹,1級
瞎,1級
瞋,1級
瞑,1級
瞠,1級
瞞,1級
瞰,1級
瞿,1級
瞼,1級
瞽,1級
瞻,1級
矇,1級
矍,1級
矚,1級
矜,1級
矣,1級
矮,1級
矼,1級
砌,1級
砒,1級
砠,1級
硅,1級
硼,1級
碚,1級
碌,1級
碣,1級
碪,1級
磑,1級
磋,1級
磔,1級
碾,1級
碼,1級
磅,1級
磊,1級
磬,1級
磧,1級
磚,1級
磽,1級
磴,1級
礒,1級
礑,1級
礙,1級
礬,1級
礫,1級
祀,1級
祠,1級
祗,1級
祟,1級
祚,1級
祓,1級
祺,1級
禊,1級
禝,1級
禧,1級
禳,1級
禹,1級
禺,1級
秉,1級
秕,1級
秧,1級
秬,1級
秣,1級
稈,1級
稍,1級
稠,1級
稟,1級
禀,1級
稷,1級
穡,1級
穢,1級
穹,1級
穽,1級
窈,1級
窕,1級
窘,1級
窖,1級
窩,1級
窶,1級
竅,1級
竄,1級
窿,1級
邃,1級
竇,1級
竍,1級
竏,1級
竕,1級
竓,1級
站,1級
竚,1級
竡,1級
竢,1級
竦,1級
竭,1級
竰,1級
笏,1級
笊,1級
笆,1級
笳,1級
笘,1級
笙,1級
笞,1級
笵,1級
笨,1級
筐,1級
筺,1級
笄,1級
筍,1級
笋,1級
筌,1級
筅,1級
筵,1級
筥,1級
筴,1級
筧,1級
筰,1級
筱,1級
筬,1級
筮,1級
箝,1級
箘,1級
箍,1級
箜,1級
箚,1級
箒,1級
箏,1級
筝,1級
箙,1級
篋,1級
篁,1級
篌,1級
箴,1級
篆,1級
篝,1級
篩,1級
簑,1級
簔,1級
篥,1級
簀,1級
簇,1級
簓,1級
篳,1級
篷,1級
簗,1級
簍,1級
簣,1級
簧,1級
簪,1級
簟,1級
簷,1級
簫,1級
簽,1級
籌,1級
籃,1級
籔,1級
籀,1級
籐,1級
籟,1級
籤,1級
籖,1級
籥,1級
籬,1級
籵,1級
粃,1級
粤,1級
粢,1級
粨,1級
粳,1級
粲,1級
粱,1級
粽,1級
糀,1級
糅,1級
糂,1級
糒,1級
糜,1級
鬻,1級
糯,1級
糲,1級
糴,1級
糶,1級
糺,1級
紆,1級
紂,1級
紜,1級
紕,1級
紊,1級
絅,1級
紮,1級
紲,1級
紿,1級
紵,1級
絆,1級
絳,1級
絖,1級
絎,1級
絨,1級
絮,1級
絏,1級
絣,1級
綉,1級
絛,1級
綏,1級
絽,1級
綛,1級
綺,1級
綮,1級
綣,1級
綵,1級
緇,1級
綽,1級
綫,1級
綢,1級
綯,1級
綸,1級
綟,1級
綰,1級
緘,1級
緝,1級
緤,1級
緞,1級
緲,1級
緡,1級
縅,1級
縊,1級
縡,1級
縒,1級
縟,1級
縉,1級
縋,1級
縢,1級
繆,1級
繦,1級
縻,1級
縵,1級
縹,1級
繃,1級
縷,1級
縲,1級
縺,1級
繧,1級
繝,1級
繖,1級
繞,1級
繙,1級
繚,1級
繹,1級
繻,1級
纃,1級
繽,1級
辮,1級
纈,1級
纉,1級
纐,1級
纓,1級
纔,1級
纛,1級
纜,1級
缸,1級
罅,1級
罌,1級
罍,1級
罎,1級
罕,1級
罔,1級
罘,1級
罟,1級
罠,1級
罨,1級
罩,1級
罧,1級
羂,1級
羆,1級
羃,1級
羈,1級
羇,1級
羌,1級
羔,1級
羝,1級
羚,1級
羯,1級
羲,1級
羹,1級
羶,1級
羸,1級
翅,1級
翊,1級
翕,1級
翔,1級
翡,1級
翦,1級
翩,1級
翳,1級
翹,1級
飜,1級
耆,1級
耄,1級
耋,1級
耘,1級
耙,1級
耜,1級
耡,1級
耨,1級
耿,1級
聊,1級
聆,1級
聒,1級
聘,1級
聚,1級
聟,1級
聢,1級
聳,1級
聶,1級
聿,1級
肄,1級
肆,1級
肛,1級
肓,1級
肚,1級
肭,1級
肬,1級
胛,1級
胥,1級
胙,1級
胝,1級
胄,1級
胚,1級
胖,1級
胯,1級
胱,1級
脛,1級
脩,1級
脣,1級
脯,1級
腋,1級
隋,1級
腆,1級
脾,1級
腓,1級
腑,1級
胼,1級
腱,1級
腮,1級
腥,1級
腴,1級
膃,1級
膈,1級
膊,1級
膀,1級
膂,1級
膠,1級
膣,1級
腟,1級
膩,1級
膰,1級
膵,1級
膾,1級
臀,1級
臂,1級
膺,1級
臉,1級
臍,1級
臑,1級
臙,1級
臘,1級
臚,1級
臠,1級
臧,1級
臻,1級
臾,1級
舁,1級
舂,1級
舅,1級
舐,1級
舫,1級
舸,1級
舳,1級
艀,1級
艙,1級
艘,1級
艝,1級
艚,1級
艟,1級
艤,1級
艢,1級
艨,1級
艪,1級
艫,1級
艱,1級
艸,1級
艾,1級
芍,1級
芒,1級
芫,1級
芟,1級
芻,1級
芬,1級
苡,1級
苣,1級
苟,1級
苴,1級
苳,1級
苺,1級
莓,1級
范,1級
苻,1級
苹,1級
苞,1級
茆,1級
苜,1級
茉,1級
苙,1級
茵,1級
茴,1級
茲,1級
茱,1級
荀,1級
茹,1級
荐,1級
荅,1級
茯,1級
茫,1級
茗,1級
茘,1級
莅,1級
莚,1級
莪,1級
莟,1級
莢,1級
茣,1級
莎,1級
荼,1級
荳,1級
荵,1級
莠,1級
莉,1級
莨,1級
菴,1級
菫,1級
菎,1級
菽,1級
萃,1級
菘,1級
菁,1級
菠,1級
菲,1級
萍,1級
萢,1級
莽,1級
萸,1級
葭,1級
萼,1級
葷,1級
蒭,1級
蒂,1級
葩,1級
葆,1級
葯,1級
萵,1級
蒹,1級
蒿,1級
蒟,1級
蓙,1級
蓍,1級
蒻,1級
蓐,1級
蓁,1級
蓆,1級
蓖,1級
蒡,1級
蔡,1級
蓿,1級
蓴,1級
蔗,1級
蔘,1級
蔬,1級
蔟,1級
蔕,1級
蔔,1級
蓼,1級
蕀,1級
蕣,1級
蕘,1級
蕈,1級
蕁,1級
蕕,1級
薀,1級
薤,1級
薈,1級
薑,1級
薊,1級
薨,1級
蕭,1級
薔,1級
薛,1級
薇,1級
薜,1級
蕷,1級
蕾,1級
薐,1級
藉,1級
薺,1級
薹,1級
藐,1級
藕,1級
藜,1級
藹,1級
蘊,1級
蘋,1級
藾,1級
藺,1級
蘆,1級
蘢,1級
蘚,1級
蘿,1級
虔,1級
虧,1級
虱,1級
蚓,1級
蚣,1級
蚩,1級
蚪,1級
蚋,1級
蚌,1級
蚶,1級
蚯,1級
蛄,1級
蛆,1級
蚰,1級
蛉,1級
蚫,1級
蛔,1級
蛞,1級
蛩,1級
蛬,1級
蛟,1級
蛯,1級
蜒,1級
蜆,1級
蜈,1級
蜀,1級
蜃,1級
蛻,1級
蜑,1級
蜉,1級
蜍,1級
蛹,1級
蜊,1級
蜴,1級
蜿,1級
蜷,1級
蜻,1級
蜥,1級
蜩,1級
蜚,1級
蝠,1級
蝟,1級
蝸,1級
蝌,1級
蝎,1級
蝴,1級
蝗,1級
蝨,1級
蝮,1級
蝙,1級
蝓,1級
蝣,1級
螟,1級
螂,1級
螯,1級
蟋,1級
螽,1級
蟀,1級
雖,1級
螫,1級
蟄,1級
螳,1級
蟇,1級
蟆,1級
螻,1級
蟯,1級
蟠,1級
蠍,1級
蟾,1級
蟶,1級
蟷,1級
蠎,1級
蟒,1級
蠑,1級
蠖,1級
蠕,1級
蠢,1級
蠡,1級
蠱,1級
蠹,1級
蠧,1級
衄,1級
衒,1級
衙,1級
衢,1級
衫,1級
衾,1級
袞,1級
衵,1級
衽,1級
袵,1級
衲,1級
袂,1級
袗,1級
袒,1級
袙,1級
袢,1級
袍,1級
袤,1級
袰,1級
袿,1級
袱,1級
裃,1級
裄,1級
裔,1級
裘,1級
裙,1級
裹,1級
褂,1級
裼,1級
裴,1級
裨,1級
裲,1級
褄,1級
褌,1級
褊,1級
褓,1級
褞,1級
褥,1級
褪,1級
褫,1級
襁,1級
襄,1級
褻,1級
褶,1級
褸,1級
襌,1級
褝,1級
襠,1級
襞,1級
襦,1級
襤,1級
襭,1級
襪,1級
襯,1級
襴,1級
襷,1級
覃,1級
覈,1級
覓,1級
覘,1級
覡,1級
覩,1級
覦,1級
覬,1級
覯,1級
覲,1級
覿,1級
觚,1級
觜,1級
觝,1級
觴,1級
訖,1級
訐,1級
訌,1級
訛,1級
訝,1級
訥,1級
訶,1級
詁,1級
詛,1級
詒,1級
詆,1級
詈,1級
詼,1級
詭,1級
詬,1級
詢,1級
誅,1級
誂,1級
誄,1級
誨,1級
誡,1級
誑,1級
誥,1級
誦,1級
誚,1級
誣,1級
諄,1級
諍,1級
諂,1級
諚,1級
諳,1級
諤,1級
諱,1級
謔,1級
諠,1級
諢,1級
諷,1級
諞,1級
諛,1級
謌,1級
謇,1級
謚,1級
諡,1級
謖,1級
謐,1級
謗,1級
謳,1級
鞫,1級
謦,1級
謫,1級
謾,1級
謨,1級
譁,1級
譌,1級
譏,1級
譎,1級
譖,1級
譛,1級
譚,1級
譫,1級
譟,1級
譬,1級
譴,1級
讌,1級
讎,1級
讒,1級
讖,1級
讙,1級
谺,1級
豁,1級
谿,1級
豈,1級
豌,1級
豕,1級
豢,1級
豺,1級
貂,1級
貉,1級
貊,1級
貎,1級
貘,1級
貽,1級
貲,1級
貶,1級
賈,1級
賁,1級
賚,1級
賽,1級
賺,1級
賻,1級
贄,1級
贅,1級
贇,1級
贏,1級
贍,1級
贐,1級
齎,1級
贓,1級
贔,1級
贖,1級
赧,1級
赭,1級
赳,1級
趁,1級
趙,1級
跂,1級
趾,1級
趺,1級
跏,1級
跚,1級
跖,1級
跌,1級
跛,1級
跋,1級
跪,1級
跫,1級
跟,1級
跣,1級
跼,1級
踉,1級
跿,1級
踝,1級
踞,1級
踟,1級
蹂,1級
踵,1級
踰,1級
踴,1級
蹊,1級
蹇,1級
蹉,1級
蹌,1級
蹐,1級
蹈,1級
蹙,1級
蹤,1級
蹠,1級
蹣,1級
蹕,1級
蹶,1級
蹲,1級
蹼,1級
躁,1級
躇,1級
躅,1級
躄,1級
躋,1級
躊,1級
躓,1級
躑,1級
躔,1級
躙,1級
躪,1級
躡,1級
躬,1級
躱,1級
躾,1級
軈,1級
軋,1級
軛,1級
軼,1級
軻,1級
軫,1級
軾,1級
輊,1級
輅,1級
輒,1級
輙,1級
輓,1級
輜,1級
輟,1級
輛,1級
輌,1級
輦,1級
輳,1級
輻,1級
輹,1級
轅,1級
轂,1級
輾,1級
轌,1級
轆,1級
轎,1級
轗,1級
轜,1級
轢,1級
轤,1級
辜,1級
辟,1級
辷,1級
迚,1級
迥,1級
迢,1級
迪,1級
邇,1級
迴,1級
逅,1級
迹,1級
逑,1級
逕,1級
逡,1級
逍,1級
逞,1級
逖,1級
逋,1級
逧,1級
逵,1級
迸,1級
遏,1級
遐,1級
遑,1級
遒,1級
逎,1級
遉,1級
逾,1級
遖,1級
遘,1級
遨,1級
遯,1級
遶,1級
邂,1級
遽,1級
邁,1級
邀,1級
邏,1級
邨,1級
邯,1級
邱,1級
邵,1級
郢,1級
郤,1級
扈,1級
郛,1級
鄂,1級
鄒,1級
鄙,1級
鄲,1級
酊,1級
酖,1級
酣,1級
酥,1級
酩,1級
酳,1級
酲,1級
醋,1級
醂,1級
醢,1級
醯,1級
醪,1級
醵,1級
醴,1級
醺,1級
釁,1級
釉,1級
釐,1級
釵,1級
鈞,1級
釿,1級
鈔,1級
鈕,1級
鈑,1級
鉞,1級
鉗,1級
鉅,1級
鉉,1級
鉈,1級
銕,1級
鈿,1級
鉋,1級
銜,1級
銖,1級
銓,1級
銛,1級
鋏,1級
銹,1級
銷,1級
鋩,1級
錏,1級
鋺,1級
錙,1級
錚,1級
錣,1級
錺,1級
錵,1級
錻,1級
鍠,1級
鍼,1級
鍮,1級
鎰,1級
鎬,1級
鎹,1級
鏖,1級
鏗,1級
鏨,1級
鏘,1級
鏃,1級
鏝,1級
鏐,1級
鏈,1級
鏤,1級
鐚,1級
鐔,1級
鐓,1級
鐃,1級
鐐,1級
鐶,1級
鐫,1級
鐺,1級
鑒,1級
鑠,1級
鑢,1級
鑞,1級
鑪,1級
鑰,1級
鑵,1級
鑷,1級
鑽,1級
鑚,1級
鑼,1級
鑾,1級
钁,1級
鑿,1級
閂,1級
閊,1級
閔,1級
閘,1級
閙,1級
閨,1級
閧,1級
閭,1級
閼,1級
閻,1級
閹,1級
閾,1級
闊,1級
濶,1級
闃,1級
闍,1級
闌,1級
闕,1級
闔,1級
闖,1級
闡,1級
闥,1級
闢,1級
阡,1級
阨,1級
阮,1級
阯,1級
陂,1級
陌,1級
陋,1級
陜,1級
陞,1級
陝,1級
陟,1級
陲,1級
陬,1級
隍,1級
隘,1級
隕,1級
隗,1級
隧,1級
隰,1級
隴,1級
雎,1級
雋,1級
雉,1級
雍,1級
襍,1級
雜,1級
霍,1級
雕,1級
雹,1級
霄,1級
霆,1級
霈,1級
霓,1級
霎,1級
霑,1級
霏,1級
霖,1級
霙,1級
霤,1級
霪,1級
霰,1級
霹,1級
霽,1級
霾,1級
靄,1級
靆,1級
靂,1級
靉,1級
靠,1級
靤,1級
靦,1級
靨,1級
勒,1級
靫,1級
鞅,1級
靼,1級
鞁,1級
靺,1級
鞆,1級
鞋,1級
鞏,1級
鞐,1級
鞜,1級
鞨,1級
鞦,1級
鞣,1級
鞳,1級
鞴,1級
韆,1級
韈,1級
韋,1級
韜,1級
齏,1級
韲,1級
竟,1級
韶,1級
韵,1級
頏,1級
頌,1級
頤,1級
頡,1級
頷,1級
頽,1級
顆,1級
顋,1級
顫,1級
顰,1級
顱,1級
顴,1級
顳,1級
颪,1級
颯,1級
颱,1級
颶,1級
飄,1級
飆,1級
飩,1級
飫,1級
餃,1級
餉,1級
餒,1級
餔,1級
餡,1級
餞,1級
餤,1級
餬,1級
餮,1級
餽,1級
餾,1級
饂,1級
饉,1級
饅,1級
饐,1級
饋,1級
饑,1級
饒,1級
饌,1級
饕,1級
馗,1級
馘,1級
馥,1級
馭,1級
馮,1級
駟,1級
駛,1級
駝,1級
駘,1級
駑,1級
駭,1級
駮,1級
駱,1級
駻,1級
駸,1級
騁,1級
騏,1級
騅,1級
駢,1級
騙,1級
騫,1級
驂,1級
驀,1級
驃,1級
騾,1級
驕,1級
驍,1級
驟,1級
驢,1級
驥,1級
驤,1級
驩,1級
驪,1級
骭,1級
骰,1級
骼,1級
髀,1級
髏,1級
髑,1級
髢,1級
髣,1級
髦,1級
髯,1級
髫,1級
髴,1級
髱,1級
髷,1級
髻,1級
鬆,1級
鬘,1級
鬚,1級
鬟,1級
鬢,1級
鬣,1級
鬧,1級
鬨,1級
鬩,1級
鬮,1級
鬯,1級
魄,1級
魃,1級
魏,1級
魍,1級
魎,1級
魑,1級
魘,1級
魴,1級
鮓,1級
鮃,1級
鮑,1級
鮖,1級
鮗,1級
鮟,1級
鮠,1級
鮨,1級
鮴,1級
鯀,1級
鯊,1級
鮹,1級
鯏,1級
鯑,1級
鯒,1級
鯣,1級
鯢,1級
鯤,1級
鯔,1級
鯡,1級
鯲,1級
鯱,1級
鯰,1級
鰕,1級
鰔,1級
鰉,1級
鰓,1級
鰌,1級
鰆,1級
鰈,1級
鰒,1級
鰊,1級
鰄,1級
鰮,1級
鰛,1級
鰥,1級
鰤,1級
鰰,1級
鱇,1級
鱆,1級
鰾,1級
鱚,1級
鱠,1級
鱧,1級
鱶,1級
鱸,1級
鳧,1級
鳬,1級
鳰,1級
鴉,1級
鴃,1級
鴆,1級
鴪,1級
鴣,1級
鴟,1級
鵄,1級
鴕,1級
鴒,1級
鵁,1級
鴿,1級
鴾,1級
鵆,1級
鵝,1級
鵞,1級
鵤,1級
鵑,1級
鵙,1級
鵲,1級
鶉,1級
鶇,1級
鶫,1級
鵯,1級
鵺,1級
鶚,1級
鶤,1級
鶩,1級
鶲,1級
鷁,1級
鶻,1級
鶸,1級
鶺,1級
鷆,1級
鷂,1級
鷙,1級
鷓,1級
鷸,1級
鷦,1級
鷭,1級
鷯,1級
鷽,1級
鸛,1級
鸞,1級
鹵,1級
鹹,1級
麁,1級
麈,1級
麋,1級
麌,1級
麕,1級
麑,1級
麝,1級
麩,1級
麸,1級
麭,1級
靡,1級
黌,1級
黎,1級
黏,1級
黐,1級
黔,1級
黜,1級
黝,1級
黠,1級
黥,1級
黯,1級
黴,1級
黶,1級
黷,1級
黹,1級
黻,1級
黼,1級
黽,1級
鼇,1級
鼈,1級
鼕,1級
鼬,1級
鼾,1級
齔,1級
齣,1級
齟,1級
齠,1級
齦,1級
齧,1級
齬,1級
齪,1級
齷,1級
齲,1級
齶,1級
龕,1級
龠,1級
凜,1級
熙,1級
䤆,以外
涉,以外
鈌,以外
㲓,以外
愖,以外
咣,以外
䠰,以外
鄶,以外
㮽,以外
恀,以外
蓃,以外
硐,以外
鳓,以外
䝚,以外
毝,以外
㫧,以外
菭,以外
勷,以外
睺,以外
鯽,以外
䚄,以外
辊,以外
㼕,以外
应,以外
蠛,以外
圥,以外
皤,以外
䖮,以外
漵,以外
躴,以外
㸿,以外
嶾,以外
蝅,以外
噏,以外
痎,以外
齕,以外
䓘,以外
湟,以外
跞,以外
㵩,以外
虯,以外
啹,以外
犍,以外
㞏,以外
昚,以外
誝,以外
侟,以外
縪,以外
䌬,以外
阺,以外
嬼,以外
羿,以外
䃁,以外
獌,以外
韏,以外
㑎,以外
䱞,以外
烡,以外
㗣,以外
摮,以外
裱,以外
䆀,以外
欇,以外
钎,以外
妐,以外
䐙,以外
熠,以外
尩,以外
覰,以外
䪲,以外
琹,以外
㤻,以外
拂,以外
豉,以外
竒,以外
㿔,以外
楛,以外
鋢,以外
埤,以外
䉭,以外
濴,以外
饻,以外
婽,以外
掁,以外
圎,以外
箑,以外
䪛,以外
漞,以外
鎡,以外
㸨,以外
蜮,以外
窻,以外
䗅,以外
湈,以外
鋋,以外
㥒,以外
巕,以外
虘,以外
痥,以外
鹨,以外
䓯,以外
楲,以外
㡼,以外
峿,以外
傌,以外
縓,以外
馒,以外
䤝,以外
梜,以外
阣,以外
㮦,以外
愭,以外
厶,以外
礽,以外
颼,以外
䡇,以外
毆,以外
㫐,以外
恗,以外
硧,以外
鯦,以外
䭱,以外
櫰,以外
㗺,以外
茀,以外
䀂,以外
撅,以外
鬐,以外
堒,以外
䆗,以外
瀢,以外
钥,以外
㔤,以外
妧,以外
蠲,以外
䴴,以外
熷,以外
㚹,以外
敄,以外
觇,以外
仉,以外
絔,以外
䉖,以外
镤,以外
绩,以外
䏫,以外
牶,以外
㝸,以外
寻,以外
誆,以外
甏,以外
㨑,以外
枘,以外
负,以外
刡,以外
㲪,以外
樱,以外
鞸,以外
咺,以外
艁,以外
䝃,以外
驑,以外
蓚,以外
䧜,以外
㑥,以外
鳪,以外
懬,以外
轳,以外
䱵,以外
秼,以外
㻾,以外
䴆,以外
榉,以外
阌,以外
㢓,以外
攖,以外
膙,以外
㐠,以外
傣,以外
紦,以外
馩,以外
䰰,以外
锶,以外
㾽,以外
摀,以外
埍,以外
飓,以外
䍚,以外
濝,以外
㻧,以外
孪,以外
蟭,以外
囷,以外
䊄,以外
琋,以外
變,以外
㬕,以外
媔,以外
谛,以外
匥,以外
犤,以外
䆮,以外
欵,以外
誴,以外
㨿,以外
魕,以外
䃘,以外
觞,以外
㥩,以外
壨,以外
兹,以外
烸,以外
驿,以外
褈,以外
䨊,以外
皍,以外
躝,以外
䮟,以外
稪,以外
䜬,以外
掯,以外
鈺,以外
箿,以外
䓁,以外
睌,以外
鏏,以外
峑,以外
䡞,以外
瓡,以外
恮,以外
賱,以外
䧳,以外
硾,以外
䖀,以外
漇,以外
邎,以外
嶐,以外
蜗,以外
䀙,以外
疠,以外
㚢,以外
鼧,以外
堩,以外
趰,以外
亲,以外
瀹,以外
㴻,以外
曂,以外
衉,以外
啋,以外
绒,以外
㯔,以外
浛,以外
蕫,以外
䙭,以外
毴,以外
㓶,以外
鵻,以外
极,以外
㚋,以外
匎,以外
羑,以外
頔,以外
欞,以外
鞡,以外
㨨,以外
茮,以外
纻,以外
鬾,以外
䇅,以外
㵒,以外
姕,以外
啢,以外
驨,以外
䃯,以外
浲,以外
觵,以外
㱼,以外
壿,以外
戃,以外
薂,以外
㔍,以外
稓,以外
鶒,以外
䴝,以外
沜,以外
鈣,以外
㾦,以外
攭,以外
蒬,以外
㐷,以外
垶,以外
紽,以外
鲼,以外
䱇,以外
镍,以外
㻐,以外
摗,以外
蟖,以外
㝡,以外
籧,以外
佱,以外
滰,以外
䐂,以外
悅,以外
鼐,以外
尒,以外
碕,以外
䖗,以外
邥,以外
嶧,以外
谲,以外
䤴,以外
疷,以外
跇,以外
䫉,以外
祔,以外
䙖,以外
酤,以外
幦,以外
竩,以外
䟫,以外
癶,以外
鋹,以外
躆,以外
䮈,以外
焏,以外
㸑,以外
褟,以外
嘡,以外
箨,以外
㢪,以外
渱,以外
鎸,以外
傺,以外
虁,以外
䍃,以外
㗌,以外
鹑,以外
孓,以外
飪,以外
譳,以外
䡵,以外
緼,以外
㫾,以外
䄆,以外
騌,以外
㒓,以外
椖,以外
㠠,以外
岣,以外
閩,以外
䀰,以外
撳,以外
餶,以外
寍,以外
灐,以外
铓,以外
揝,以外
顠,以外
语,以外
嫷,以外
罺,以外
鏽,以外
亄,以外
砋,以外
螊,以外
㜕,以外
耛,以外
纤,以外
䶮,以外
朵,以外
蚴,以外
㘿,以外
喾,以外
幏,以外
緎,以外
靕,以外
䳘,以外
藞,以外
㕩,以外
蹯,以外
嵹,以外
陿,以外
蔈,以外
䘊,以外
窍,以外
㾏,以外
䞟,以外
瘪,以外
䬬,以外
澯,以外
鸺,以外
匼,以外
䣁,以外
㱎,以外
荜,以外
䑞,以外
磡,以外
㷣,以外
汮,以外
䗳,以外
䦀,以外
鲎,以外
冐,以外
䰙,以外
禠,以外
㪢,以外
錧,以外
䊲,以外
簹,以外
奋,以外
㟔,以外
慛,以外
襫,以外
䩭,以外
㣶,以外
酻,以外
殁,以外
谄,以外
㪋,以外
弎,以外
玑,以外
䊛,以外
鮡,以外
㘨,以外
檫,以外
輮,以外
犻,以外
晈,以外
髋,以外
嗕,以外
蹘,以外
緥,以外
陨,以外
䳯,以外
慲,以外
藵,以外
哿,以外
渃,以外
覂,以外
㤍,以外
墌,以外
瘓,以外
䄝,以外
悜,以外
鸣,以外
椭,以外
袬,以外
㠷,以外
焽,以外
邼,以外
䁇,以外
饍,以外
桗,以外
诖,以外
㭡,以外
嫠,以外
灧,以外
鏦,以外
䍱,以外
拰,以外
顷,以外
㷺,以外
䠂,以外
沅,以外
璕,以外
䦗,以外
砢,以外
鲥,以外
㴤,以外
冧,以外
耲,以外
䔴,以外
禷,以外
㺹,以外
臇,以外
䛉,以外
䩖,以外
滙,以外
剦,以外
盩,以外
䯫,以外
㽸,以外
叻,以外
芆,以外
䞈,以外
紏,以外
澘,以外
娡,以外
瞨,以外
㒪,以外
戱,以外
岺,以外
擊,以外
㧌,以外
鉑,以外
坓,以外
䇜,以外
罣,以外
㱥,以外
铪,以外
槬,以外
蝳,以外
䑵,以外
㛾,以外
䔆,以外
憉,以外
鸌,以外
洖,以外
覙,以外
㰠,以外
墣,以外
醩,以外
䐰,以外
悳,以外
鴶,以外
㞽,以外
瑐,以外
郓,以外
䭚,以外
㛧,以外
卪,以外
韽,以外
䪄,以外
簋,以外
莊,以外
劔,以外
萛,以外
嬥,以外
窤,以外
䦮,以外
挵,以外
芴,以外
冾,以外
譅,以外
婏,以外
秎,以外
鍕,以外
䣘,以外
扟,以外
臞,以外
僨,以外
詯,以外
她,以外
磸,以外
鉿,以外
䈊,以外
纍,以外
㮏,以外
樚,以外
蚝,以外
䎟,以外
伬,以外
騺,以外
圼,以外
玿,以外
䳁,以外
㡎,以外
哑,以外
蝜,以外
䁞,以外
糡,以外
㧣,以外
桮,以外
蓱,以外
䇳,以外
灾,以外
䶀,以外
朇,以外
颎,以外
喐,以外
輗,以外
䠙,以外
綠,以外
㺢,以外
薰,以外
䚲,以外
砹,以外
㔻,以外
聉,以外
敛,以外
黢,以外
乭,以外
㳶,以外
镻,以外
噽,以外
澁,以外
蠄,以外
㺋,以外
嬎,以外
䚛,以外
挞,以外
龡,以外
溫,以外
謮,以外
娸,以外
皻,以外
錾,以外
䧅,以外
黋,以外
㕒,以外
凕,以外
詘,以外
嵢,以外
秥,以外
鉨,以外
䣯,以外
臵,以外
㑼,以外
僿,以外
樃,以外
趂,以外
㴍,以外
爓,以外
閒,以外
䔝,以外
撜,以外
騣,以外
㞦,以外
洭,以外
㰷,以外
徶,以外
甽,以外
钼,以外
䑇,以外
柆,以外
鵍,以外
㛐,以外
迖,以外
㽡,以外
瑧,以外
韦,以外
䝱,以外
鱷,以外
㧺,以外
輀,以外
䰂,以外
霐,以外
吒,以外
炕,以外
䶗,以外
簢,以外
颥,以外
㤤,以外
萲,以外
䄴,以外
綷,以外
㪹,以外
楄,以外
藇,以外
䋉,以外
煔,以外
櫙,以外
饤,以外
噦,以外
俫,以外
繶,以外
髹,以外
㭸,以外
埻,以外
蚆,以外
䎈,以外
礏,以外
㘑,以外
殘,以外
脟,以外
帡,以外
玨,以外
昱,以外
鮸,以外
墺,以外
蹁,以外
䭃,以外
惊,以外
㷌,以外
陑,以外
裚,以外
䗜,以外
筣,以外
㡥,以外
郪,以外
䁵,以外
㒃,以外
夆,以外
焖,以外
䒣,以外
椦,以外
趩,以外
脶,以外
灀,以外
铃,以外
㽊,以外
䏍,以外
坚,以外
聠,以外
佪,以外
鏭,以外
㹴,以外
䋷,以外
杺,以外
诽,以外
㜅,以外
嚄,以外
怋,以外
龊,以外
頛,以外
㶞,以外
䜥,以外
暤,以外
㘯,以外
單,以外
缵,以外
麴,以外
靅,以外
㳈,以外
䙏,以外
旎,以外
轕,以外
㕙,以外
哘,以外
繟,以外
鷞,以外
䳨,以外
陯,以外
㯲,以外
䕹,以外
擸,以外
蹿,以外
帊,以外
抍,以外
瘚,以外
骝,以外
㬜,以外
徟,以外
渪,以外
匬,以外
瞯,以外
㢱,以外
蘺,以外
䬼,以外
澿,以外
僁,以外
蟏,以外
䣑,以外
魜,以外
惡,以外
瑮,以外
飱,以外
㥰,以外
汾,以外
笇,以外
㰉,以外
蒎,以外
䦐,以外
錗,以外
吙,以外
憠,以外
謧,以外
䰩,以外
馰,以外
媲,以外
搹,以外
㟄,以外
鱉,以外
䅋,以外
櫒,以外
祛,以外
㩝,以外
苢,以外
䟤,以外
酫,以外
剭,以外
翴,以外
襻,以外
䩽,以外
玁,以外
鐄,以外
䜎,以外
殑,以外
谔,以外
㘘,以外
缞,以外
莡,以外
犫,以外
霮,以外
㶵,以外
䘸,以外
繈,以外
苋,以外
陘,以外
㳟,以外
䅢,以外
蹨,以外
哯,以外
祲,以外
鷵,以外
䳿,以外
瘃,以外
䂌,以外
覒,以外
夝,以外
碜,以外
蘣,以外
焭,以外
邬,以外
䎶,以外
袼,以外
塇,以外
腍,以外
灗,以外
䋠,以外
详,以外
錀,以外
倂,以外
璅,以外
㦇,以外
䠒,以外
沕,以外
怢,以外
蒥,以外
䦧,以外
頲,以外
崴,以外
憷,以外
畄,以外
駇,以外
㩆,以外
浔,以外
盙,以外
㯛,以外
蕤,以外
䩦,以外
滩,以外
䯻,以外
骆,以外
攏,以外
瞘,以外
㒚,以外
䈡,以外
澨,以外
稱,以外
㼳,以外
螸,以外
䒺,以外
鉁,以外
坃,以外
铚,以外
㛮,以外
齳,以外
屵,以外
槼,以外
崆,以外
禉,以外
蘌,以外
甖,以外
醙,以外
䂣,以外
洦,以外
㞭,以外
尰,以外
碳,以外
蔶,以外
瑀,以外
郃,以外
㭊,以外
䟍,以外
裓,以外
㛗,以外
翝,以外
葠,以外
䭪,以外
㩴,以外
䛷,以外
劄,以外
搋,以外
鮊,以外
䪔,以外
㦞,以外
䌥,以外
护,以外
冮,以外
骴,以外
䦾,以外
鍅,以外
㣈,以外
䉏,以外
懎,以外
譕,以外
僘,以外
穟,以外
駞,以外
䣨,以外
鉯,以外
㿲,以外
䅹,以外
惸,以外
詿,以外
餈,以外
娊,以外
暍,以外
爚,以外
㼜,以外
圬,以外
环,以外
㲱,以外
舺,以外
杌,以外
菏,以外
䳑,以外
齜,以外
灮,以外
鳱,以外
㵰,以外
姳,以外
桾,以外
缇,以外
㠉,以外
肎,以外
䶐,以外
霗,以外
斠,以外
輧,以外
䠩,以外
㔫,以外
鶰,以外
庲,以外
怹,以外
顉,以外
䕋,以外
滒,以外
㹝,以外
蛢,以外
䏤,以外
镫,以外
噭,以外
篴,以外
赻,以外
乽,以外
瞁,以外
逄,以外
䌎,以外
澑,以外
蠔,以外
庛,以外
螡,以外
皫,以外
㦵,以外
䈸,以外
溻,以外
㕂,以外
穈,以外
䧕,以外
鉘,以外
㣟,以外
䕢,以外
懥,以外
詨,以外
㑬,以外
僯,以外
絲,以外
駵,以外
䣿,以外
爃,以外
䒌,以外
樓,以外
趒,以外
㞖,以外
崝,以外
粜,以外
舣,以外
甭,以外
钬,以外
䞶,以外
㛀,以外
屇,以外
蕍,以外
瑗,以外
韖,以外
䛠,以外
汧,以外
绰,以外
吂,以外
炅,以外
㶇,以外
輐,以外
䰒,以外
梕,以外
喗,以外
搢,以外
䶧,以外
鰲,以外
头,以外
斷,以外
煄,以外
鷇,以外
㹆,以外
噖,以外
㿛,以外
腤,以外
书,以外
櫩,以外
埫,以外
俻,以外
㘁,以外
麆,以外
玘,以外
餟,以外
䘡,以外
殨,以外
縱,以外
㬳,以外
莸,以外
䂺,以外
陁,以外
蹑,以外
䭓,以外
郚,以外
巜,以外
捣,以外
裪,以外
痬,以外
魳,以外
淼,以外
㲃,以外
儆,以外
疉,以外
礖,以外
鶙,以外
䲣,以外
愦,以外
㮭,以外
倰,以外
璳,以外
础,以外
鳃,以外
㝊,以外
䯍,以外
蓓,以外
㫗,以外
彚,以外
珝,以外
衠,以外
䝪,以外
鯭,以外
㙴,以外
䫷,以外
㼅,以外
栋,以外
鞊,以外
䚔,以外
逛,以外
㖞,以外
伥,以外
溤,以外
㸯,以外
眵,以外
䖾,以外
齅,以外
㓈,以外
淎,以外
㵙,以外
峘,以外
癟,以外
闞,以外
䓨,以外
鹯,以外
䵹,以外
泸,以外
虿,以外
锈,以外
嘊,以外
檍,以外
縚,以外
銝,以外
垟,以外
昪,以外
踺,以外
䌼,以外
枿,以外
迏,以外
䃑,以外
鍜,以外
呞,以外
棡,以外
籮,以外
郱,以外
嗳,以外
摾,以外
妀,以外
猇,以外
㐉,以外
䆐,以外
鬗,以外
尙,以外
榠,以外
茧,以外
䐩,以外
㤫,以外
醰,以外
劲,以外
氹,以外
竂,以外
㿄,以外
鑉,以外
䥋,以外
煛,以外
饫,以外
婭,以外
矴,以外
腻,以外
䉽,以外
箁,以外
掑,以外
萔,以外
㸘,以外
眞,以外
计,以外
窫,以外
鼮,以外
㖵,以外
蜾,以外
㥂,以外
巅,以外
䗕,以外
鹘,以外
㓟,以外
䥢,以外
淥,以外
虨,以外
㡬,以外
煲,以外
闵,以外
䓿,以外
縃,以外
馂,以外
䢌,以外
膒,以外
㮖,以外
儝,以外
炜,以外
踣,以外
礭,以外
颬,以外
䮶,以外
愽,以外
肼,以外
㫀,以外
假,以外
珆,以外
硗,以外
䫠,以外
恧,以外
菦,以外
狰,以外
鬀,以外
粅,以外
茐,以外
䀒,以外
妗,以外
栢,以外
貥,以外
䆧,以外
唴,以外
榷,以外
囉,以外
敔,以外
婖,以外
给,以外
䉦,以外
寫,以外
橶,以外
軹,以外
䏻,以外
㨁,以外
銆,以外
垈,以外
洏,以外
羘,以外
㲚,以外
锟,以外
䨡,以外
枨,以外
爱,以外
㜳,以外
辸,以外
䲺,以外
驁,以外
彃,以外
艑,以外
䝓,以外
鳚,以外
潣,以外
蓪,以外
㻮,以外
靳,以外
㢃,以外
熉,以外
踌,以外
紖,以外
䢣,以外
攦,以外
㾭,以外
吰,以外
贶,以外
飃,以外
俍,以外
摐,以外
胓,以外
㻗,以外
矝,以外
豠,以外
䍪,以外
歺,以外
蟽,以外
㬅,以外
媄,以外
氋,以外
鎊,以外
䊔,以外
鐛,以外
䬥,以外
檤,以外
㨯,以外
妮,以外
猵,以外
銴,以外
䆾,以外
䩏,以外
荕,以外
㥙,以外
壘,以外
釞,以外
䃨,以外
驯,以外
㟲,以外
䥹,以外
棸,以外
艿,以外
鄈,以外
溍,以外
隝,以外
㜜,以外
弬,以外
箯,以外
㒱,以外
䜼,以外
掿,以外
峁,以外
潌,以外
诏,以外
䓑,以外
靜,以外
偞,以外
确,以外
铱,以外
㕰,以外
凳,以外
恾,以外
嶀,以外
袎,以外
䖐,以外
鼗,以外
涠,以外
蜧,以外
䀩,以外
㴫,以外
閰,以外
嚲,以外
绂,以外
㯄,以外
䵋,以外
曒,以外
㙝,以外
䯤,以外
鵫,以外
幭,以外
珴,以外
蕻,以外
䙽,以外
羁,以外
頄,以外
䬎,以外
枑,以外
耔,以外
㨘,以外
嚛,以外
猞,以外
辡,以外
纫,以外
䨸,以外
暻,以外
茾,以外
㵂,以外
姅,以外
䇕,以外
驘,以外
䵢,以外
槥,以外
㱬,以外
壯,以外
畲,以外
䃿,以外
稃,以外
鶂,以外
䲌,以外
戓,以外
薒,以外
㾖,以外
唝,以外
璜,以外
紭,以外
鲬,以外
攽,以外
㻀,以外
呇,以外
矆,以外
赍,以外
籗,以外
仠,以外
蟦,以外
坱,以外
盰,以外
豷,以外
鼀,以外
碅,以外
㖇,以外
蜐,以外
䐒,以外
悕,以外
嶗,以外
氢,以外
袥,以外
䖧,以外
鐲,以外
儴,以外
涷,以外
祄,以外
㙆,以外
慔,以外
幖,以外
㟛,以外
䙦,以外
择,以外
湶,以外
諹,以外
䟻,以外
㸁,以外
厈,以外
㢚,以外
鄟,以外
瘱,以外
许,以外
䢺,以外
鹁,以外
孃,以外
烊,以外
虑,以外
䍓,以外
飚,以外
胪,以外
㫮,以外
鍳,以外
旼,以外
椆,以外
䶉,以外
㠐,以外
䄖,以外
訜,以外
璣,以外
夦,以外
栰,以外
䲳,以外
㜺,以外
䁀,以外
襆,以外
塐,以外
杚,以外
䯝,以外
铣,以外
㙤,以外
坺,以外
脁,以外
㖎,以外
餑,以外
螚,以外
嚤,以外
耫,以外
龪,以外
斮,以外
伵,以外
㒸,以外
癏,以外
嗎,以外
靥,以外
糨,以外
藮,以外
畹,以外
哸,以外
鷾,以外
渊,以外
劍,以外
䘚,以外
澟,以外
帪,以外
挬,以外
䞯,以外
骽,以外
笼,以外
徿,以外
㰾,以外
惁,以外
卌,以外
㷓,以外
迟,以外
僡,以外
荬,以外
䑮,以外
魼,以外
屾,以外
憀,以外
蘅,以外
䬇,以外
禐,以外
㪒,以外
鸕,以外
搙,以外
簩,以外
檲,以外
錷,以外
䋂,以外
煋,以外
嫒,以外
葙,以外
䥛,以外
矤,以外
㣦,以外
鱩,以外
扭,以外
諲,以外
俴,以外
㽿,以外
䎁,以外
袇,以外
眎,以外
宑,以外
檛,以外
伞,以外
㖥,以外
鐤,以外
䊫,以外
讱,以外
瘸,以外
媻,以外
么,以外
㓏,以外
靎,以外
緕,以外
嗥,以外
䥲,以外
㟹,以外
糿,以外
䘃,以外
炌,以外
帓,以外
椝,以外
䢜,以外
㠧,以外
䄭,以外
踳,以外
玶,以外
夽,以外
桇,以外
䯆,以外
郌,以外
㭑,以外
䁗,以外
襝,以外
塧,以外
㷪,以外
歱,以外
䫰,以外
鏶,以外
㩻,以外
螃,以外
怂,以外
䒅,以外
龓,以外
岕,以外
㴔,以外
憗,以外
倢,以外
㺩,以外
貵,以外
洴,以外
聂,以外
䕄,以外
顒,以外
嵔,以外
臗,以外
扖,以外
䛙,以外
駧,以外
穦,以外
㽨,以外
揫,以外
剶,以外
篻,以外
㣽,以外
澈,以外
芖,以外
䞘,以外
爡,以外
㜣,以外
骦,以外
蔯,以外
䨱,以外
璺,以外
㦼,以外
权,以外
迈,以外
䳊,以外
罓,以外
㱕,以外
槜,以外
鉡,以外
坣,以外
䇬,以外
汵,以外
铺,以外
姼,以外
洆,以外
䦉,以外
銏,以外
㰐,以外
䔖,以外
踜,以外
炣,以外
崦,以外
氰,以外
䢳,以外
醹,以外
䑀,以外
赆,以外
屐,以外
捚,以外
郣,以外
筪,以外
豰,以外
盷,以外
卺,以外
蔁,以外
鴑,以外
窔,以外
劤,以外
萫,以外
䬵,以外
苄,以外
牏,以外
凎,以外
體,以外
䩟,以外
㟢,以外
鍥,以外
臮,以外
煹,以外
僸,以外
駾,以外
嚍,以外
㜌,以外
脘,以外
䈚,以外
殟,以外
㒡,以外
娪,以外
蚭,以外
䎯,以外
麽,以外
缼,以外
㠾,以外
詊,以外
坌,以外
糑,以外
㧓,以外
诟,以外
桞,以外
㕠,以外
蝬,以外
䁮,以外
槳,以外
齼,以外
斀,以外
伇,以外
綐,以外
㺒,以外
騕,以外
喠,以外
砩,以外
霷,以外
藀,以外
䛂,以外
㙍,以外
鷐,以外
廒,以外
聙,以外
䵛,以外
珤,以外
㳦,以外
顩,以外
晭,以外
軲,以外
䯴,以外
㭿,以外
䞁,以外
貇,以外
猎,以外
徑,以外
溛,以外
䬞,以外
逤,以外
䚫,以外
爸,以外
庻,以外
懅,以外
䩈,以外
鍎,以外
凥,以外
惯,以外
䵲,以外
鉸,以外
磿,以外
䈃,以外
謉,以外
璌,以外
娓,以外
洝,以外
䲜,以外
㰧,以外
䔭,以外
瞶,以外
崽,以外
汇,以外
俆,以外
铌,以外
㽑,以外
䑗,以外
赝,以外
盠,以外
屧,以外
㧪,以外
潱,以外
㹻,以外
莃,以外
搂,以外
䂅,以外
墕,以外
㤔,以外
霠,以外
吢,以外
綧,以外
㪩,以外
喷,以外
㘶,以外
葂,以外
䅄,以外
櫉,以外
㟋,以外
藗,以外
晖,以外
䋙,以外
鷧,以外
㭨,以外
柫,以外
噶,以外
㳽,以外
殈,以外
鐍,以外
儏,以外
蚖,以外
䎘,以外
宨,以外
㶼,以外
餿,以外
捃,以外
诈,以外
䣊,以外
筓,以外
㡕,以外
淜,以外
陡,以外
卣,以外
䗬,以外
桵,以外
㕷,以外
郺,以外
巼,以外
䖉,以外
麏,以外
䤖,以外
粣,以外
儦,以外
怰,以外
䒳,以外
鶹,以外
㼺,以外
䡀,以外
篍,以外
潚,以外
䏝,以外
鳣,以外
㹤,以外
睪,以外
聰,以外
竷,以外
彺,以外
褁,以外
溄,以外
㶎,以外
鄑,以外
皔,以外
辚,以外
缥,以外
庤,以外
蠫,以外
鞪,以外
涮,以外
䜵,以外
㲸,以外
逻,以外
軄,以外
繏,以外
巎,以外
雔,以外
泘,以外
䙟,以外
㯢,以外
齥,以外
瓨,以外
跮,以外
峸,以外
闾,以外
馋,以外
媍,以外
㬌,以外
贘,以外
业,以外
枟,以外
㢡,以外
锨,以外
嘪,以外
欬,以外
銽,以外
猼,以外
垿,以外
㐾,以外
棁,以外
虊,以外
孌,以外
烑,以外
㗓,以外
蟟,以外
摞,以外
壡,以外
㥠,以外
䱮,以外
旳,以外
呾,以外
榀,以外
踅,以外
䌇,以外
熐,以外
阕,以外
氙,以外
蒞,以外
妠,以外
琩,以外
抲,以外
鬷,以外
觀,以外
䫂,以外
祋,以外
㩍,以外
豙,以外
䅛,以外
翤,以外
鑩,以外
橭,以外
苲,以外
䟴,以外
㝿,以外
䮁,以外
缎,以外
厑,以外
䜞,以外
㶥,以外
䪫,以外
縸,以外
劻,以外
䙈,以外
㳏,以外
䅲,以外
㿹,以外
瓿,以外
嘓,以外
愝,以外
䂜,以外
馢,以外
䤭,以外
蘳,以外
箶,以外
儽,以外
恇,以外
䏆,以外
飌,以外
䡗,以外
腝,以外
偧,以外
㗪,以外
捱,以外
䋰,以外
鯶,以外
较,以外
䲅,以外
鞓,以外
瀒,以外
咕,以外
㔔,以外
榗,以外
鬠,以外
堢,以外
熧,以外
㚩,以外
蒵,以外
攴,以外
妷,以外
㨶,以外
衂,以外
䵄,以外
曉,以外
㯋,以外
啔,以外
觗,以外
橖,以外
牦,以外
囩,以外
㝨,以外
蕴,以外
婶,以外
珻,以外
枈,以外
頍,以外
崏,以外
誖,以外
稡,以外
㼣,以外
銦,以外
垨,以外
贯,以外
䈱,以外
粺,以外
锿,以外
潃,以外
蟈,以外
䓊,以外
睓,以外
㑕,以外
懜,以外
驡,以外
彣,以外
䧬,以外
摵,以外
㥷,以外
鳺,以外
凼,以外
攆,以外
䆉,以外
骏,以外
㐐,以外
䴖,以外
蘜,以外
唦,以外
搰,以外
䂳,以外
馹,以外
㬺,以外
䱀,以外
蕆,以外
翍,以外
呐,以外
歚,以外
䟝,以外
飣,以外
㩤,以外
葰,以外
绷,以外
贁,以外
㦎,以外
锑,以外
犔,以外
媤,以外
谫,以外
鎪,以外
榮,以外
䌵,以外
㢸,以外
鐻,以外
姎,以外
鋔,以外
䉟,以外
㿢,以外
魥,以外
烨,以外
觮,以外
祹,以外
壸,以外
釾,以外
鶋,以外
庍,以外
㼌,以外
褘,以外
䨚,以外
㲡,以外
鄨,以外
躭,以外
䮯,以外
隽,以外
县,以外
艊,以外
彌,以外
瓑,以外
恞,以外
㵠,以外
转,以外
䡮,以外
懳,以外
偾,以外
涀,以外
訅,以外
䜇,以外
疐,以外
㚒,以外
栙,以外
肞,以外
嶠,以外
瀩,以外
暲,以外
鼷,以外
堹,以外
跀,以外
絋,以外
㹍,以外
闐,以外
囒,以外
䕛,以外
㓦,以外
湭,以外
蛲,以外
䏴,以外
侁,以外
蒇,以外
笎,以外
垑,以外
暛,以外
䌞,以外
㦥,以外
螱,以外
稸,以外
嚻,以外
槅,以外
䉈,以外
㣏,以外
棯,以外
䕲,以外
㯹,以外
驸,以外
烿,以外
䨃,以外
粌,以外
刓,以外
攝,以外
䒜,以外
鶢,以外
㐧,以外
䴭,以外
唽,以外
摇,以外
䟆,以外
鳌,以外
㝑,以外
䱗,以外
蕝,以外
绠,以外
呧,以外
䛰,以外
㙻,以外
氂,以外
䢅,以外
鎓,以外
琒,以外
傕,以外
涗,以外
尢,以外
疧,以外
肵,以外
㸶,以外
豂,以外
䥄,以外
㿋,以外
跗,以外
䫙,以外
闧,以外
癦,以外
勩,以外
矻,以外
㓽,以外
躖,以外
䮘,以外
㬣,以外
隦,以外
褯,以外
䘱,以外
㖼,以外
鄿,以外
菈,以外
䃊,以外
獓,以外
旜,以外
鹡,以外
㵷,以外
飺,以外
嗼,以外
礆,以外
嶉,以外
蚏,以外
儖,以外
㮝,以外
騜,以外
撣,以外
䤦,以外
砰,以外
偀,以外
㫇,以外
饆,以外
揍,以外
䡐,以外
蓣,以外
潪,以外
㧱,以外
䝺,以外
鄁,以外
䀋,以外
褑,以外
溔,以外
鞚,以外
㸟,以外
朥,以外
䚤,以外
逫,以外
辪,以外
疮,以外
蠻,以外
涾,以外
㵉,以外
䗎,以外
軔,以外
瓘,以外
蝥,以外
问,以外
㱳,以外
敹,以外
䓸,以外
跾,以外
膋,以外
䊍,以外
锘,以外
嘚,以外
羟,以外
质,以外
个,以外
猬,以外
垯,以外
㐮,以外
誽,以外
欼,以外
烁,以外
㗃,以外
鹊,以外
䍌,以外
棑,以外
籞,以外
䃡,以外
呮,以外
緳,以外
㻵,以外
譼,以外
䱾,以外
熀,以外
阅,以外
嬇,以外
榐,以外
踕,以外
琙,以外
㤛,以外
鲞,以外
䆠,以外
氩,以外
窲,以外
㾴,以外
茷,以外
䐹,以外
釀,以外
勂,以外
觐,以外
䫒,以外
鑙,以外
奛,以外
豩,以外
牭,以外
㝯,以外
髲,以外
忴,以外
橽,以外
厁,以外
颇,以外
㸈,以外
朎,以外
䮑,以外
窛,以外
弞,以外
萤,以外
鮱,以外
㤲,以外
昸,以外
䪻,以外
幈,以外
淕,以外
髛,以外
㡜,以外
䗥,以外
瓯,以外
奲,以外
虸,以外
泿,以外
嘃,以外
㮆,以外
鼉,以外
专,以外
礝,以外
膢,以外
儭,以外
㪰,以外
鸳,以外
掶,以外
䤽,以外
硇,以外
偗,以外
㗚,以外
饝,以外
䡧,以外
嫰,以外
菶,以外
鞃,以外
瀂,以外
咅,以外
㔄,以外
输,以外
栒,以外
䲕,以外
熗,以外
㚙,以外
茠,以外
䀢,以外
鲵,以外
紴,以外
䆷,以外
绉,以外
䵔,以外
釗,以外
牖,以外
囙,以外
㝘,以外
觧,以外
仩,以外
珫,以外
鵴,以外
䉶,以外
毻,以外
㲊,以外
耍,以外
䔏,以外
垘,以外
侨,以外
锯,以外
娱,以外
撺,以外
贿,以外
睃,以外
㑅,以外
鿈,以外
峊,以外
潓,以外
秜,以外
㻞,以外
艡,以外
䝣,以外
凬,以外
蓺,以外
䧼,以外
㐀,以外
妉,以外
芏,以外
㾝,以外
鸜,以外
䴦,以外
簰,以外
膹,以外
呀,以外
㻇,以外
柍,以外
䱐,以外
獚,以外
胣,以外
㷱,以外
鱰,以外
䍺,以外
锁,以外
犄,以外
䐋,以外
贑,以外
檔,以外
㨟,以外
挥,以外
䊤,以外
讪,以外
熮,以外
嬵,以外
谻,以外
鋄,以外
㥉,以外
扏,以外
䇎,以外
諔,以外
烘,以外
婟,以外
荥,以外
棨,以外
釮,以外
㡳,以外
慹,以外
䃸,以外
觾,以外
薋,以外
稊,以外
䚍,以外
鄘,以外
刚,以外
箟,以外
褨,以外
䨪,以外
隭,以外
眬,以外
厯,以外
躽,以外
漼,以外
䮿,以外
瓁,以外
驊,以外
䝌,以外
泑,以外
鯟,以外
硞,以外
䓡,以外
靬,以外
偮,以外
秳,以外
㫵,以外
轼,以外
䡾,以外
疀,以外
㚂,以外
鈅,以外
弇,以外
涐,以外
訕,以外
瀙,以外
㴛,以外
颞,以外
䖠,以外
纲,以外
㮴,以外
䀹,以外
闀,以外
敋,以外
跐,以外
仒,以外
㓖,以外
遙,以外
嵛,以外
揤,以外
衩,以外
癭,以外
黲,以外
寴,以外
湽,以外
垁,以外
鲇,以外
㨈,以外
挎,以外
嬞,以外
耤,以外
嚫,以外
龱,以外
㴲,以外
亻,以外
燅,以外
婈,以外
荎,以外
槕,以外
㱜,以外
䇥,以外
烯,以外
嵲,以外
棿,以外
㾆,以外
鬉,以外
撌,以外
䨓,以外
㐗,以外
紝,以外
岜,以外
薢,以外
唭,以外
㺰,以外
騳,以外
䴽,以外
㝁,以外
籇,以外
忆,以外
蓌,以外
呗,以外
䱧,以外
㙫,以外
罱,以外
廰,以外
鎃,以外
琂,以外
讓,以外
氒,以外
䢕,以外
疗,以外
蜠,以外
䐢,以外
涧,以外
颵,以外
礴,以外
䖷,以外
鑂,以外
竉,以外
豒,以外
䥔,以外
闗,以外
跧,以外
湦,以外
䫩,以外
矫,以外
㓭,以外
饴,以外
䙶,以外
濻,以外
箈,以外
㢊,以外
䄏,以外
隖,以外
昡,以外
躦,以外
䮨,以外
㖬,以外
鄯,以外
帱,以外
悺,以外
褿,以外
獃,以外
鯈,以外
緜,以外
㫞,以外
虡,以外
䍣,以外
嗬,以外
硵,以外
胺,以外
㠀,以外
焆,以外
躏,以外
鈜,以外
沣,以外
䄦,以外
趹,以外
酆,以外
䁐,以外
罚,以外
叝,以外
賣,以外
遰,以外
櫷,以外
佺,以外
餁,以外
纄,以外
䠋,以外
脑,以外
暔,以外
龚,以外
㘟,以外
漥,以外
頫,以外
螪,以外
圵,以外
耻,以外
斾,以外
㕉,以外
湏,以外
糘,以外
噟,以外
轥,以外
擨,以外
鷮,以外
㑳,以外
䳸,以外
瘊,以外
䪍,以外
鴘,以外
瞟,以外
蔨,以外
䘪,以外
徯,以外
㰮,以外
挼,以外
䞿,以外
㷃,以外
陊,以外
䭌,以外
韟,以外
䣡,以外
魬,以外
㛵,以外
䑾,以外
㪂,以外
鸅,以外
匇,以外
蘕,以外
簙,以外
钞,以外
䦠,以外
搩,以外
㞴,以外
謷,以外
䰹,以外
駀,以外
楋,以外
臐,以外
䋒,以外
㣖,以外
鱙,以外
兛,以外
穭,以外
㽯,以外
扽,以外
宁,以外
㘈,以外
漎,以外
䎑,以外
犛,以外
圞,以外
谤,以外
媫,以外
鎱,以外
䊻,以外
緅,以外
噈,以外
旕,以外
鋛,以外
兲,以外
蹸,以外
擿,以外
霉,以外
梌,以外
䘓,以外
㠗,以外
焝,以外
傜,以外
覢,以外
阳,以外
殶,以外
䄽,以外
㭁,以外
灇,以外
叆,以外
裌,以外
㷚,以外
酝,以外
櫠,以外
䁧,以外
㩫,以外
獱,以外
勰,以外
诶,以外
龃,以外
岅,以外
㴄,以外
螓,以外
䒕,以外
禗,以外
㺙,以外
謠,以外
䠢,以外
钵,以外
甴,以外
䦷,以外
顂,以外
嵄,以外
盉,以外
䕔,以外
駗,以外
穖,以外
廙,以外
㽘,以外
扦,以外
䛩,以外
篫,以外
㣭,以外
镴,以外
䩶,以外
揻,以外
瞈,以外
㒊,以外
䴏,以外
骖,以外
䞨,以外
㦬,以外
鴯,以外
刱,以外
沺,以外
蔿,以外
罃,以外
㱅,以外
哊,以外
燜,以外
㛞,以外
詡,以外
佣,以外
姬,以外
瑵,以外
䇼,以外
㰀,以外
甆,以外
誏,以外
㞝,以外
梣,以外
䔦,以外
琰,以外
傳,以外
覹,以外
㛇,以外
镆,以外
濍,以外
䑐,以外
筚,以外
埝,以外
裣,以外
捪,以外
㗱,以外
䭺,以外
鴁,以外
䰋,以外
鮚,以外
欥,以外
䪤,以外
鰫,以外
禮,以外
匵,以外
萻,以外
橏,以外
䧎,以外
磘,以外
剟,以外
譥,以外
䣸,以外
趋,以外
爊,以外
亍,以外
餘,以外
娚,以外
玟,以外
脨,以外
䈪,以外
缬,以外
宯,以外
㠮,以外
蚽,以外
朼,以外
䎿,以外
糁,以外
㧃,以外
鉊,以外
佌,以外
擑,以外
鏟,以外
灞,以外
䳡,以外
塮,以外
燳,以外
蝼,以外
䁾,以外
綀,以外
㺂,以外
圇,以外
舕,以外
砙,以外
㔛,以外
邞,以外
䶠,以外
皲,以外
輷,以外
䠹,以外
鷀,以外
测,以外
䛒,以外
㳖,以外
顙,以外
啛,以外
毤,以外
聩,以外
㭯,以外
叴,以外
晽,以外
钇,以外
欎,以外
䞑,以外
皛,以外
匞,以外
蠤,以外
鞱,以外
㔲,以外
䚻,以外
秅,以外
剈,以外
懕,以外
㑜,以外
浢,以外
䧥,以外
啲,以外
詸,以外
惿,以外
㞆,以外
錉,以外
䈓,以外
㰗,以外
甝,以外
咜,以外
趢,以外
崭,以外
㚰,以外
鈳,以外
澶,以外
䔽,以外
㽁,以外
瑇,以外
賌,以外
屗,以外
㧚,以外
镝,以外
滠,以外
䑧,以外
㹫,以外
睱,以外
迶,以外
簂,以外
㤄,以外
搒,以外
䂕,以外
綗,以外
㪙,以外
輠,以外
䰢,以外
焴,以外
鱂,以外
狉,以外
葒,以外
䅔,以外
鷗,以外
嫙,以外
㭘,以外
藧,以外
䋩,以外
㳭,以外
酴,以外
乶,以外
玈,以外
谍,以外
䤏,以外
麖,以外
蚦,以外
䎨,以外
㶬,以外
餯,以外
脿,以外
筃,以外
㡅,以外
捓,以外
痜,以外
蹡,以外
䭣,以外
巬,以外
灵,以外
裺,以外
䗼,以外
䀀,以外
堐,以外
粓,以外
鬒,以外
䮝,以外
躟,以外
瀠,以外
㤦,以外
掭,以外
场,以外
箽,以外
騼,以外
䫇,以外
跉,以外
潊,以外
㡐,以外
腖,以外
竧,以外
饦,以外
䧱,以外
賳,以外
湴,以外
㝺,以外
肀,以外
朅,以外
喎,以外
颐,以外
缕,以外
丟,以外
涞,以外
鄡,以外
㚤,以外
鞺,以外
縿,以外
䵉,以外
泈,以外
㗎,以外
雤,以外
絩,以外
䱳,以外
毲,以外
轵,以外
㓸,以外
蠆,以外
匌,以外
瞏,以外
覛,以外
欜,以外
傡,以外
㸪,以外
䐮,以外
锸,以外
㾿,以外
䗃,以外
鋍,以外
瑎,以外
兠,以外
鹪,以外
楰,以外
仵,以外
㱾,以外
䊂,以外
氉,以外
䤛,以外
阥,以外
愫,以外
蒮,以外
侴,以外
㐹,以外
礻,以外
鲾,以外
譇,以外
㫒,以外
䃖,以外
橝,以外
釠,以外
壦,以外
䝯,以外
烶,以外
鑹,以外
犋,以外
贊,以外
㮑,以外
肗,以外
昘,以外
喥,以外
颧,以外
縨,以外
䤲,以外
谴,以外
㪻,以外
哏,以外
祒,以外
䡜,以外
泟,以外
轞,以外
㗥,以外
䮆,以外
躈,以外
焍,以外
㸓,以外
䀗,以外
蜙,以外
堧,以外
箦,以外
鼩,以外
䪰,以外
瀷,以外
㤽,以外
䍁,以外
拀,以外
虃,以外
竐,以外
鹓,以外
䗚,以外
獡,以外
㡧,以外
䉫,以外
巪,以外
腭,以外
婻,以外
饽,以外
䔄,以外
榇,以外
阎,以外
㲕,以外
䚙,以外
甤,以外
庩,以外
謰,以外
蓅,以外
橆,以外
鳕,以外
㵔,以外
䝘,以外
遢,以外
㻩,以外
彨,以外
䃭,以外
釷,以外
睸,以外
壽,以外
戁,以外
䲊,以外
㔏,以外
稑,以外
鶔,以外
蠝,以外
圣,以外
㾨,以外
粪,以外
䆬,以外
漳,以外
銶,以外
妼,以外
䑅,以外
燌,以外
镏,以外
蟘,以外
㝣,以外
瑥,以外
曮,以外
㧼,以外
绾,以外
䐀,以外
尐,以外
鼒,以外
誟,以外
琠,以外
㴦,以外
枭,以外
蘬,以外
鸼,以外
觉,以外
歊,以外
㱐,以外
曗,以外
蕖,以外
继,以外
鵦,以外
橴,以外
蒀,以外
挅,以外
㐋,以外
冎,以外
鲐,以外
笕,以外
䨟,以外
榞,以外
锡,以外
傸,以外
鎺,以外
䥉,以外
棈,以外
鑋,以外
埢,以外
祩,以外
䡳,以外
濲,以外
譵,以外
谆,以外
㚍,以外
圌,以外
玏,以外
趛,以外
漜,以外
咡,以外
㨪,以外
䀮,以外
鄸,以外
㮿,以外
堾,以外
䇃,以外
㝌,以外
灎,以外
㓡,以外
啠,以外
燣,以外
浰,以外
䫵,以外
鯿,以外
㡾,以外
䚂,以外
栉,以外
鞌,以外
庒,以外
䴛,以外
㖠,以外
皢,以外
鈥,以外
肮,以外
䮴,以外
紻,以外
颾,以外
轇,以外
噍,以外
㻒,以外
篔,以外
䓖,以外
湝,以外
闠,以外
峦,以外
䍯,以外
遹,以外
孿,以外
䨈,以外
㾑,以外
蒗,以外
战,以外
鲧,以外
稨,以外
䴲,以外
榵,以外
蠴,以外
㺻,以外
蟁,以外
敂,以外
絒,以外
䱜,以外
譞,以外
蛫,以外
摬,以外
叹,以外
籼,以外
來,以外
誈,以外
㨓,以外
䐗,以外
枖,以外
茙,以外
尧,以外
羦,以外
亰,以外
趲,以外
琷,以外
㴽,以外
䝁,以外
曀,以外
艃,以外
彑,以外
绐,以外
驓,以外
䇚,以外
㱧,以外
䙫,以外
燺,以外
鵽,以外
䄄,以外
涇,以外
㢕,以外
夔,以外
䊙,以外
鎣,以外
㐢,以外
焤,以外
媩,以外
輰,以外
㖷,以外
犹,以外
胅,以外
湆,以外
飕,以外
㥔,以外
䍘,以外
㫩,以外
孨,以外
䓭,以外
闷,以外
㙶,以外
獸,以外
峽,以外
昁,以外
膄,以外
䢊,以外
縑,以外
馔,以外
谝,以外
㮨,以外
䖬,以外
欳,以外
隶,以外
䁅,以外
痌,以外
酏,以外
塕,以外
䫞,以外
灥,以外
蹱,以外
啷,以外
㷼,以外
竾,以外
䠀,以外
倐,以外
璓,以外
錒,以外
䎝,以外
蚟,以外
殭,以外
訬,以外
强,以外
玽,以外
鈼,以外
䋇,以外
杊,以外
櫗,以外
幤,以外
狧,以外
酦,以外
䇱,以外
蓳,以外
㽺,以外
袀,以外
漅,以外
㠋,以外
嶎,以外
邐,以外
眕,以外
䘟,以外
斞,以外
㺤,以外
瘿,以外
䕉,以外
擈,以外
㷎,以外
寢,以外
黤,以外
畩,以外
䑳,以外
揲,以外
蝵,以外
㳸,以外
㪍,以外
羏,以外
膛,以外
挜,以外
墡,以外
㘪,以外
䰮,以外
悱,以外
鴸,以外
㞿,以外
髍,以外
㭌,以外
籎,以外
嗓,以外
蹚,以外
㣡,以外
緣,以外
迯,以外
䛵,以外
㑾,以外
䪂,以外
搉,以外
鮌,以外
劒,以外
䄛,以外
㦠,以外
窢,以外
鸥,以外
椫,以外
貮,以外
䞴,以外
㰹,以外
焻,以外
钾,以外
濄,以外
荇,以外
婍,以外
矔,以外
䣖,以外
扝,以外
駠,以外
僦,以外
磶,以外
鱹,以外
䘈,以外
窋,以外
蔊,以外
渘,以外
嶥,以外
邧,以外
瘨,以外
䄲,以外
斵,以外
萴,以外
证,以外
楂,以外
峏,以外
煒,以外
䁜,以外
擟,以外
蝞,以外
㷥,以外
桬,以外
忹,以外
鋻,以外
䎆,以外
蚈,以外
礍,以外
㘓,以外
䠗,以外
倧,以外
玦,以外
霩,以外
䊰,以外
膲,以外
砷,以外
䭁,以外
櫀,以外
蹃,以外
陓,以外
胜,以外
筡,以外
䩫,以外
嗪,以外
剻,以外
緺,以外
酽,以外
䴄,以外
憇,以外
鸎,以外
㒕,以外
龣,以外
㠢,以外
紤,以外
嚩,以外
茰,以外
㦷,以外
纹,以外
賅,以外
扆,以外
寋,以外
铕,以外
㕔,以外
佘,以外
顢,以外
㛩,以外
坨,以外
䣭,以外
駷,以外
㩶,以外
罸,以外
僽,以外
樁,以外
趄,以外
䒊,以外
㴏,以外
爑,以外
耝,以外
弣,以外
㞨,以外
璪,以外
䦬,以外
朳,以外
骶,以外
冼,以外
䱅,以外
秌,以外
鵏,以外
呕,以外
还,以外
䛞,以外
㽣,以外
韨,以外
滮,以外
奷,以外
䰀,以外
輂,以外
炓,以外
霒,以外
䞝,以外
簠,以外
㔦,以外
澭,以外
踬,以外
嬺,以外
阼,以外
䛇,以外
捊,以外
㑐,以外
滗,以外
赖,以外
婤,以外
镦,以外
䗱,以外
胳,以外
扴,以外
㭺,以外
貀,以外
㰋,以外
妎,以外
钐,以外
猕,以外
䈟,以外
憞,以外
鴡,以外
㪤,以外
樯,以外
墸,以外
鮺,以外
爿,以外
䅉,以外
惈,以外
鱋,以外
㧎,以外
楙,以外
忢,以外
髤,以外
䁳,以外
柲,以外
㣸,以外
萆,以外
㺍,以外
朜,以外
䠮,以外
撱,以外
餸,以外
倾,以外
䧃,以外
㽌,以外
硎,以外
凓,以外
詚,以外
㳡,以外
嵠,以外
鉪,以外
误,以外
䋵,以外
鏿,以外
亂,以外
怉,以外
龌,以外
嚒,以外
䔛,以外
㶠,以外
红,以外
騥,以外
袮,以外
䎴,以外
㠹,以外
邾,以外
毄,以外
蝇,以外
幍,以外
㛒,以外
珔,以外
䳖,以外
晝,以外
鷠,以外
䭯,以外
项,以外
䈈,以外
纋,以外
㞑,以外
貗,以外
樘,以外
钧,以外
䔲,以外
憵,以外
耴,以外
㚻,以外
迁,以外
浂,以外
壏,以外
韑,以外
畒,以外
䑜,以外
荞,以外
㧥,以外
汬,以外
对,以外
瑼,以外
䞆,以外
芈,以外
䰗,以外
澖,以外
吧,以外
瞦,以外
錩,以外
䚰,以外
薲,以外
㔽,以外
佁,以外
滀,以外
詃,以外
盐,以外
鉓,以外
䧚,以外
蓜,以外
罡,以外
㑧,以外
乫,以外
噻,以外
秺,以外
镽,以外
䤄,以外
䪙,以外
鮣,以外
㰢,以外
礤,以外
蜰,以外
㶷,以外
帶,以外
窹,以外
晆,以外
忋,以外
郕,以外
䭘,以外
柛,以外
鱢,以外
卨,以外
䳭,以外
鷷,以外
㹶,以外
筸,以外
渁,以外
覄,以外
䂊,以外
㤏,以外
瘑,以外
醔,以外
梚,以外
萝,以外
嬣,以外
炪,以外
䶬,以外
挳,以外
麶,以外
喼,以外
䡅,以外
緌,以外
饏,以外
诘,以外
䋞,以外
㭣,以外
硥,以外
櫮,以外
嵷,以外
㗼,以外
狾,以外
倀,以外
錂,以外
㶉,以外
䠐,以外
謒,以外
玭,以外
鈬,以外
㲳,以外
䜺,以外
殽,以外
嫇,以外
鷉,以外
罊,以外
㯝,以外
䙤,以外
櫧,以外
姱,以外
繴,以外
眅,以外
䖎,以外
袐,以外
帟,以外
綞,以外
脡,以外
瘯,以外
㼵,以外
䒸,以外
渿,以外
嵉,以外
糈,以外
聋,以外
㹟,以外
䏢,以外
屳,以外
篲,以外
齵,以外
䌌,以外
枏,以外
馛,以外
㘚,以外
笜,以外
䂡,以外
㞯,以外
碱,以外
蔸,以外
䰾,以外
嗃,以外
苍,以外
陚,以外
䅠,以外
旣,以外
蹪,以外
韯,以外
㑮,以外
祰,以外
廵,以外
迿,以外
劂,以外
㬇,以外
簉,以外
莌,以外
䪒,以外
夛,以外
抢,以外
蘥,以外
焫,以外
钮,以外
椻,以外
貾,以外
矄,以外
魇,以外
䉍,以外
㥛,以外
穝,以外
䣦,以外
坯,以外
㿴,以外
葹,以外
师,以外
抋,以外
鴊,以外
邗,以外
瘘,以外
㼞,以外
䖥,以外
袧,以外
渨,以外
鰴,以外
鏁,以外
煂,以外
㹈,以外
䓏,以外
译,以外
楒,以外
塜,以外
齞,以外
鋫,以外
灬,以外
㥲,以外
䟹,以外
諻,以外
桼,以外
㘃,以外
宆,以外
倗,以外
㢜,以外
䠧,以外
殦,以外
媰,以外
馲,以外
怷,以外
狀,以外
陃,以外
㯆,以外
䭑,以外
櫐,以外
蹓,以外
捡,以外
剫,以外
酭,以外
㫰,以外
䩻,以外
襽,以外
㒅,以外
禇,以外
蘎,以外
䴔,以外
嚙,以外
螣,以外
亩,以外
鬰,以外
䈶,以外
铅,以外
㕄,以外
䏋,以外
賕,以外
㛙,以外
坘,以外
篛,以外
佨,以外
臷,以外
杸,以外
䣽,以外
爁,以外
閄,以外
岊,以外
樑,以外
趔,以外
㞘,以外
璚,以外
頝,以外
䜣,以外
沪,以外
㨱,以外
缳,以外
芶,以外
䦼,以外
呅,以外
㳊,以外
蕏,以外
䱕,以外
韘,以外
廞,以外
摥,以外
迨,以外
驱,以外
䅷,以外
吀,以外
炃,以外
霂,以外
㦉,以外
䰐,以外
㔖,以外
徝,以外
骟,以外
搠,以外
阬,以外
㢳,以外
䌺,以外
澽,以外
踼,以外
㑀,以外
廇,以外
駉,以外
筊,以外
镖,以外
㿝,以外
䉤,以外
滧,以外
飳,以外
钀,以外
猅,以外
䆎,以外
貐,以外
欕,以外
禞,以外
爯,以外
㬵,以外
䂸,以外
莺,以外
樿,以外
磈,以外
葋,以外
㩟,以外
䟢,以外
苤,以外
楩,以外
塳,以外
翲,以外
魵,以外
䜌,以外
鶛,以外
缜,以外
䒡,以外
倮,以外
脸,以外
䠾,以外
凃,以外
恎,以外
䧓,以外
鉚,以外
䕠,以外
詪,以外
鏯,以外
絰,以外
嫵,以外
诿,以外
嚂,以外
㼇,以外
砉,以外
螌,以外
舥,以外
邮,以外
袾,以外
㛂,以外
珄,以外
齇,以外
䙍,以外
哖,以外
㵛,以外
藠,以外
䳦,以外
㯴,以外
擶,以外
聹,以外
䭿,以外
㞁,以外
娈,以外
暋,以外
钗,以外
爘,以外
㬞,以外
䆥,以外
樨,以外
㚫,以外
崲,以外
禵,以外
韁,以外
畂,以外
㩈,以外
䃏,以外
浒,以外
屜,以外
磟,以外
魞,以外
瑬,以外
㵲,以外
䏹,以外
汼,以外
徆,以外
骈,以外
攍,以外
吗,以外
瞖,以外
㲜,以外
䰧,以外
澦,以外
謩,以外
㔭,以外
庰,以外
搷,以外
坁,以外
盀,以外
鉃,以外
㿆,以外
滐,以外
詓,以外
㑗,以外
凚,以外
鳜,以外
䧪,以外
镭,以外
㻰,以外
乻,以外
赽,以外
綇,以外
䤔,以外
劙,以外
莣,以外
愤,以外
䪩,以外
鼰,以外
䘶,以外
郅,以外
䟋,以外
翛,以外
䭨,以外
捸,以外
䳽,以外
醄,以外
墊,以外
渑,以外
覔,以外
炚,以外
鰝,以外
䌣,以外
梪,以外
㸱,以外
偅,以外
㣊,以外
腏,以外
䡕,以外
嫞,以外
诨,以外
㗬,以外
狮,以外
鹱,以外
䕷,以外
櫾,以外
鬂,以外
㖉,以外
䀐,以外
茒,以外
㤖,以外
厝,以外
隟,以外
栠,以外
騬,以外
㒳,以外
掽,以外
舼,以外
㡀,以外
闉,以外
睊,以外
竗,以外
饖,以外
乤,以外
拧,以外
腦,以外
铳,以外
癴,以外
颀,以外
缅,以外
䶎,以外
肐,以外
嘟,以外
疞,以外
褡,以外
縯,以外
㜵,以外
䲸,以外
啉,以外
瓈,以外
衋,以外
絙,以外
㙟,以外
䯢,以外
軤,以外
敩,以外
珲,以外
靵,以外
䬌,以外
澏,以外
醛,以外
㸚,以外
䢡,以外
㾯,以外
尮,以外
炱,以外
贸,以外
䐾,以外
巃,以外
䗓,以外
鹚,以外
䥠,以外
淣,以外
虪,以外
㱮,以外
煰,以外
囵,以外
蟿,以外
媂,以外
䊒,以外
儛,以外
檢,以外
踥,以外
鲮,以外
垴,以外
愻,以外
蒾,以外
㫂,以外
翄,以外
鍇,以外
䩍,以外
壖,以外
觠,以外
䃦,以外
彯,以外
㟴,以外
棶,以外
䝿,以外
㮁,以外
嘈,以外
檋,以外
锊,以外
颗,以外
縘,以外
㜞,以外
䶥,以外
肧,以外
㪫,以外
鐴,以外
鯁,以外
祂,以外
㙈,以外
䳏,以外
菑,以外
慒,以外
瓟,以外
俹,以外
恼,以外
㸃,以外
历,以外
堗,以外
箖,以外
鼙,以外
䀧,以外
掦,以外
㤭,以外
劰,以外
醲,以外
样,以外
孁,以外
竀,以外
鹃,以外
䍑,以外
虓,以外
㡗,以外
巚,以外
郜,以外
歡,以外
婫,以外
䗪,以外
饭,以外
䉻,以外
淺,以外
腽,以外
㲅,以外
崄,以外
熇,以外
踎,以外
䔔,以外
庙,以外
洤,以外
䚩,以外
錰,以外
䨶,以外
溹,以外
鳅,以外
㵄,以外
䯋,以外
蓕,以外
㻙,以外
彘,以外
珛,以外
䝨,以外
壭,以外
觷,以外
䃽,以外
稁,以外
鶄,以外
咊,以外
㾘,以外
粚,以外
伣,以外
撪,以外
眳,以外
誶,以外
䆼,以外
㓊,以外
赏,以外
䑕,以外
汥,以外
蟨,以外
㧬,以外
绮,以外
䥷,以外
尀,以外
碃,以外
鼂,以外
䐐,以外
悓,以外
㴖,以外
垝,以外
銟,以外
氠,以外
羭,以外
鸬,以外
䬺,以外
枽,以外
蘼,以外
㱀,以外
囇,以外
獊,以外
绗,以外
鵖,以外
㟝,以外
䩤,以外
曧,以外
蕦,以外
嗱,以外
郳,以外
鲀,以外
笅,以外
䦎,以外
挕,以外
刟,以外
熞,以外
贡,以外
稯,以外
䢸,以外
论,以外
豋,以外
祙,以外
俢,以外
慩,以外
偳,以外
矲,以外
鐆,以外
伌,以外
殏,以外
閛,以外
㨚,以外
眜,以外
䲡,以外
㮯,以外
堮,以外
璱,以外
䀾,以外
姃,以外
䇓,以外
䵠,以外
槣,以外
鯯,以外
㡮,以外
勵,以外
菿,以外
庂,以外
㜇,以外
辌,以外
䚒,以外
唛,以外
颮,以外
厴,以外
肾,以外
㻂,以外
靇,以外
揔,以外
峖,以外
㕛,以外
癝,以外
跠,以外
䓦,以外
孯,以外
泶,以外
衹,以外
䍿,以外
㾁,以外
溋,以外
鄊,以外
鲗,以外
稘,以外
䦥,以外
蒧,以外
戨,以外
㺫,以外
唲,以外
熵,以外
逴,以外
䣏,以外
蟑,以外
敒,以外
呜,以外
鍞,以外
黫,以外
㕲,以外
䯹,以外
摼,以外
㨃,以外
垆,以外
銈,以外
洍,以外
尗,以外
羖,以外
鬙,以外
㒜,以外
䐧,以外
枦,以外
茩,以外
㴭,以外
嚰,以外
彁,以外
绀,以外
㟆,以外
䝑,以外
曐,以外
艓,以外
㱗,以外
铜,以外
潡,以外
幫,以外
䇪,以外
鵭,以外
㛰,以外
䙻,以外
槺,以外
蕽,以外
㢅,以外
处,以外
䄔,以外
媙,以外
讣,以外
椤,以外
䊩,以外
丶,以外
檹,以外
飅,以外
㥄,以外
俋,以外
胕,以外
㫙,以外
䍨,以外
跷,以外
歸,以外
䓽,以外
馄,以外
傊,以外
昑,以外
膔,以外
㮘,以外
鐝,以外
䬣,以外
㘱,以外
猳,以外
躶,以外
䖼,以外
塅,以外
襏,以外
䁕,以外
鯘,以外
勞,以外
桥,以外
菨,以外
㷬,以外
竮,以外
陱,以外
䵷,以外
怀,以外
䒃,以外
螅,以外
砐,以外
岓,以外
殝,以外
倠,以外
㒣,以外
錢,以外
䎭,以外
宽,以外
櫇,以外
佊,以外
鉌,以外
䋗,以外
藙,以外
癤,以外
嫧,以外
鷩,以外
㽪,以外
槱,以外
乴,以外
酶,以外
䜅,以外
訇,以外
㺔,以外
䶞,以外
邠,以外
㜥,以外
䘯,以外
褱,以外
璸,以外
帿,以外
㶾,以外
浉,以外
䳈,以外
迊,以外
㙏,以外
䕙,以外
珢,以外
㳨,以外
汳,以外
䯲,以外
軴,以外
㕹,以外
猌,以外
垏,以外
耖,以外
䬜,以外
炡,以外
頦,以外
膫,以外
搮,以外
䢱,以外
馻,以外
㬼,以外
赈,以外
㣑,以外
緓,以外
諝,以外
煠,以外
䥰,以外
滵,以外
蔃,以外
抂,以外
䰉,以外
㦐,以外
鴓,以外
讜,以外
劢,以外
㰩,以外
䄫,以外
澴,以外
夻,以外
䟄,以外
牍,以外
铎,以外
忔,以外
荗,以外
惖,以外
䩝,以外
㟤,以外
魧,以外
磦,以外
觰,以外
僶,以外
㩽,以外
罿,以外
劋,以外
㜎,以外
䘘,以外
帨,以外
椲,以外
䶵,以外
邷,以外
㘸,以外
䅂,以外
葄,以外
奒,以外
㷕,以外
鱔,以外
䳟,以外
䁬,以外
矹,以外
塼,以外
㳿,以外
齾,以外
儍,以外
鐏,以外
怗,以外
䎖,以外
蚘,以外
麨,以外
檰,以外
倷,以外
捁,以外
䋀,以外
嫐,以外
旚,以外
卡,以外
扫,以外
緪,以外
胬,以外
穻,以外
嗺,以外
芁,以外
攄,以外
䦇,以外
骑,以外
㠒,以外
暙,以外
唤,以外
㦧,以外
纩,以外
辳,以外
嚹,以外
䩆,以外
珋,以外
魐,以外
杘,以外
䯛,以外
铥,以外
㩦,以外
惭,以外
坸,以外
㯻,以外
䈁,以外
錋,以外
沊,以外
䒚,以外
眣,以外
岪,以外
耭,以外
伳,以外
㒺,以外
禼,以外
摅,以外
諆,以外
㽓,以外
籕,以外
赟,以外
呥,以外
䛮,以外
煷,以外
韸,以外
廾,以外
搀,以外
䂃,以外
簐,以外
鮕,以外
澝,以外
霢,以外
䞭,以外
猺,以外
骿,以外
滇,以外
䭊,以外
㟍,以外
䛗,以外
牤,以外
廧,以外
駩,以外
㭪,以外
䩴,以外
㛷,以外
镶,以外
䌅,以外
踇,以外
熎,以外
嬕,以外
㪔,以外
䦞,以外
钠,以外
䈯,以外
贱,以外
娿,以外
㦾,以外
楉,以外
䣈,以外
诊,以外
䅙,以外
豛,以外
奩,以外
㣨,以外
桳,以外
俲,以外
諴,以外
袉,以外
厏,以外
萖,以外
璡,以外
鰦,以外
怮,以外
䲱,以外
㼼,以外
砾,以外
襈,以外
偎,以外
㳑,以外
秓,以外
軝,以外
凣,以外
䵰,以外
櫵,以外
鉺,以外
脃,以外
暂,以外
䠉,以外
㶐,以外
㠩,以外
䔫,以外
訵,以外
崻,以外
䏄,以外
㕋,以外
癍,以外
擖,以外
糦,以外
捯,以外
跰,以外
哶,以外
㹽,以外
筿,以外
樈,以外
嚋,以外
閍,以外
䈘,以外
熥,以外
娨,以外
餪,以外
䦵,以外
钷,以外
䕂,以外
聄,以外
㧕,以外
汜,以外
䣟,以外
韡,以外
㕢,以外
䑬,以外
荮,以外
珹,以外
屼,以外
㣿,以外
魾,以外
唍,以外
㒌,以外
䞖,以外
芘,以外
徦,以外
溰,以外
吷,以外
㞶,以外
錹,以外
杁,以外
䛀,以外
藂,以外
网,以外
鷒,以外
懚,以外
㛠,以外
鉣,以外
晫,以外
秪,以外
鳼,以外
蚁,以外
愄,以外
䶇,以外
㰒,以外
礔,以外
抙,以外
訞,以外
儤,以外
㶧,以外
讳,以外
瘶,以外
蝀,以外
乆,以外
矋,以外
齐,以外
捘,以外
郥,以外
㹦,以外
筨,以外
擭,以外
豲,以外
㿻,以外
糽,以外
䘁,以外
霋,以外
梊,以外
䂚,以外
㘡,以外
猣,以外
墪,以外
萭,以外
䬳,以外
鰽,以外
綼,以外
恅,以外
軆,以外
嗌,以外
㭓,以外
硕,以外
櫞,以外
䋮,以外
鏸,以外
嫾,以外
栀,以外
䲃,以外
辅,以外
瀐,以外
咓,以外
鞕,以外
掝,以外
堠,以外
㲣,以外
䮭,以外
缺,以外
厽,以外
隿,以外
䝊,以外
㯍,以外
驌,以外
䫗,以外
跙,以外
繤,以外
闩,以外
㝪,以外
懱,以外
䙴,以外
㫷,以外
饶,以外
伅,以外
與,以外
綎,以外
圕,以外
㚔,以外
䖞,以外
颠,以外
㼥,以外
丯,以外
粸,以外
嘿,以外
㖾,以外
敉,以外
䓈,以外
蟊,以外
㹏,以外
䵙,以外
聛,以外
篢,以外
啩,以外
㓨,以外
摳,以外
䏲,以外
蛴,以外
㵹,以外
蒉,以外
笌,以外
徏,以外
䌜,以外
碡,以外
逦,以外
覫,以外
氮,以外
䂱,以外
醻,以外
琾,以外
淃,以外
痓,以外
苝,以外
䅰,以外
曵,以外
鹺,以外
贃,以外
檂,以外
䐉,以外
锓,以外
莜,以外
媢,以外
㐩,以外
䤫,以外
蘵,以外
㥋,以外
鳎,以外
埔,以外
譗,以外
棖,以外
䉝,以外
㿤,以外
鍧,以外
烦,以外
臰,以外
壶,以外
睿,以外
昈,以外
媋,以外
馍,以外
㼎,以外
贚,以外
綥,以外
嘨,以外
锪,以外
愲,以外
䖵,以外
颷,以外
㸸,以外
䥂,以外
豄,以外
糏,以外
兒,以外
㗕,以外
鑔,以外
恜,以外
䓟,以外
㥢,以外
䡬,以外
轮,以外
偼,以外
㓿,以外
靾,以外
掆,以外
复,以外
㢌,以外
鰏,以外
䮖,以外
躘,以外
瀧,以外
厦,以外
隨,以外
抰,以外
堷,以外
㮶,以外
鼹,以外
歁,以外
䫀,以外
观,以外
獑,以外
勐,以外
釒,以外
淚,以外
孡,以外
㫠,以外
鹣,以外
橫,以外
痪,以外
裬,以外
牻,以外
巺,以外
郼,以外
誁,以外
洄,以外
䆇,以外
甔,以外
溙,以外
蘞,以外
崤,以外
皩,以外
稶,以外
庹,以外
譀,以外
䉆,以外
鍐,以外
䏛,以外
棭,以外
聲,以外
彸,以外
䨁,以外
鬋,以外
撊,以外
䲚,以外
㨡,以外
缣,以外
咪,以外
蠭,以外
榬,以外
䜳,以外
㲺,以外
逽,以外
熼,以外
汅,以外
苆,以外
姌,以外
㝓,以外
蕟,以外
曞,以外
图,以外
氀,以外
䢃,以外
讅,以外
琐,以外
傓,以外
鎕,以外
㢣,以外
鼢,以外
侭,以外
誯,以外
笺,以外
垽,以外
銿,以外
䍊,以外
㿍,以外
鹌,以外
觙,以外
穤,以外
囧,以外
釩,以外
䉴,以外
㻷,以外
鵶,以外
䬅,以外
䆞,以外
鲠,以外
㬥,以外
䨯,以外
蔱,以外
碸,以外
刿,以外
慉,以外
䃈,以外
㩏,以外
䥙,以外
翢,以外
兩,以外
恳,以外
䟲,以外
㥹,以外
缌,以外
谖,以外
䜜,以外
粡,以外
鐦,以外
趫,以外
栮,以外
䒱,以外
㜼,以外
腈,以外
塎,以外
㓑,以外
燓,以外
蛝,以外
絠,以外
姣,以外
䕰,以外
驺,以外
褃,以外
䀉,以外
㖐,以外
鄓,以外
皒,以外
攛,以外
螜,以外
庢,以外
䴫,以外
唻,以外
䯄,以外
㵋,以外
风,以外
泖,以外
䙝,以外
㯤,以外
靧,以外
藰,以外
㙽,以外
獿,以外
庋,以外
鶍,以外
㬎,以外
䨘,以外
褚,以外
禥,以外
刨,以外
鄪,以外
攲,以外
䆵,以外
鲷,以外
㨸,以外
䵂,以外
磏,以外
啒,以外
摜,以外
䃟,以外
㵢,以外
䱬,以外
譮,以外
篹,以外
枆,以外
崍,以外
㲌,以外
琧,以外
垦,以外
銨,以外
暰,以外
尷,以外
㾶,以外
鬹,以外
潁,以外
睑,以外
囐,以外
闒,以外
槚,以外
彡,以外
㻠,以外
驣,以外
燪,以外
賬,以外
姺,以外
铼,以外
䖇,以外
隑,以外
㐒,以外
檙,以外
夤,以外
㖧,以外
犩,以外
莳,以外
縶,以外
媹,以外
轀,以外
䙆,以外
翋,以外
靐,以外
歘,以外
䟛,以外
飥,以外
㙦,以外
獨,以外
泭,以外
葲,以外
學,以外
㟻,以外
瓽,以外
鼋,以外
悊,以外
嘑,以外
䢚,以外
㸡,以外
笣,以外
馤,以外
傪,以外
谭,以外
涬,以外
䌳,以外
㢺,以外
鐽,以外
桅,以外
灕,以外
拞,以外
塥,以外
䫮,以外
絷,以外
鯸,以外
瀀,以外
咃,以外
㤆,以外
栐,以外
䲓,以外
辕,以外
䀠,以外
茢,以外
隯,以外
㠰,以外
䮽,以外
躿,以外
艌,以外
闙,以外
㝚,以外
䫧,以外
跩,以外
秱,以外
腶,以外
圅,以外
㚄,以外
騇,以外
伕,以外
嶞,以外
肠,以外
㖮,以外
餱,以外
撸,以外
丿,以外
絉,以外
峈,以外
鿊,以外
啙,以外
㓘,以外
揢,以外
䵩,以外
寲,以外
鲉,以外
㸊,以外
䞏,以外
嬜,以外
㾟,以外
悡,以外
蠦,以外
醫,以外
琮,以外
墱,以外
覻,以外
鵈,以外
䑎,以外
淓,以外
髝,以外
㱞,以外
慠,以外
䗣,以外
奰,以外
㷳,以外
绵,以外
虺,以外
锃,以外
檒,以外
㐙,以外
礛,以外
鮜,以外
䊢,以外
儫,以外
㪲,以外
鸵,以外
羴,以外
䤻,以外
埄,以外
蓎,以外
鍗,以外
烖,以外
婝,以外
譧,以外
棦,以外
睯,以外
駰,以外
䃶,以外
潿,以外
縈,以外
䊋,以外
膍,以外
㪛,以外
锚,以外
丨,以外
贪,以外
礲,以外
嶵,以外
肷,以外
兂,以外
㗅,以外
鑄,以外
擏,以外
䥒,以外
豔,以外
硜,以外
峟,以外
菡,以外
㓯,以外
靮,以外
柹,以外
䡼,以外
轾,以外
䄍,以外
萏,以外
瀗,以外
㤝,以外
栧,以外
䮦,以外
躨,以外
窰,以外
䀷,以外
蜹,以外
獁,以外
勀,以外
釂,以外
㡇,以外
歑,以外
䫐,以外
痚,以外
䍡,以外
虣,以外
牫,以外
郬,以外
㭱,以外
橻,以外
䗺,以外
銁,以外
妇,以外
洔,以外
䔤,以外
溩,以外
龳,以外
㴴,以外
戶,以外
䚹,以外
鍀,以外
㻉,以外
揋,以外
譐,以外
睘,以外
蓥,以外
潨,以外
热,以外
顲,以外
䝸,以外
棽,以外
刁,以外
㾈,以外
茋,以外
粊,以外
䨑,以外
咚,以外
朣,以外
䲪,以外
逭,以外
弳,以外
蠽,以外
榼,以外
㝃,以外
瑅,以外
髆,以外
䇌,以外
㧜,以外
鵟,以外
绞,以外
䑥,以外
㱵,以外
蟸,以外
仾,以外
琀,以外
傃,以外
鎅,以外
㴆,以外
氐,以外
䢓,以外
讕,以外
䐠,以外
蜢,以外
垭,以外
銯,以外
㰰,以外
侽,以外
织,以外
孊,以外
虌,以外
囗,以外
釙,以外
扤,以外
仧,以外
觩,以外
緱,以外
婴,以外
蕶,以外
鸇,以外
䬕,以外
妞,以外
蒠,以外
刯,以外
鴱,以外
䨿,以外
壈,以外
兙,以外
鱛,以外
䥩,以外
硳,以外
忲,以外
颉,以外
㨊,以外
朌,以外
䎏,以外
鐖,以外
弜,以外
㮟,以外
撡,以外
谦,以外
閫,以外
㜬,以外
瀮,以外
趻,以外
栾,以外
㓁,以外
饈,以外
䁎,以外
㡞,以外
敠,以外
䇣,以外
嵰,以外
㧳,以外
竵,以外
艺,以外
㖀,以外
鄃,以外
皂,以外
堉,以外
溒,以外
龜,以外
䚢,以外
唫,以外
㺲,以外
騵,以外
䴻,以外
叄,以外
晍,以外
䯔,以外
靗,以外
瓖,以外
幝,以外
轧,以外
泦,以外
㙭,以外
獯,以外
鷰,以外
䓶,以外
䚋,以外
薍,以外
刘,以外
㺛,以外
鄚,以外
憥,以外
䨨,以外
妵,以外
蒷,以外
啂,以外
遄,以外
惏,以外
䵒,以外
衔,以外
籜,以外
蟡,以外
呬,以外
揹,以外
䱼,以外
譾,以外
䔍,以外
耏,以外
琗,以外
垖,以外
㴝,以外
氧,以外
侦,以外
纰,以外
䐷,以外
睁,以外
闂,以外
㱇,以外
潑,以外
仐,以外
跒,以外
燚,以外
䝡,以外
艣,以外
癫,以外
槪,以外
铬,以外
㽱,以外
湻,以外
䇺,以外
隁,以外
㐂,以外
焄,以外
椔,以外
㖗,以外
犙,以外
騞,以外
䄤,以外
檩,以外
鮳,以外
㤴,以外
䊹,以外
靀,以外
幆,以外
㫉,以外
柋,以外
轐,以外
㙖,以外
獘,以外
忛,以外
歨,以外
㟫,以外
瓭,以外
鱲,以外
䍸,以外
泽,以外
嘁,以外
㮈,以外
蜋,以外
碊,以外
挣,以外
膤,以外
䢪,以外
鐭,以外
疬,以外
嬳,以外
谽,以外
灅,以外
黆,以外
䗌,以外
桕,以外
㷜,以外
饟,以外
竞,以外
䁥,以外
勮,以外
㡵,以外
菸,以外
䫾,以外
砀,以外
岃,以外
龅,以外
怐,以外
䒓,以外
螕,以外
玝,以外
䠠,以外
謢,以外
宭,以外
麯,以外
漺,以外
䎽,以外
蚿,以外
狇,以外
詌,以外
㽚,以外
湤,以外
䋧,以外
燱,以外
襶,以外
弅,以外
㺄,以外
鈇,以外
䜕,以外
袠,以外
㶮,以外
鄱,以外
䘿,以外
畉,以外
韊,以外
嵙,以外
㳘,以外
遛,以外
毢,以外
䕩,以外
雴,以外
钉,以外
㘊,以外
欌,以外
頖,以外
匜,以外
㞟,以外
梡,以外
耦,以外
馫,以外
㬬,以外
簮,以外
傱,以外
膻,以外
㣁,以外
緃,以外
镈,以外
䱎,以外
旓,以外
鋝,以外
㑞,以外
兰,以外
㗳,以外
盵,以外
蹺,以外
㦀,以外
窂,以外
㰙,以外
焛,以外
鎜,以外
䪢,以外
阵,以外
瞴,以外
䄻,以外
忄,以外
橍,以外
䟔,以外
魗,以外
磖,以外
剝,以外
荧,以外
惦,以外
㩭,以外
罯,以外
釰,以外
䣶,以外
瘈,以外
䪋,以外
覍,以外
帘,以外
鴚,以外
涥,以外
䘨,以外
蔪,以外
焲,以外
喵,以外
奂,以外
㷅,以外
鱄,以外
泏,以外
䅒,以外
葔,以外
灜,以外
哟,以外
诡,以外
塬,以外
㳯,以外
齮,以外
濹,以外
䁼,以外
蝾,以外
玆,以外
䤍,以外
谏,以外
砗,以外
宖,以外
麘,以外
䎦,以外
蚨,以外
犰,以外
䠷,以外
筁,以外
嫀,以外
駂,以外
捑,以外
䋐,以外
臒,以外
䭡,以外
旪,以外
飬,以外
扻,以外
骁,以外
㠂,以外
冇,以外
芑,以外
攔,以外
㦗,以外
纙,以外
阞,以外
䴤,以外
暩,以外
㔴,以外
樶,以外
亹,以外
魀,以外
剆,以外
㛉,以外
㩖,以外
賥,以外
杨,以外
㯫,以外
磭,以外
遲,以外
佸,以外
惽,以外
㞈,以外
謋,以外
璊,以外
䈑,以外
岚,以外
趤,以外
䒪,以外
禬,以外
圳,以外
憼,以外
㽃,以外
籅,以外
鋆,以外
䧌,以外
摕,以外
镟,以外
䱥,以外
廮,以外
㑵,以外
䛾,以外
鮅,以外
㔆,以外
搐,以外
䂓,以外
莕,以外
瞝,以外
䰠,以外
輢,以外
骯,以外
㐰,以外
䞽,以外
芿,以外
盇,以外
廗,以外
駙,以外
㭚,以外
橤,以外
䛧,以外
臩,以外
痱,以外
赶,以外
嬅,以外
㪄,以外
阇,以外
䌕,以外
爟,以外
冞,以外
㦮,以外
锱,以外
梸,以外
䈿,以外
僈,以外
鏊,以外
奙,以外
㣘,以外
鑛,以外
濢,以外
䅩,以外
灳,以外
埲,以外
鋴,以外
邉,以外
漌,以外
䮏,以外
鰖,以外
萦,以外
㼬,以外
砮,以外
咱,以外
薻,以外
怾,以外
㳁,以外
秃,以外
酈,以外
䡎,以外
懓,以外
雝,以外
浠,以外
䧣,以外
啰,以外
狵,以外
詺,以外
㶀,以外
脓,以外
暒,以外
㠙,以外
甛,以外
崫,以外
㚲,以外
鈵,以外
玴,以外
䔻,以外
裎,以外
䏔,以外
齗,以外
噝,以外
蝧,以外
㹭,以外
筯,以外
闰,以外
䳶,以外
捿,以外
爈,以外
趍,以外
㚛,以外
餚,以外
榥,以外
䈨,以外
脪,以外
况,以外
嵂,以外
㧅,以外
顄,以外
棏,以外
䕒,以外
联,以外
僟,以外
迡,以外
屬,以外
㣯,以外
魮,以外
毹,以外
䑼,以外
荾,以外
瞆,以外
䴍,以外
徖,以外
骘,以外
㔝,以外
搧,以外
䞦,以外
芨,以外
䰷,以外
罁,以外
廀,以外
㑇,以外
䛐,以外
藒,以外
秚,以外
佡,以外
繫,以外
懪,以外
㝱,以外
晻,以外
䧺,以外
㰂,以外
礄,以外
蚑,以外
愔,以外
㶗,以外
窙,以外
䤤,以外
抩,以外
鎳,以外
渶,以外
䪹,以外
齀,以外
噆,以外
濋,以外
蝐,以外
㹖,以外
筘,以外
埛,以外
裥,以外
㿫,以外
糭,以外
鑲,以外
䭸,以外
币,以外
輋,以外
䘑,以外
墚,以外
覤,以外
䂪,以外
㭃,以外
㗜,以外
酟,以外
狞,以外
䡥,以外
嫮,以外
诸,以外
䋾,以外
䌂,以外
㚏,以外
嬒,以外
羕,以外
讝,以外
猢,以外
䈬,以外
暯,以外
㖹,以外
霺,以外
线,以外
䅖,以外
旙,以外
㓣,以外
奦,以外
觱,以外
䳳,以外
煶,以外
䂀,以外
樇,以外
閎,以外
㤑,以外
墐,以外
炠,以外
㾪,以外
椱,以外
钸,以外
㠻,以外
垺,以外
赉,以外
偋,以外
濊,以外
㻔,以外
桛,以外
鏢,以外
㝥,以外
囤,以外
豳,以外
㷾,以外
䠆,以外
沉,以外
錌,以外
䦛,以外
邡,以外
㴨,以外
萮,以外
离,以外
㪽,以外
藃,以外
浈,以外
䙚,以外
櫝,以外
酠,以外
幪,以外
䟯,以外
軵,以外
㭼,以外
攃,以外
节,以外
厌,以外
紓,以外
骒,以外
㸕,以外
褛,以外
殜,以外
嘥,以外
䒮,以外
渵,以外
辴,以外
岾,以外
䭇,以外
鉍,以外
瓎,以外
㧐,以外
飦,以外
㱩,以外
蝯,以外
槰,以外
呹,以外
齿,以外
踈,以外
䴊,以外
熍,以外
䂗,以外
攚,以外
㐤,以外
墧,以外
紪,以外
褲,以外
䰴,以外
炷,以外
䏁,以外
摄,以外
铏,以外
㝎,以外
寑,以外
衜,以外
珡,以外
䋫,以外
杮,以外
韹,以外
㙸,以外
罾,以外
讆,以外
琏,以外
䜙,以外
頧,以外
纨,以外
䦲,以外
眹,以外
荁,以外
䙃,以外
懂,以外
幓,以外
藚,以外
䣜,以外
癣,以外
鷪,以外
䅭,以外
惬,以外
驻,以外
磼,以外
抁,以外
蔄,以外
嘎,以外
窑,以外
㾓,以外
鴔,以外
蚙,以外
渞,以外
䬰,以外
鈶,以外
捀,以外
䓅,以外
鏋,以外
㡒,以外
峕,以外
蝘,以外
偢,以外
瓥,以外
㧧,以外
齨,以外
胭,以外
桲,以外
凷,以外
䖄,以外
猋,以外
嶔,以外
䠝,以外
霣,以外
疤,以外
㪦,以外
怭,以外
膬,以外
劶,以外
砽,以外
馼,以外
㴿,以外
葅,以外
櫆,以外
鱕,以外
䟘,以外
浟,以外
軞,以外
忨,以外
䩱,以外
矸,以外
㓺,以外
萀,以外
䜂,以外
掅,以外
弒,以外
辝,以外
䪟,以外
眢,以外
䘬,以外
抯,以外
帼,以外
軇,以外
䧉,以外
䕖,以外
懙,以外
嵦,以外
跱,以外
䣳,以外
當,以外
䒀,以外
醎,以外
㴑,以外
唡,以外
璠,以外
㮪,以外
洱,以外
㰻,以外
厺,以外
襉,以外
呋,以外
毊,以外
㫔,以外
汛,以外
韢,以外
衳,以外
䭵,以外
櫴,以外
㧾,以外
䰆,以外
梉,以外
㖋,以外
霌,以外
搖,以外
䶛,以外
钡,以外
簦,以外
㤨,以外
耮,以外
儸,以外
㺽,以外
頾,以外
臃,以外
楈,以外
囍,以外
駓,以外
䉚,以外
镠,以外
䏯,以外
諵,以外
牺,以外
㽼,以外
蚂,以外
垌,以外
礓,以外
㨕,以外
贛,以外
澜,以外
䂮,以外
讴,以外
㜷,以外
烎,以外
㷐,以外
杗,以外
嗠,以外
鳦,以外
㡩,以外
药,以外
淰,以外
偹,以外
魿,以外
䤊,以外
疍,以外
䒗,以外
醥,以外
岧,以外
贲,以外
䠴,以外
璷,以外
䟁,以外
恄,以外
郏,以外
忑,以外
硔,以外
豜,以外
䭞,以外
矡,以外
䛫,以外
鏹,以外
签,以外
辆,以外
䪈,以外
萗,以外
䌙,以外
㖢,以外
鰧,以外
嬩,以外
窨,以外
躰,以外
䶲,以外
猹,以外
蝁,以外
䉃,以外
旂,以外
㓌,以外
齑,以外
婓,以外
䳜,以外
牣,以外
駪,以外
䕭,以外
㟶,以外
鹻,以外
嵽,以外
糼,以外
脄,以外
纑,以外
㮓,以外
樞,以外
㜠,以外
厣,以外
骩,以外
殳,以外
阶,以外
杀,以外
䃅,以外
罐,以外
㱒,以外
呢,以外
烥,以外
㷧,以外
魨,以外
蓭,以外
鳽,以外
䆄,以外
袊,以外
㐍,以外
妔,以外
䰝,以外
熤,以外
㺦,以外
鶼,以外
㤿,以外
聅,以外
滆,以外
兏,以外
䏘,以外
楟,以外
㙡,以外
珸,以外
蠀,以外
䬂,以外
澅,以外
㺏,以外
匒,以外
瞕,以外
莝,以外
䚟,以外
笢,以外
䨬,以外
㶹,以外
鼺,以外
刼,以外
苇,以外
䗉,以外
穌,以外
䥖,以外
㳣,以外
鹤,以外
兦,以外
臱,以外
䓳,以外
祶,以外
䢀,以外
戇,以外
鶎,以外
傐,以外
蘟,以外
夡,以外
碠,以外
㞪,以外
愱,以外
鲸,以外
徺,以外
㛔,以外
恛,以外
㽥,以外
廤,以外
葳,以外
䝵,以外
㗾,以外
䀆,以外
撉,以外
㦋,以外
鬌,以外
䆛,以外
颡,以外
㔨,以外
榫,以外
谮,以外
崸,以外
熻,以外
鐾,以外
跃,以外
效,以外
嫍,以外
闓,以外
乚,以外
饠,以外
蛵,以外
繺,以外
埿,以外
洃,以外
銒,以外
㘕,以外
掜,以外
䲮,以外
螴,以外
㬷,以外
咾,以外
䍇,以外
歗,以外
裖,以外
姠,以外
獧,以外
郦,以外
㑩,以外
软,以外
懰,以外
靿,以外
蘈,以外
䔊,以外
䢗,以外
洚,以外
鶥,以外
㰤,以外
傧,以外
甪,以外
脲,以外
䐴,以外
碷,以外
䯁,以外
汄,以外
鳏,以外
㽎,以外
发,以外
瑔,以外
聜,以外
䝞,以外
篡,以外
䫫,以外
㹸,以外
勻,以外
莆,以外
䚈,以外
簏,以外
蠗,以外
伙,以外
㦢,以外
圩,以外
皨,以外
芰,以外
䆲,以外
缹,以外
槂,以外
㣌,以外
鍑,以外
噓,以外
燒,以外
䃜,以外
繣,以外
闪,以外
䥭,以外
棬,以外
㯶,以外
鉻,以外
兽,以外
烼,以外
檁,以外
帎,以外
犑,以外
㞓,以外
锔,以外
昞,以外
㬠,以外
徣,以外
隩,以外
䌰,以外
騶,以外
歀,以外
䳅,以外
鯋,以外
獐,以外
哕,以外
轘,以外
塢,以外
糥,以外
裭,以外
恲,以外
姷,以外
䶄,以外
蒊,以外
㠍,以外
喔,以外
䀝,以外
鼣,以外
綤,以外
栭,以外
媶,以外
瀽,以外
醼,以外
㔿,以外
豅,以外
嵏,以外
鑕,以外
敟,以外
㩡,以外
埨,以外
䉱,以外
饷,以外
翸,以外
㳺,以外
谀,以外
伂,以外
殅,以外
㪏,以外
玕,以外
螝,以外
䊟,以外
缢,以外
丬,以外
檯,以外
㦹,以外
鬺,以外
嘼,以外
犿,以外
䇉,以外
繌,以外
䵖,以外
㣣,以外
啦,以外
燩,以外
藱,以外
䃳,以外
䲀,以外
馎,以外
㔑,以外
崡,以外
粠,以外
攱,以外
颸,以外
㐻,以外
宺,以外
腉,以外
揊,以外
摛,以外
㭥,以外
嫤,以外
䍵,以外
拴,以外
䐆,以外
㶋,以外
鼌,以外
氖,以外
䖛,以外
鲡,以外
琦,以外
涫,以外
蠮,以外
疻,以外
㚽,以外
觃,以外
廍,以外
釓,以外
䩚,以外
䯯,以外
苵,以外
㝼,以外
叿,以外
椃,以外
躂,以外
焓,以外
隒,以外
蔛,以外
䢮,以外
戵,以外
莴,以外
㼷,以外
䝇,以外
鹍,以外
磎,以外
㗐,以外
潗,以外
賖,以外
巠,以外
睧,以外
铦,以外
譯,以外
旰,以外
鍿,以外
䄊,以外
綍,以外
䲗,以外
㠤,以外
咧,以外
焪,以外
蔲,以外
䀴,以外
粷,以外
俁,以外
桄,以外
飏,以外
㭎,以外
埑,以外
灔,以外
葜,以外
䍞,以外
仫,以外
歮,以外
鯹,以外
㩸,以外
囻,以外
獾,以外
螆,以外
䊈,以外
砏,以外
谗,以外
䬙,以外
檘,以外
㶢,以外
鐧,以外
匩,以外
犨,以外
䖲,以外
轁,以外
䩃,以外
淂,以外
㳌,以外
靑,以外
剓,以外
䓜,以外
蹫,以外
釪,以外
䵭,以外
泬,以外
㿶,以外
陻,以外
啽,以外
瓼,以外
溁,以外
娎,以外
皑,以外
鄔,以外
誙,以外
㼠,以外
銩,以外
䜰,以外
掳,以外
鸶,以外
潀,以外
䣅,以外
鿋,以外
睐,以外
㑒,以外
屢,以外
磥,以外
㗧,以外
鍨,以外
摲,以外
铽,以外
䦄,以外
缋,以外
肊,以外
㰍,以外
冔,以外
䐝,以外
禤,以外
㚦,以外
氭,以外
趬,以外
琽,以外
衅,以外
曆,以外
䯘,以外
㹡,以外
䙱,以外
鵷,以外
篸,以外
㣺,以外
瞅,以外
蠐,以外
䬒,以外
澕,以外
鮝,以外
㨜,以外
废,以外
挢,以外
刬,以外
皯,以外
蜺,以外
䨼,以外
溿,以外
髇,以外
㥆,以外
扌,以外
兖,以外
虤,以外
䥦,以外
淩,以外
㡰,以外
峳,以外
稇,以外
薎,以外
䢐,以外
㞚,以外
鸟,以外
䄡,以外
礱,以外
䞺,以外
㛄,以外
鵉,以外
䁋,以外
硛,以外
菢,以外
䛤,以外
㗮,以外
鱳,以外
彵,以外
维,以外
茌,以外
瀖,以外
㔘,以外
妛,以外
栦,以外
熫,以外
鐮,以外
䔸,以外
谾,以外
絈,以外
㹊,以外
䋍,以外
跓,以外
噚,以外
竝,以外
㿟,以外
腠,以外
乪,以外
埯,以外
黵,以外
俿,以外
銂,以外
㘅,以外
䎌,以外
洓,以外
誒,以外
餛,以外
㲞,以外
䘥,以外
咮,以外
䲾,以外
孇,以外
艍,以外
擎,以外
郖,以外
㑙,以外
䇠,以外
歧,以外
裦,以外
靯,以外
㫲,以外
䑹,以外
轿,以外
㢇,以外
鸈,以外
崊,以外
憍,以外
傗,以外
薥,以外
䢧,以外
㮱,以外
餲,以外
尴,以外
悷,以外
叁,以外
瑄,以外
蓏,以外
䯑,以外
汔,以外
㫛,以外
顜,以外
彞,以外
勫,以外
睮,以外
䫻,以外
潾,以外
鮆,以外
㼉,以外
庈,以外
圙,以外
皘,以外
伩,以外
溨,以外
㸳,以外
朹,以外
鍁,以外
噃,以外
燂,以外
譑,以外
乓,以外
槒,以外
闚,以外
㥝,以外
晣,以外
鉫,以外
烬,以外
詻,以外
䥽,以外
棼,以外
㞃,以外
锄,以外
䘎,以外
檑,以外
䞣,以外
躩,以外
羳,以外
㲵,以外
獀,以外
哅,以外
菋,以外
歐,以外
䳕,以外
靘,以外
䁢,以外
擥,以外
轨,以外
㵴,以外
䇷,以外
挋,以外
鲊,以外
䶔,以外
蜣,以外
瀭,以外
醬,以外
㔯,以外
䊶,以外
覼,以外
鑅,以外
竆,以外
㿈,以外
䕏,以外
埘,以外
絟,以外
點,以外
俨,以外
婱,以外
腷,以外
柸,以外
鐀,以外
圂,以外
玅,以外
谐,以外
伒,以外
殕,以外
㸜,以外
媟,以外
朢,以外
嘬,以外
茺,以外
檿,以外
黇,以外
㵆,以外
晌,以外
燙,以外
䵦,以外
槩,以外
鷱,以外
㱰,以外
壳,以外
敶,以外
㔁,以外
縇,以外
膎,以外
䲐,以外
騟,以外
䔡,以外
撠,以外
㐫,以外
紱,以外
肸,以外
䎺,以外
䑋,以外
篊,以外
籛,以外
蟢,以外
䋤,以外
竴,以外
碉,以外
蜌,以外
琖,以外
嶛,以外
氦,以外
㚭,以外
䄸,以外
涻,以外
蠾,以外
釃,以外
㩊,以外
䛍,以外
觓,以外
剚,以外
绝,以外
㯟,以外
蕠,以外
䩪,以外
㝬,以外
髵,以外
扺,以外
䯿,以外
焃,以外
隂,以外
䞌,以外
椓,以外
躒,以外
羜,以外
㢞,以外
䈥,以外
傮,以外
稵,以外
䢾,以外
㗀,以外
彇,以外
虍,以外
惎,以外
睗,以外
铖,以外
䗠,以外
潧,以外
鍯,以外
緰,以外
㻲,以外
䁹,以外
譿,以外
㲇,以外
騈,以外
夊,以外
斍,以外
咗,以外
膥,以外
䲧,以外
椪,以外
㾱,以外
鴲,以外
撷,以外
埁,以外
灄,以外
胏,以外
㻛,以外
鱜,以外
孞,以外
柡,以外
囫,以外
獮,以外
菹,以外
歾,以外
龆,以外
㬉,以外
媈,以外
鐗,以外
犘,以外
谧,以外
䬩,以外
檨,以外
麰,以外
㨳,以外
嶲,以外
挹,以外
靁,以外
轑,以外
䩓,以外
釚,以外
㵝,以外
峜,以外
陫,以外
觪,以外
啭,以外
瓬,以外
蹻,以外
䵽,以外
泼,以外
皁,以外
鄄,以外
䈎,以外
溑,以外
褔,以外
銙,以外
稞,以外
䎣,以外
誩,以外
弰,以外
箳,以外
㢵,以外
蘶,以外
㑂,以外
潐,以外
䣕,以外
㗗,以外
鍘,以外
䑢,以外
惥,以外
譨,以外
铭,以外
籲,以外
㥴,以外
䗷,以外
冄,以外
颊,以外
䦔,以外
㚖,以外
尝,以外
琭,以外
閬,以外
䚶,以外
氽,以外
趼,以外
细,以外
㯈,以外
䅏,以外
衕,以外
变,以外
髞,以外
䯨,以外
幱,以外
揸,以外
頀,以外
嬂,以外
䌒,以外
鎝,以外
嚟,以外
欢,以外
娬,以外
纯,以外
輺,以外
䈼,以外
暿,以外
鋇,以外
嗉,以外
橌,以外
奖,以外
緙,以外
䅦,以外
釱,以外
哳,以外
楶,以外
㤁,以外
墀,以外
爇,以外
趎,以外
䂐,以外
㾚,以外
队,以外
䤡,以外
㠫,以外
焱,以外
侺,以外
㻄,以外
镉,以外
䡋,以外
矊,以外
灛,以外
询,以外
㷮,以外
鑳,以外
坵,以外
璉,以外
砖,以外
㴘,以外
军,以外
袡,以外
禫,以外
㪭,以外
䴸,以外
憻,以外
萾,以外
鷃,以外
畈,以外
㙊,以外
䫍,以外
藓,以外
幚,以外
狝,以外
㟟,以外
䙪,以外
㭬,以外
忯,以外
雵,以外
湺,以外
䟿,以外
紃,以外
骂,以外
㸅,以外
䮌,以外
攓,以外
鄛,以外
玜,以外
㒞,以外
严,以外
岮,以外
瘵,以外
䒾,以外
㧀,以外
詍,以外
泎,以外
筗,以外
飖,以外
㱙,以外
䧠,以外
胦,以外
齯,以外
燰,以外
䱹,以外
阈,以外
唊,以外
榍,以外
趥,以外
䂧,以外
吴,以外
梷,以外
寁,以外
籄,以外
賏,以外
䏑,以外
摔,以外
坞,以外
毡,以外
嫫,以外
䋻,以外
鎆,以外
㜉,以外
嚈,以外
弙,以外
纘,以外
耧,以外
䜩,以外
暨,以外
銰,以外
㘳,以外
冲,以外
漹,以外
秂,以外
荑,以外
䙓,以外
懒,以外
鷚,以外
僜,以外
湣,以外
驫,以外
奭,以外
艻,以外
䅽,以外
惼,以外
㾃,以外
鴄,以外
麙,以外
瘞,以外
侣,以外
匰,以外
㒵,以外
筀,以外
㡂,以外
峅,以外
诋,以外
䓕,以外
㧗,以外
齘,以外
䡢,以外
灲,以外
㕴,以外
䧷,以外
欋,以外
钊,以外
䖔,以外
㪖,以外
倝,以外
輣,以外
涤,以外
砭,以外
㴯,以外
䪶,以外
怽,以外
膼,以外
鱅,以外
㟈,以外
䵏,以外
葕,以外
畟,以外
雞,以外
䟨,以外
剱,以外
濸,以外
鰀,以外
异,以外
箅,以外
萐,以外
䜒,以外
掕,以外
鞝,以外
㘜,以外
帬,以外
謺,以外
䘼,以外
抿,以外
㕆,以外
凉,以外
湌,以外
嵖,以外
秙,以外
詤,以外
䕦,以外
懩,以外
闱,以外
㑰,以外
僳,以外
浶,以外
㴁,以外
岀,以外
瘇,以外
覎,以外
䒐,以外
㮚,以外
鈟,以外
䴡,以外
沠,以外
㰫,以外
袸,以外
䮺,以外
㫄,以外
䱋,以外
䫤,以外
㧮,以外
遳,以外
狴,以外
吆,以外
簖,以外
㤘,以外
喛,以外
㺭,以外
頮,以外
䤸,以外
斻,以外
耾,以外
駃,以外
煈,以外
盝,以外
赠,以外
䉪,以外
㽬,以外
寯,以外
鋵,以外
橺,以外
䏿,以外
礃,以外
麂,以外
㨅,以外
侌,以外
愓,以外
蚒,以外
锛,以外
瞜,以外
䨥,以外
墮,以外
鎴,以外
䂾,以外
㷀,以外
蹍,以外
棎,以外
罗,以外
鳖,以外
㡙,以外
杧,以外
蓦,以外
㛲,以外
䡹,以外
荿,以外
㒇,以外
鈈,以外
儊,以外
涍,以外
岗,以外
礚,以外
覥,以外
䒧,以外
愪,以外
㞱,以外
锲,以外
倴,以外
沷,以外
忁,以外
硄,以外
䟑,以外
恔,以外
㛛,以外
鑜,以外
卞,以外
廫,以外
诹,以外
䛻,以外
捾,以外
栏,以外
鰗,以外
嬙,以外
萧,以外
䌩,以外
抨,以外
喲,以外
齁,以外
婃,以外
緂,以外
蝑,以外
䉓,以外
駚,以外
㕝,以外
哜,以外
橣,以外
鹫,以外
嵭,以外
糬,以外
䕽,以外
擼,以外
纁,以外
㮃,以外
餄,以外
䨎,以外
脔,以外
骙,以外
爞,以外
䮣,以外
芩,以外
踶,以外
罀,以外
㱂,以外
迋,以外
䃕,以外
㷗,以外
䱢,以外
棥,以外
荨,以外
鳭,以外
瑲,以外
蓽,以外
漋,以外
邊,以外
䆔,以外
㺖,以外
謣,以外
榤,以外
簭,以外
鶬,以外
㤯,以外
搽,以外
薼,以外
顅,以外
䥏,以外
聕,以外
寘,以外
煟,以外
鋞,以外
䏨,以外
噱,以外
毸,以外
蒃,以外
䞅,以外
鲓,以外
笒,以外
徕,以外
匢,以外
㶩,以外
莭,以外
戬,以外
䚯,以外
鮽,以外
庿,以外
淉,以外
轊,以外
㳓,以外
慖,以外
䗙,以外
髧,以外
祦,以外
巩,以外
㯽,以外
悀,以外
蜅,以外
䨇,以外
碐,以外
趞,以外
傠,以外
䤱,以外
瞺,以外
鸿,以外
灋,以外
㽕,以外
蕙,以外
䡛,以外
鵩,以外
诲,以外
潵,以外
仴,以外
㹿,以外
栆,以外
䲉,以外
䀖,以外
謜,以外
堦,以外
䆫,以外
㘺,以外
䵈,以外
狍,以外
㟏,以外
鑎,以外
晚,以外
䫝,以外
闣,以外
繪,以外
襰,以外
翿,以外
䔃,以外
谉,以外
玌,以外
㒎,以外
崓,以外
䮜,以外
銢,以外
瘥,以外
㬧,以外
脫,以外
丵,以外
餻,以外
哎,以外
䍗,以外
詝,以外
孧,以外
䧰,以外
郶,以外
瑹,以外
㥻,以外
銋,以外
洊,以外
㰔,以外
悗,以外
蘘,以外
䔚,以外
鸨,以外
崪,以外
趵,以外
㼾,以外
揁,以外
腂,以外
䑄,以外
篑,以外
屔,以外
賟,以外
潞,以外
㹨,以外
拫,以外
聬,以外
䝮,以外
竻,以外
顼,以外
彾,以外
溈,以外
鄍,以外
㦒,以外
莖,以外
朙,以外
䚘,以外
㘣,以外
鮦,以外
缩,以外
庨,以外
榲,以外
逷,以外
圹,以外
㢼,以外
苀,以外
䇂,以外
髐,以外
繓,以外
姒,以外
棜,以外
鍡,以外
噣,以外
㯦,以外
慭,以外
䃬,以外
闺,以外
祽,以外
䊁,以外
瘎,以外
媑,以外
㬐,以外
瞣,以外
㒥,以外
锤,以外
欰,以外
侳,以外
隹,以外
䍀,以外
糕,以外
诛,以外
灢,以外
㕤,以外
䡲,以外
燷,以外
㛹,以外
靸,以外
斄,以外
匋,以外
騑,以外
綔,以外
蒚,以外
栝,以外
喤,以外
鲪,以外
䀭,以外
㞸,以外
䫆,以外
㩑,以外
䵟,以外
鑥,以外
翨,以外
㳪,以外
橱,以外
埸,以外
黾,以外
肃,以外
朂,以外
䎅,以外
㘌,以外
颓,以外
缒,以外
檟,以外
鐠,以外
圢,以外
㦩,以外
螭,以外
昬,以外
䊯,以外
㔶,以外
縼,以外
媿,以外
槉,以外
譊,以外
㣓,以外
蛗,以外
䇙,以外
㑠,以外
黧,以外
姩,以外
棳,以外
詴,以外
啶,以外
㿽,以外
撀,以外
粐,以外
鬕,以外
覞,以外
甡,以外
咠,以外
舯,以外
䴱,以外
玺,以外
騿,以外
裈,以外
瑋,以外
䯊,以外
㭕,以外
腙,以外
䱛,以外
狤,以外
饩,以外
迲,以外
歵,以外
䫴,以外
㩿,以外
氆,以外
䢉,以外
鎏,以外
䐖,以外
尦,以外
䖫,以外
貱,以外
焸,以外
嶻,以外
䥈,以外
扚,以外
仝,以外
穪,以外
揯,以外
剺,以外
篿,以外
䄃,以外
蠉,以外
瞌,以外
夓,以外
侜,以外
隢,以外
爥,以外
㼧,以外
蔫,以外
悮,以外
䨵,以外
菄,以外
潇,以外
僎,以外
䝗,以外
蹝,以外
痠,以外
㛢,以外
彧,以外
银,以外
灹,以外
㵻,以外
椊,以外
喍,以外
㠔,以外
撗,以外
䄚,以外
㞡,以外
覵,以外
咷,以外
㬾,以外
蕂,以外
䁄,以外
㛋,以外
翑,以外
鵒,以外
歞,以外
埡,以外
㩨,以外
曫,以外
䍮,以外
绻,以外
鱼,以外
孾,以外
檈,以外
锍,以外
㶒,以外
螖,以外
䊘,以外
龦,以外
笩,以外
媨,以外
鐷,以外
㲼,以外
蛀,以外
扃,以外
䗂,以外
㕍,以外
穓,以外
泜,以外
㿦,以外
敭,以外
䓬,以外
㑷,以外
釺,以外
峼,以外
䚁,以外
趇,以外
爎,以外
庑,以外
㼐,以外
䨞,以外
玣,以外
鄤,以外
漰,以外
䮳,以外
䝀,以外
蹆,以外
彐,以外
磕,以外
进,以外
瑢,以外
䱲,以外
痷,以外
鍸,以外
蘁,以外
憄,以外
國,以外
鸑,以外
禔,以外
氝,以外
䐭,以外
皶,以外
煏,以外
㹑,以外
揘,以外
䥟,以外
篨,以外
㣪,以外
苮,以外
湱,以外
髾,以外
貃,以外
欂,以外
侅,以外
㨌,以外
钓,以外
猒,以外
垕,以外
暟,以外
頠,以外
㖩,以外
训,以外
樬,以外
亯,以外
㤶,以外
鎽,以外
爼,以外
嚿,以外
旉,以外
蝊,以外
婌,以外
㓓,以外
諗,以外
楖,以外
㡠,以外
鋧,以外
嗩,以外
擳,以外
虴,以外
奶,以外
梀,以外
䈇,以外
炐,以外
霕,以外
薞,以外
礡,以外
墠,以外
踯,以外
䄱,以外
羺,以外
蓈,以外
硋,以外
䟊,以外
㝕,以外
赙,以外
䁛,以外
绤,以外
镩,以外
䛴,以外
㙿,以外
怆,以外
䒉,以外
龏,以外
䠖,以外
憛,以外
䦫,以外
紸,以外
冻,以外
㸺,以外
䕈,以外
㿏,以外
鱎,以外
湚,以外
䋝,以外
鷣,以外
矿,以外
䴃,以外
萉,以外
箌,以外
㲎,以外
唓,以外
䎜,以外
骢,以外
縥,以外
䘵,以外
鄻,以外
璾,以外
捇,以外
峎,以外
韔,以外
䭗,以外
秠,以外
㫢,以外
卧,以外
䇰,以外
飶,以外
籹,以外
骋,以外
攊,以外
㐔,以外
踘,以外
䴚,以外
㮡,以外
炧,以外
唪,以外
薵,以外
墷,以外
㜾,以外
毁,以外
襂,以外
䱄,以外
㫋,以外
珑,以外
呔,以外
蓟,以外
㙨,以外
櫫,以外
衬,以外
佮,以外
狻,以外
坾,以外
餍,以外
漙,以外
㸣,以外
鎦,以外
嚨,以外
弹,以外
諀,以外
䧂,以外
㥍,以外
鋐,以外
癓,以外
凒,以外
魡,以外
䣬,以外
㡷,以外
僼,以外
䪁,以外
膇,以外
縎,以外
劑,以外
䘞,以外
羣,以外
㲥,以外
鴤,以外
挰,以外
䞳,以外
䭀,以外
艆,以外
卐,以外
瓕,以外
菛,以外
硢,以外
峥,以外
㵤,以外
䁲,以外
秷,以外
㻹,以外
齸,以外
訁,以外
涄,以外
貚,以外
嶤,以外
钪,以外
䠭,以外
蜳,以外
㾸,以外
倽,以外
䋆,以外
駌,以外
䕟,以外
鱥,以外
矨,以外
㓪,以外
軮,以外
雾,以外
袃,以外
䮅,以外
㸌,以外
邓,以外
眒,以外
厕,以外
抟,以外
鰠,以外
弢,以外
辭,以外
䪯,以外
㴶,以外
鞽,以外
瘼,以外
势,以外
應,以外
軗,以外
浖,以外
䧙,以外
㱠,以外
雧,以外
艴,以外
嵶,以外
㟽,以外
沀,以外
謅,以外
䘇,以外
璐,以外
錕,以外
膞,以外
岠,以外
訯,以外
䔱,以外
箺,以外
胈,以外
籋,以外
䏊,以外
襙,以外
䑛,以外
竤,以外
蟲,以外
捵,以外
䋴,以外
䂉,以外
鮏,以外
䰖,以外
䶫,以外
蒱,以外
礸,以外
喻,以外
㨺,以外
䅈,以外
绍,以外
㯏,以外
橚,以外
䛝,以外
駣,以外
牪,以外
蕰,以外
婺,以外
珿,以外
䤃,以外
耉,以外
㢎,以外
儓,以外
䞜,以外
麢,以外
稥,以外
㜧,以外
贫,以外
梮,以外
䈵,以外
锻,以外
炾,以外
评,以外
杇,以外
壎,以外
鏔,以外
虝,以外
㻢,以外
坧,以外
䗰,以外
硹,以外
㕻,以外
愊,以外
嶍,以外
沗,以外
䤚,以外
㾡,以外
鈨,以外
怴,以外
岷,以外
赂,以外
䡄,以外
㻋,以外
矑,以外
镒,以外
偔,以外
胟,以外
捞,以外
忡,以外
滫,以外
豬,以外
䭮,以外
卾,以外
抈,以外
鴍,以外
堏,以外
㖒,以外
辖,以外
欙,以外
䪘,以外
㨣,以外
动,以外
斲,以外
鰷,以外
嬹,以外
㒼,以外
軀,以外
橃,以外
㵍,以外
雐,以外
牓,以外
嗒,以外
擜,以外
齡,以外
婣,以外
㟦,以外
浭,以外
䳬,以外
㱷,以外
駺,以外
畽,以外
哼,以外
亁,以外
嚑,以外
㜐,以外
䈞,以外
箣,以外
㢥,以外
朰,以外
䎳,以外
骹,以外
佀,以外
棅,以外
虆,以外
烕,以外
蟛,以外
籢,以外
壥,以外
㥤,以外
䑲,以外
緷,以外
㫹,以外
魸,以外
踁,以外
榄,以外
阑,以外
袚,以外
搝,以外
妤,以外
䰭,以外
茳,以外
纶,以外
㮸,以外
䛆,以外
鷌,以外
祏,以外
㙑,以外
䅟,以外
顥,以外
珨,以外
晱,以外
鋾,以外
钃,以外
猂,以外
垅,以外
貓,以外
侕,以外
㖙,以外
纟,以外
耠,以外
䌢,以外
鎭,以外
嚯,以外
讽,以外
樼,以外
亿,以外
㓃,以外
緉,以外
齊,以外
䉌,以外
鋗,以外
嗙,以外
楦,以外
糳,以外
鹴,以外
䅶,以外
炀,以外
霅,以外
娇,以外
㾊,以外
梐,以外
輕,以外
㠛,以外
鶞,以外
愡,以外
䂠,以外
㺴,以外
枺,以外
踿,以外
㝅,以外
鳈,以外
忊,以外
镙,以外
塛,以外
㷞,以外
曤,以外
赩,以外
㙯,以外
廴,以外
砆,以外
岉,以外
㴈,以外
螏,以外
禛,以外
㪝,以外
鬜,以外
䠦,以外
冫,以外
攸,以外
䦻,以外
嵈,以外
癚,以外
嫝,以外
㭜,以外
藣,以外
湪,以外
㣱,以外
饰,以外
䙺,以外
濿,以外
唃,以外
䴓,以外
芢,以外
鄫,以外
璮,以外
㦰,以外
帵,以外
韄,以外
筇,以外
㱉,以外
䓎,以外
驝,以外
懠,以外
䭧,以外
姰,以外
胶,以外
摹,以外
㐄,以外
䆍,以外
炗,以外
阘,以外
唚,以外
踨,以外
䴪,以外
㜮,以外
鶵,以外
簴,以外
䂷,以外
珁,以外
酂,以外
呄,以外
毑,以外
襒,以外
䱔,以外
㙘,以外
鳟,以外
罞,以外
䏡,以外
狫,以外
遬,以外
坮,以外
㷵,以外
櫻,以外
衼,以外
佾,以外
脍,以外
䐏,以外
眙,以外
嚘,以外
讦,以外
漩,以外
禲,以外
耷,以外
䜹,以外
鋀,以外
癃,以外
凂,以外
諐,以外
湓,以外
䧒,以外
磜,以外
荡,以外
䙣,以外
煭,以外
僬,以外
䣼,以外
劁,以外
馇,以外
䪑,以外
帞,以外
枣,以外
蔤,以外
笰,以外
㠲,以外
蚹,以外
區,以外
瓅,以外
㧇,以外
驆,以外
䭐,以外
䓥,以外
塲,以外
懷,以外
鈁,以外
疄,以外
㪆,以外
䌋,以外
訑,以外
涔,以外
钚,以外
砝,以外
㴟,以外
䖤,以外
鼳,以外
抶,以外
䠽,以外
嫆,以外
臌,以外
矘,以外
㓚,以外
嵟,以外
葥,以外
濨,以外
雮,以外
穱,以外
㽳,以外
䟸,以外
眂,以外
厅,以外
袓,以外
漒,以外
䮕,以外
䜢,以外
瘬,以外
劯,以外
辽,以外
渼,以外
䪿,以外
魊,以外
䙌,以外
雗,以外
畖,以外
凙,以外
軧,以外
䧩,以外
㟭,以外
磳,以外
驴,以外
䕶,以外
璀,以外
錅,以外
帇,以外
㮊,以外
謕,以外
㰛,以外
馞,以外
攡,以外
䒠,以外
鈯,以外
崱,以外
㪴,以外
掺,以外
訿,以外
飈,以外
摋,以外
寊,以外
酙,以外
屛,以外
㧞,以外
拤,以外
襩,以外
嫴,以外
簆,以外
墉,以外
㤈,以外
莏,以外
吖,以外
㺝,以外
鼜,以外
䰦,以外
鲱,以外
愸,以外
曍,以外
聎,以外
牚,以外
㽜,以外
橪,以外
珯,以外
㳱,以外
鵰,以外
䉺,以外
毿,以外
儃,以外
頉,以外
䤓,以外
㜗,以外
徜,以外
蚢,以外
戥,以外
锫,以外
㶰,以外
贻,以外
梾,以外
鏄,以外
罇,以外
㡉,以外
䃎,以外
诔,以外
块,以外
鹝,以外
无,以外
佧,以外
㕫,以外
巰,以外
蓶,以外
恹,以外
礊,以外
䖍,以外
璗,以外
鈘,以外
沧,以外
訨,以外
䤪,以外
馵,以外
䒷,以外
矁,以外
镂,以外
偄,以外
濑,以外
赒,以外
䡔,以外
筞,以外
䟡,以外
盫,以外
鑬,以外
㧵,以外
滻,以外
豼,以外
䭾,以外
㖂,以外
蔍,以外
䀏,以外
鞖,以外
猙,以外
劘,以外
辦,以外
欩,以外
䪨,以外
㒬,以外
萷,以外
䌹,以外
牃,以外
嗂,以外
軐,以外
橓,以外
㟖,以外
蝡,以外
䉣,以外
哬,以外
臺,以外
浽,以外
䳼,以外
嚁,以外
㜀,以外
娞,以外
脤,以外
缰,以外
㰲,以外
烅,以外
㷇,以外
鹆,以外
摢,以外
䃥,以外
屲,以外
旷,以外
荸,以外
阁,以外
㺆,以外
䜋,以外
踑,以外
邚,以外
簝,以外
㤟,以外
䆤,以外
袪,以外
鬳,以外
暶,以外
䰽,以外
㙁,以外
廆,以外
藌,以外
慏,以外
珘,以外
奟,以外
聥,以外
毨,以外
鋮,以外
繱,以外
㭳,以外
䏸,以外
鲃,以外
笂,以外
蒓,以外
挒,以外
䞕,以外
㶙,以外
皟,以外
蠠,以外
䬢,以外
稬,以外
庯,以外
戼,以外
䚿,以外
㳃,以外
痉,以外
靊,以外
䩌,以外
髗,以外
巙,以外
慦,以外
䗩,以外
㯭,以外
瓳,以外
陴,以外
䥶,以外
碀,以外
鼅,以外
㞊,以外
悐,以外
蜕,以外
閞,以外
椡,以外
䢠,以外
鸯,以外
儱,以外
㚴,以外
澺,以外
㽅,以外
铈,以外
桋,以外
埊,以外
偛,以外
㗞,以外
滤,以外
㹯,以外
鏲,以外
睵,以外
围,以外
瀆,以外
咉,以外
㔈,以外
辏,以外
堖,以外
熛,以外
錜,以外
䀦,以外
妫,以外
䆻,以外
啈,以外
櫍,以外
晪,以外
翯,以外
酰,以外
乺,以外
崃,以外
鐉,以外
殌,以外
䔓,以外
㬗,以外
厜,以外
誢,以外
餫,以外
粮,以外
嘵,以外
脻,以外
撾,以外
鿄,以外
獇,以外
㑉,以外
䳎,以外
蟔,以外
鉝,以外
槠,以外
䍧,以外
㥫,以外
裶,以外
汹,以外
㰄,以外
誋,以外
甊,以外
䦍,以外
鸘,以外
蘨,以外
䔪,以外
㼮,以外
閵,以外
䢷,以外
屄,以外
揑,以外
腒,以外
䑔,以外
㹘,以外
铟,以外
睞,以外
䯡,以外
竫,以外
顬,以外
彮,以外
㗵,以外
拻,以外
聼,以外
䝾,以外
㦂,以外
皈,以外
褍,以外
䰏,以外
缙,以外
庘,以外
莦,以外
朩,以外
䚨,以外
㢬,以外
熲,以外
蠷,以外
伹,以外
姂,以外
苐,以外
晓,以外
䇒,以外
㯖,以外
烜,以外
譡,以外
乣,以外
跺,以外
慽,以外
䃼,以外
媁,以外
㬀,以外
渎,以外
䊑,以外
嘞,以外
贤,以外
猰,以外
垳,以外
躹,以外
鉆,以外
䍐,以外
擕,以外
鏛,以外
桢,以外
䳥,以外
槷,以外
轸,以外
綄,以外
䬋,以外
舑,以外
斔,以外
鲚,以外
㔟,以外
䶤,以外
蒪,以外
堭,以外
霳,以外
檶,以外
䀽,以外
㩁,以外
勆,以外
觌,以外
浏,以外
翘,以外
㳚,以外
啟,以外
豥,以外
柨,以外
黮,以外
牱,以外
㝳,以外
颃,以外
缂,以外
朒,以外
䎕,以外
㦙,以外
犟,以外
谠,以外
伢,以外
龭,以外
縬,以外
媯,以外
䊿,以外
㣃,以外
鍊,以外
乌,以外
黗,以外
蛧,以外
䇩,以外
㿭,以外
烳,以外
鉴,以外
䵶,以外
粀,以外
鬅,以外
嘇,以外
撐,以外
茕,以外
㐛,以外
醞,以外
洡,以外
䲠,以外
騯,以外
舿,以外
㭅,以外
郈,以外
汋,以外
饙,以外
呛,以外
櫤,以外
腩,以外
㩯,以外
獵,以外
勴,以外
傉,以外
讏,以外
疛,以外
㚝,以外
䐦,以外
嶫,以外
钱,以外
椸,以外
䖻,以外
滍,以外
衎,以外
穚,以外
囝,以外
㝜,以外
扪,以外
篯,以外
㓱,以外
镰,以外
䩺,以外
揿,以外
夃,以外
选,以外
澌,以外
䄓,以外
㼗,以外
垜,以外
躢,以外
樥,以外
碮,以外
㖰,以外
刵,以外
蔻,以外
悾,以外
鯄,以外
䣎,以外
菔,以外
淠,以外
䝧,以外
㵫,以外
嗰,以外
賶,以外
桹,以外
㠄,以外
焊,以外
䶍,以外
騘,以外
撧,以外
舨,以外
䄪,以外
㬮,以外
瀴,以外
䲷,以外
鵂,以外
塄,以外
蕒,以外
䁔,以外
㩘,以外
郟,以外
獞,以外
绫,以外
鱬,以外
孮,以外
曻,以外
葼,以外
䍾,以外
㶂,以外
犈,以外
䠏,以外
龖,以外
媘,以外
螦,以外
挩,以外
䊨,以外
㲬,以外
䬹,以外
黀,以外
穃,以外
巂,以外
蛐,以外
䗒,以外
㿖,以外
䩣,以外
絭,以外
峬,以外
觺,以外
敽,以外
䓼,以外
㼀,以外
閇,以外
樎,以外
䚑,以外
刞,以外
殣,以外
褤,以外
眰,以外
㐲,以外
彀,以外
㗇,以外
陆,以外
䝐,以外
惕,以外
韛,以外
汢,以外
䣥,以外
呲,以外
譸,以外
鸁,以外
㚆,以外
伋,以外
蘑,以外
颚,以外
琝,以外
䦤,以外
錳,以外
䐽,以外
㹁,以外
囆,以外
楏,以外
篘,以外
㣚,以外
兟,以外
补,以外
揨,以外
髮,以外
癱,以外
䯸,以外
苾,以外
褆,以外
刌,以外
皏,以外
㾕,以外
䖙,以外
樜,以外
钣,以外
嶩,以外
蠰,以外
儶,以外
㺿,以外
䓃,以外
楆,以外
鏍,以外
峓,以外
蝚,以外
偠,以外
㷩,以外
䏭,以外
桰,以外
鋷,以外
寽,以外
蚄,以外
侊,以外
麔,以外
䠛,以外
霥,以外
羪,以外
亴,以外
砻,以外
鶾,以外
䝅,以外
陏,以外
录,以外
绔,以外
蓘,以外
鳨,以外
䙯,以外
旮,以外
镹,以外
广,以外
緾,以外
䴈,以外
熋,以外
䪝,以外
㠦,以外
紨,以外
抭,以外
茬,以外
㦻,以外
嘺,以外
窽,以外
胁,以外
埏,以外
飑,以外
䭜,以外
濟,以外
豞,以外
捬,以外
䣱,以外
㙺,以外
筼,以外
昅,以外
馐,以外
㴓,以外
縕,以外
䌗,以外
萙,以外
沞,以外
嬧,以外
鰩,以外
䦰,以外
懀,以外
䱉,以外
㓎,以外
秐,以外
摙,以外
韤,以外
㭧,以外
籩,以外
䅫,以外
艭,以外
櫲,以外
奻,以外
驽,以外
䐄,以外
梇,以外
尔,以外
誛,以外
厡,以外
琤,以外
㴪,以外
䜮,以外
阸,以外
藅,以外
勋,以外
睎,以外
鷕,以外
㱔,以外
䙘,以外
幨,以外
蓯,以外
鳿,以外
㽾,以外
䆂,以外
邌,以外
㐏,以外
妒,以外
嘣,以外
熢,以外
㺨,以外
䂬,以外
渳,以外
鎶,以外
㜹,以外
墼,以外
衇,以外
烌,以外
㧒,以外
䏖,以外
鋠,以外
㙣,以外
實,以外
譱,以外
偷,以外
珶,以外
㣼,以外
䌀,以外
枃,以外
耂,以外
㪑,以外
嬐,以外
羓,以外
膗,以外
猠,以外
馧,以外
䠲,以外
沵,以外
贴,以外
䧇,以外
軉,以外
㭐,以外
硒,以外
懗,以外
艖,以外
㓥,以外
啤,以外
驦,以外
鯻,以外
䪆,以外
辈,以外
瀍,以外
䴟,以外
鈡,以外
㖤,以外
窦,以外
垸,以外
钺,以外
㠽,以外
䉁,以外
蝃,以外
濈,以外
婑,以外
齓,以外
䓚,以外
豵,以外
㟸,以外
瓺,以外
贆,以外
嘌,以外
犏,以外
㮕,以外
䆙,以外
渜,以外
㜢,以外
妩,以外
谰,以外
唶,以外
㪿,以外
䃃,以外
浆,以外
韍,以外
㙌,以外
壓,以外
荚,以外
呠,以外
烣,以外
㧩,以外
魪,以外
䟭,以外
㕶,以外
攁,以外
芄,以外
䮊,以外
紑,以外
骔,以外
䰛,以外
掚,以外
㒠,以外
錥,以外
搫,以外
膮,以外
䪴,以外
簻,以外
馾,以外
䍅,以外
拄,以外
鉏,以外
竔,以外
胘,以外
䧞,以外
獥,以外
飨,以外
䉯,以外
懮,以外
酹,以外
秾,以外
䤈,以外
愘,以外
亝,以外
讟,以外
㰦,以外
礨,以外
暭,以外
蜬,以外
㶻,以外
纽,以外
鼼,以外
橊,以外
叏,以外
鳑,以外
衞,以外
杬,以外
䳱,以外
觳,以外
罼,以外
戅,以外
傎,以外
鶐,以外
㤓,以外
稕,以外
䜗,以外
梞,以外
頩,以外
䶰,以外
躲,以外
旀,以外
䡉,以外
镋,以外
緐,以外
团,以外
㽧,以外
硩,以外
䕫,以外
虭,以外
嵻,以外
鹽,以外
䀄,以外
沇,以外
㖍,以外
錎,以外
堔,以外
躛,以外
垡,以外
瀤,以外
㤪,以外
䌮,以外
㒷,以外
鈸,以外
臅,以外
囋,以外
獎,以外
㡔,以外
䉘,以外
滛,以外
㟡,以外
镢,以外
婨,以外
䧵,以外
牸,以外
飿,以外
㭾,以外
䖂,以外
欉,以外
钌,以外
嶒,以外
贝,以外
刣,以外
疢,以外
㪨,以外
䒬,以外
樳,以外
鞶,以外
岼,以外
豇,以外
啍,以外
瓌,以外
㷒,以外
䟖,以外
浝,以外
雠,以外
忦,以外
轱,以外
矶,以外
㳼,以外
䜀,以外
萂,以外
㺑,以外
箓,以外
傥,以外
鶧,以外
䰲,以外
褴,以外
諉,以外
㽐,以外
籒,以外
虖,以外
兤,以外
緧,以外
鹦,以外
蟫,以外
楴,以外
勹,以外
讈,以外
㜋,以外
琍,以外
䤟,以外
约,以外
愯,以外
厸,以外
邺,以外
㰽,以外
礿,以外
䙁,以外
荃,以外
毈,以外
幑,以外
魓,以外
䃚,以外
跜,以外
癡,以外
壪,以外
䭳,以外
烺,以外
娌,以外
㞕,以外
䶙,以外
戜,以外
鲣,以外
㬢,以外
耰,以外
夶,以外
綹,以外
㚿,以外
䳃,以外
慆,以外
鯍,以外
㩌,以外
哓,以外
轚,以外
塠,以外
糣,以外
㗩,以外
靪,以外
䯭,以外
㥶,以外
叽,以外
䞊,以外
焑,以外
䀛,以外
澚,以外
㢠,以外
鼥,以外
瞪,以外
趮,以外
䚴,以外
瀻,以外
佅,以外
鹏,以外
坕,以外
盔,以外
賘,以外
䗞,以外
罥,以外
铨,以外
乯,以外
淮,以外
鵹,以外
噿,以外
䔈,以外
禋,以外
洘,以外
䊝,以外
檭,以外
帺,以外
犽,以外
錼,以外
晊,以外
忏,以外
郑,以外
䍜,以外
柟,以外
葞,以外
歬,以外
䃱,以外
藳,以外
㹺,以外
獼,以外
覀,以外
岎,以外
㔓,以外
瘕,以外
䬗,以外
谙,以外
匧,以外
鐩,以外
䆰,以外
芲,以外
笷,以外
槀,以外
䑉,以外
㳎,以外
汙,以外
嫢,以外
䥫,以外
拲,以外
养,以外
鉽,以外
䰄,以外
悇,以外
㦍,以外
吔,以外
芛,以外
审,以外
簤,以外
㔪,以外
伮,以外
掱,以外
㢷,以外
鸸,以外
圾,以外
跅,以外
㑔,以外
乘,以外
㯡,以外
饢,以外
賯,以外
䗵,以外
繸,以外
铿,以外
㝾,以外
䦂,以外
颌,以外
㰏,以外
脝,以外
帣,以外
禢,以外
㚨,以外
䢬,以外
昳,以外
鮶,以外
㼹,以外
傼,以外
聇,以外
奍,以外
磌,以外
䯖,以外
髠,以外
㹣,以外
另,以外
荱,以外
塷,以外
篶,以外
䬀,以外
澃,以外
蠂,以外
瞓,以外
递,以外
岥,以外
醧,以外
䀲,以外
撵,以外
蔴,以外
䇇,以外
灒,以外
槗,以外
詖,以外
㳥,以外
嵤,以外
诫,以外
廹,以外
鏻,以外
䊆,以外
螈,以外
㬋,以外
砍,以外
檖,以外
䔟,以外
騡,以外
㶤,以外
犦,以外
洯,以外
徸,以外
鲺,以外
甿,以外
䩁,以外
轃,以外
柈,以外
剑,以外
靓,以外
䳚,以外
臜,以外
哪,以外
䝳,以外
㿸,以外
蔆,以外
窏,以外
䦙,以外
颣,以外
㼢,以外
冩,以外
萰,以外
崶,以外
䣃,以外
敆,以外
㹌,以外
僓,以外
磣,以外
鍪,以外
俭,以外
摰,以外
㵶,以外
埽,以外
洁,以外
䎊,以外
銔,以外
䐛,以外
殚,以外
㲠,以外
鬥,以外
氫,以外
玪,以外
覮,以外
䊴,以外
琻,以外
醾,以外
䭅,以外
櫄,以外
驏,以外
单,以外
狔,以外
䇞,以外
䩯,以外
槮,以外
饹,以外
燾,以外
䄈,以外
綋,以外
舊,以外
椘,以外
䚝,以外
㐦,以外
焨,以外
溭,以外
輬,以外
㖻,以外
娺,以外
皽,以外
霼,以外
扊,以外
寏,以外
铑,以外
䝜,以外
揟,以外
潬,以外
䓱,以外
㩺,以外
睼,以外
趀,以外
墎,以外
閐,以外
爕,以外
众,以外
蠙,以外
悞,以外
逩,以外
䖰,以外
蚲,以外
缷,以外
䁉,以外
鵋,以外
㣎,以外
痐,以外
廢,以外
㝧,以外
灩,以外
䵫,以外
蹭,以外
䠄,以外
撇,以外
㶍,以外
鬎,以外
蚛,以外
砤,以外
䬮,以外
枱,以外
㲷,以外
騸,以外
匾,以外
觅,以外
廋,以外
筎,以外
釕,以外
䩘,以外
曛,以外
㿡,以外
鵢,以外
剨,以外
裯,以外
䇵,以外
穸,以外
郿,以外
䶂,以外
鲌,以外
㠏,以外
喒,以外
蔝,以外
娣,以外
䲬,以外
㬹,以外
咼,以外
葇,以外
嵍,以外
糌,以外
㗒,以外
俖,以外
㩣,以外
埦,以外
蝱,以外
屷,以外
翶,以外
㓼,以外
伀,以外
谂,以外
㚑,以外
圐,以外
玓,以外
鐒,以外
趗,以外
缠,以外
墥,以外
䐲,以外
脴,以外
䗇,以外
苉,以外
㝐,以外
瑒,以外
淗,以外
蹖,以外
㣥,以外
奤,以外
痧,以外
陦,以外
嫹,以外
䚆,以外
莈,以外
㼋,以外
䄟,以外
鸡,以外
㦤,以外
皦,以外
椯,以外
颺,以外
㐽,以外
焿,以外
乁,以外
譃,以外
揈,以外
噑,以外
鍓,以外
䣚,以外
繡,以外
僪,以外
䍳,以外
聵,以外
㯸,以外
磺,以外
㞅,以外
餆,以外
䈌,以外
暏,以外
蒣,以外
䶩,以外
㚯,以外
頰,以外
䄶,以外
哃,以外
祆,以外
菍,以外
䳓,以外
㗙,以外
靚,以外
䁠,以外
轪,以外
硰,以外
苷,以外
䯽,以外
焁,以外
隄,以外
㨇,以外
椑,以外
堛,以外
瞚,以外
瀫,以外
閮,以外
㤱,以外
庴,以外
栻,以外
坅,以外
盄,以外
㿊,以外
虏,以外
铘,以外
㡛,以外
賨,以外
噯,以外
痮,以外
㻴,以外
蕹,以外
乿,以外
淾,以外
㲉,以外
崈,以外
憋,以外
鸊,以外
媝,以外
龟,以外
洨,以外
犭,以外
䘺,以外
檽,以外
謼,以外
㵈,以外
䟏,以外
裑,以外
㫝,以外
翟,以外
鱞,以外
獬,以外
鷳,以外
歼,以外
醀,以外
㔃,以外
瘅,以外
䒎,以外
覐,以外
㮜,以外
粞,以外
䬧,以外
谩,以外
妰,以外
骲,以外
㸵,以外
挷,以外
燀,以外
屉,以外
䋢,以外
蟤,以外
汩,以外
鉭,以外
㧰,以外
竲,以外
䥻,以外
詽,以外
蜎,以外
䰔,以外
骛,以外
㔚,以外
䎡,以外
搤,以外
圮,以外
蘸,以外
伾,以外
闅,以外
㑄,以外
䋋,以外
跕,以外
噘,以外
竛,以外
腢,以外
乨,以外
铯,以外
㝮,以外
巵,以外
晸,以外
賿,以外
冂,以外
缉,以外
䦒,以外
㚘,以外
餝,以外
䘣,以外
憢,以外
縳,以外
莶,以外
䢼,以外
顇,以外
䅍,以外
惌,以外
苠,以外
䯦,以外
魱,以外
䁷,以外
匀,以外
瞃,以外
适,以外
䬐,以外
澓,以外
蠒,以外
㸞,以外
挠,以外
䒥,以外
㾳,以外
堲,以外
粵,以外
鴴,以外
灂,以外
姇,以外
黉,以外
桒,以外
鉖,以外
䕤,以外
鏫,以外
㡲,以外
絴,以外
䛹,以外
读,以外
媆,以外
龈,以外
怍,以外
舡,以外
檦,以外
甯,以外
䞸,以外
蒺,以外
洿,以外
剁,以外
靃,以外
㫆,以外
翈,以外
䩑,以外
轓,以外
哚,以外
駜,以外
㵟,以外
扡,以外
䳪,以外
彳,以外
鱵,以外
䘌,以外
抏,以外
縜,以外
肣,以外
䦩,以外
䔶,以外
憹,以外
僃,以外
蟍,以外
䣓,以外
鍚,以外
䑠,以外
譪,以外
埭,以外
籰,以外
蛷,以外
俽,以外
甁,以外
銄,以外
㸇,以外
宊,以外
洑,以外
誔,以外
尛,以外
玚,以外
茥,以外
琫,以外
醮,以外
㴱,以外
媴,以外
氻,以外
覾,以外
㯊,以外
艏,以外
䭕,以外
櫔,以外
郘,以外
㱛,以外
姞,以外
捥,以外
㫴,以外
䩿,以外
槾,以外
㢉,以外
夈,以外
斋,以外
騊,以外
㐖,以外
焘,以外
庝,以外
椨,以外
㖫,以外
皭,以外
霬,以外
䈺,以外
輼,以外
铁,以外
㥈,以外
穊,以外
䏏,以外
㻝,以外
篟,以外
睬,以外
峱,以外
駳,以外
潼,以外
爅,以外
䂎,以外
趐,以外
樕,以外
圗,以外
㾜,以外
碞,以外
伧,以外
蠩,以外
嶰,以外
麲,以外
㨵,以外
朷,以外
痀,以外
塉,以外
淐,以外
㝗,以外
灙,以外
䛢,以外
菤,以外
桩,以外
啫,以外
陭,以外
㷰,以外
绲,以外
䵻,以外
蹽,以外
倄,以外
粇,以外
䠔,以外
麛,以外
䞡,以外
怤,以外
匮,以外
羱,以外
䬾,以外
釅,以外
䛋,以外
捎,以外
觕,以外
剘,以外
绛,以外
蕢,以外
䩨,以外
郯,以外
姵,以外
扸,以外
裿,以外
喂,以外
笉,以外
蒌,以外
䶒,以外
鴝,以外
䈣,以外
斢,以外
稳,以外
螶,以外
䲼,以外
㗂,以外
䕍,以外
擌,以外
埖,以外
絝,以外
蛠,以外
俦,以外
㓬,以外
齱,以外
䑷,以外
柶,以外
㚁,以外
玃,以外
鐂,以外
殓,以外
谒,以外
閗,以外
㨞,以外
朠,以外
䂥,以外
趧,以外
㮳,以外
尲,以外
碵,以外
餴,以外
㝀,以外
瑂,以外
巇,以外
髉,以外
汒,以外
痗,以外
陖,以外
䅤,以外
淧,以外
蹦,以外
韫,以外
㱲,以外
祴,以外
䋹,以外
迻,以外
庆,以外
鮈,以外
够,以外
蘡,以外
溦,以外
㐭,以外
焯,以外
䎸,以外
噁,以外
鍃,以外
㻆,以外
篈,以外
乑,以外
譓,以外
鷜,以外
㥟,以外
晡,以外
䣪,以外
页,以外
㾅,以外
鄆,以外
䨌,以外
嶙,以外
爜,以外
貣,以外
䖩,以外
㺯,以外
逰,以外
䤶,以外
涹,以外
峃,以外
煆,以外
词,以外
䓓,以外
㷙,以外
齚,以外
䡠,以外
蝪,以外
寭,以外
䏽,以外
麄,以外
垊,以外
愑,以外
蚔,以外
倛,以外
輥,以外
砫,以外
枪,以外
鶮,以外
嚴,以外
总,以外
薾,以外
彅,以外
组,以外
㟊,以外
蹏,以外
䝕,以外
曔,以外
鳘,以外
嗞,以外
潥,以外
蓨,以外
幯,以外
緮,以外
㛴,以外
赹,以外
䙿,以外
旾,以外
㒉,以外
唈,以外
榋,以外
阊,以外
㠖,以外
劝,以外
鞟,以外
攨,以外
㦫,以外
窭,以外
鬬,以外
为,以外
茼,以外
飁,以外
㕈,以外
癊,以外
俏,以外
胑,以外
矟,以外
僱,以外
闳,以外
捼,以外
馀,以外
㴃,以外
䲎,以外
膐,以外
昕,以外
嬗,以外
鰙,以外
䌧,以外
冰,以外
銲,以外
㘵,以外
襋,以外
㭗,以外
籙,以外
䫢,以外
迤,以外
奫,以外
驭,以外
狲,以外
䅻,以外
艽,以外
炇,以外
輎,以外
䐔,以外
㴚,以外
䮡,以外
氤,以外
弮,以外
玱,以外
踸,以外
䜾,以外
鷅,以外
㱄,以外
䫋,以外
潎,以外
幘,以外
襢,以外
䙨,以外
鳯,以外
㽮,以外
嗵,以外
湸,以外
袌,以外
䆒,以外
㺘,以外
鄝,以外
丣,以外
榢,以外
墬,以外
瘳,以外
讶,以外
䂼,以外
㧂,以外
䥍,以外
棌,以外
寖,以外
煝,以外
䏦,以外
㣬,以外
鍱,以外
䡷,以外
毶,以外
㪁,以外
嬀,以外
䌐,以外
枓,以外
耒,以外
㘞,以外
䲥,以外
膧,以外
㞳,以外
倲,以外
璵,以外
锴,以外
㭀,以外
硂,以外
凇,以外
秗,以外
驖,以外
䵤,以外
懧,以外
鯫,以外
仹,以外
菻,以外
劆,以外
鞈,以外
栍,以外
唟,以外
訡,以外
抦,以外
㠭,以外
侸,以外
貺,以外
齃,以外
矈,以外
䉑,以外
峚,以外
㕟,以外
䓪,以外
坳,以外
泺,以外
㮅,以外
锆,以外
丌,以外
檏,以外
瘜,以外
袣,以外
䆩,以外
㪯,以外
鐰,以外
䴶,以外
榹,以外
壃,以外
畆,以外
迍,以外
䃓,以外
㧙,以外
䱠,以外
荪,以外
忭,以外
軷,以外
䟽,以外
紁,以外
骄,以外
㘇,以外
厊,以外
攑,以外
芔,以外
謥,以外
㔱,以外
搻,以外
詏,以外
䍕,以外
拔,以外
飘,以外
㑛,以外
凞,以外
步,以外
胨,以外
婯,以外
秮,以外
襹,以外
䉿,以外
儈,以外
涋,以外
鈊,以外
㰖,以外
礘,以外
嚝,以外
鎟,以外
㶫,以外
纭,以外
䨺,以外
暽,以外
蜼,以外
鳁,以外
牊,以外
䯏,以外
㛝,以外
坜,以外
珟,以外
遞,以外
罬,以外
哱,以外
釳,以外
鶀,以外
㤃,以外
稅,以外
䢎,以外
戕,以外
頙,以外
㞜,以外
炞,以外
䜧,以外
耩,以外
隲,以外
漷,以外
緀,以外
赋,以外
旐,以外
㽗,以外
硙,以外
仢,以外
诤,以外
嵫,以外
鹭,以外
㗰,以外
䕻,以外
虽,以外
堄,以外
璇,以外
䀔,以外
㤚,以外
栤,以外
嬮,以外
瞱,以外
訸,以外
䌾,以外
㡄,以外
臕,以外
婘,以外
赢,以外
䉨,以外
㭮,以外
凵,以外
橸,以外
胿,以外
猉,以外
䖒,以外
㪘,以外
锝,以外
䨣,以外
涢,以外
爳,以外
辶,以外
䒼,以外
㷂,以外
鑇,以外
䵍,以外
軠,以外
䟦,以外
㳬,以外
䱷,以外
㺁,以外
开,以外
箃,以外
鰂,以外
䜐,以外
掓,以外
萒,以外
鶗,以外
䢥,以外
薧,以外
吲,以外
炵,以外
鄴,以外
㽀,以外
籂,以外
鋉,以外
摒,以外
緗,以外
鹖,以外
䥤,以外
虦,以外
㑲,以外
煴,以外
䫹,以外
鎈,以外
氍,以外
纖,以外
踡,以外
㰭,以外
礯,以外
䮸,以外
袺,以外
幁,以外
㛆,以外
䙑,以外
荓,以外
壚,以外
關,以外
湡,以外
䃪,以外
趉,以外
爌,以外
㬒,以外
脖,以外
䨜,以外
餦,以外
綩,以外
貳,以外
喹,以外
㨼,以外
聀,以外
擃,以外
䥆,以外
顐,以外
糓,以外
话,以外
灠,以外
哣,以外
㥦,以外
揭,以外
䡰,以外
篽,以外
䄁,以外
澊,以外
夑,以外
㢐,以外
栛,以外
䞚,以外
隤,以外
䀫,以外
輵,以外
溴,以外
堻,以外
㞺,以外
杅,以外
䛄,以外
闎,以外
廔,以外
淞,以外
坥,以外
㛤,以外
䗮,以外
铸,以外
繿,以外
洈,以外
冋,以外
銍,以外
䔘,以外
檝,以外
崨,以外
鸪,以外
䊭,以外
㔸,以外
瘺,以外
乊,以外
鍌,以外
矏,以外
歜,以外
㹪,以外
䍬,以外
葮,以外
棱,以外
孼,以外
㿿,以外
鱾,以外
䘅,以外
璎,以外
帕,以外
挗,以外
䲞,以外
醠,以外
㘥,以外
笧,以外
榰,以外
匷,以外
鐹,以外
㲾,以外
䇀,以外
苂,以外
汉,以外
髒,以外
䑙,以外
襛,以外
屩,以外
䫲,以外
㑹,以外
祻,以外
莁,以外
搄,以外
䢇,以外
輞,以外
玡,以外
吤,以外
㢧,以外
䮱,以外
骻,以外
缾,以外
狋,以外
㯑,以外
晘,以外
䫛,以外
繨,以外
㫻,以外
蘃,以外
鸓,以外
禒,以外
袜,以外
瘣,以外
㼩,以外
脭,以外
悬,以外
丳,以外
识,以外
煍,以外
僌,以外
㹓,以外
聗,以外
䥝,以外
諰,以外
灷,以外
㥽,以外
挀,以外
䞃,以外
蒅,以外
㘎,以外
笐,以外
鲕,以外
㞣,以外
璥,以外
䲵,以外
醷,以外
䁂,以外
蕄,以外
槇,以外
㳕,以外
鵔,以外
䇗,以外
姧,以外
黩,以外
䵴,以外
鉶,以外
盹,以外
檆,以外
锏,以外
㶔,以外
䊖,以外
螘,以外
媦,以外
龨,以外
䔯,以外
瞸,以外
崿,以外
俈,以外
㕏,以外
穑,以外
據,以外
剡,以外
靣,以外
㿨,以外
糪,以外
臬,以外
潳,以外
駼,以外
覉,以外
瘌,以外
劏,以外
㼒,以外
蔖,以外
憙,以外
东,以外
禩,以外
袳,以外
甶,以外
冹,以外
㸼,以外
葀,以外
惃,以外
䵆,以外
鱐,以外
磓,以外
违,以外
㵦,以外
柭,以外
䱰,以外
鍺,以外
翽,以外
䔁,以外
鐋,以外
㲐,以外
䎚,以外
㔡,以外
銤,以外
䐫,以外
宪,以外
謵,以外
檴,以外
捅,以外
䋄,以外
㑋,以外
筕,以外
嫔,以外
詟,以外
槞,以外
卥,以外
扯,以外
䇮,以外
郸,以外
姾,以外
䄘,以外
舚,以外
夨,以外
騪,以外
䚭,以外
莯,以外
庽,以外
鮿,以外
䩊,以外
㛍,以外
靌,以外
珏,以外
䯟,以外
铡,以外
㩪,以外
䝬,以外
聮,以外
泱,以外
㯿,以外
顾,以外
䈅,以外
輇,以外
㞌,以外
娕,以外
䢞,以外
閠,以外
缧,以外
涰,以外
圷,以外
逹,以外
㢾,以外
䗀,以外
蛂,以外
桉,以外
巐,以外
䁙,以外
赛,以外
㗠,以外
盢,以外
敫,以外
说,以外
絻,以外
螁,以外
怄,以外
䲇,以外
龑,以外
謞,以外
瞡,以外
㲧,以外
挮,以外
侱,以外
笾,以外
盋,以外
华,以外
㿑,以外
仛,以外
釥,以外
穨,以外
赲,以外
槵,以外
剸,以外
㻻,以外
舃,以外
䬉,以外
綒,以外
貜,以外
爣,以外
喢,以外
㬩,以外
撬,以外
䨳,以外
鴽,以外
粼,以外
迆,以外
畍,以外
哌,以外
㩓,以外
柖,以外
䵝,以外
軰,以外
瑷,以外
埶,以外
㵽,以外
䎃,以外
肅,以外
缐,以外
宓,以外
颕,以外
圠,以外
鐢,以外
炥,以外
氲,以外
䢵,以外
閷,以外
䑂,以外
腄,以外
淇,以外
屒,以外
㣕,以外
饔,以外
䗗,以外
㑢,以外
髩,以外
䥴,以外
㗷,以外
狹,以外
溆,以外
鄏,以外
㦔,以外
䚖,以外
莘,以外
椟,以外
䄯,以外
踱,以外
㚶,以外
玸,以外
夿,以外
䯈,以外
裊,以外
繑,以外
噡,以外
鍣,以外
㯨,以外
磪,以外
藬,以外
僺,以外
鷼,以外
薉,以外
稌,以外
褖,以外
䈜,以外
鄦,以外
疩,以外
蒳,以外
礶,以外
嶹,以外
泃,以外
䅆,以外
瓓,以外
菝,以外
硠,以外
峣,以外
毭,以外
䁰,以外
齺,以外
珽,以外
䤁,以外
頋,以外
枊,以外
儑,以外
侚,以外
㤡,以外
麤,以外
䠫,以外
垪,以外
蜵,以外
倻,以外
㾺,以外
㡋,以外
鷎,以外
睕,以外
囔,以外
號,以外
旞,以外
彥,以外
㻤,以外
鳸,以外
癿,以外
攈,以外
妋,以外
骍,以外
䴘,以外
踚,以外
抝,以外
唨,以外
䪭,以外
辯,以外
㴸,以外
劽,以外
鞿,以外
䙊,以外
㫍,以外
魌,以外
翏,以外
䟟,以外
飡,以外
㙪,以外
䭬,以外
豮,以外
惱,以外
卼,以外
㟿,以外
丅,以外
茇,以外
㮌,以外
粎,以外
嘕,以外
欗,以外
䒞,以外
馠,以外
㸥,以外
猧,以外
憰,以外
嬷,以外
㒾,以外
䧀,以外
摉,以外
凐,以外
䱙,以外
腛,以外
㧠,以外
呩,以外
䋲,以外
蟴,以外
㱹,以外
煻,以外
讁,以外
氄,以外
䂇,以外
鎑,以外
琔,以外
蜞,以外
誫,以外
漮,以外
䎱,以外
銻,以外
眾,以外
虈,以外
䋛,以外
鷥,以外
腲,以外
旵,以外
踃,以外
䜉,以外
阓,以外
熒,以外
肜,以外
縣,以外
妢,以外
㜩,以外
褭,以外
梬,以外
䘳,以外
鄽,以外
炼,以外
菆,以外
祍,以外
㙓,以外
毖,以外
䅝,以外
遧,以外
珦,以外
苰,以外
硷,以外
寶,以外
欀,以外
貅,以外
㸎,以外
猐,以外
钕,以外
嬠,以外
㾣,以外
頢,以外
怲,以外
䒵,以外
馷,以外
䡂,以外
资,以外
偒,以外
㓕,以外
镔,以外
䧗,以外
軙,以外
㡢,以外
絤,以外
雩,以外
䕴,以外
㧷,以外
驶,以外
绹,以外
抆,以外
堍,以外
鴏,以外
㖔,以外
䪖,以外
辘,以外
攟,以外
劦,以外
䴯,以外
舱,以外
㪶,以外
唿,以外
橁,以外
䟈,以外
蓊,以外
㵏,以外
牑,以外
泚,以外
婡,以外
㟨,以外
瓪,以外
觬,以外
峺,以外
釼,以外
膉,以外
縌,以外
媏,以外
㜒,以外
榙,以外
䘜,以外
锦,以外
熩,以外
肳,以外
紶,以外
㘼,以外
豀,以外
棃,以外
䕆,以外
鑐,以外
烓,以外
蟝,以外
壣,以外
㕦,以外
濭,以外
䑰,以外
魺,以外
矽,以外
䴁,以外
鰋,以外
掊,以外
唑,以外
㒐,以外
搛,以外
䮚,以外
㴡,以外
骤,以外
䰫,以外
厪,以外
抴,以外
㮺,以外
歅,以外
䫄,以外
㱋,以外
駎,以外
獕,以外
勔,以外
懞,以外
㫤,以外
橯,以外
䧮,以外
飸,以外
牿,以外
麍,以外
䤘,以外
訚,以外
儨,以外
鈪,以外
讯,以外
㤸,以外
稺,以外
嚽,以外
鎿,以外
䉊,以外
㻍,以外
齌,以外
篏,以外
䏟,以外
鳡,以外
佬,以外
衮,以外
坼,以外
遾,以外
䨅,以外
蜇,以外
㾌,以外
碎,以外
刕,以外
漗,以外
䂞,以外
鶠,以外
㨥,以外
眧,以外
頹,以外
軂,以外
恉,以外
嗐,以外
雒,以外
䡙,以外
蕛,以外
㷠,以外
绢,以外
偩,以外
浫,以外
䛲,以外
㡹,以外
畻,以外
辁,以外
䒇,以外
鞑,以外
瀔,以外
茞,以外
羡,以外
㒧,以外
欮,以外
䞱,以外
艈,以外
绋,以外
孎,以外
㟑,以外
䛛,以外
駥,以外
牨,以外
蕲,以外
懵,以外
婸,以外
㛻,以外
涂,以外
䌉,以外
鈓,以外
疒,以外
稣,以外
购,以外
沬,以外
䈳,以外
锽,以外
璼,以外
絍,以外
峌,以外
豗,以外
濖,以外
䕝,以外
鑧,以外
矦,以外
蛰,以外
籷,以外
忶,以外
㕽,以外
漀,以外
䮃,以外
袅,以外
㨎,以外
眐,以外
厓,以外
邕,以外
张,以外
㮣,以外
鰢,以外
碥,以外
搲,以外
䂵,以外
鶷,以外
䱂,以外
旇,以外
呒,以外
諙,以外
㱢,以外
祤,以外
嗧,以外
䅴,以外
㷷,以外
鹶,以外
暆,以外
對,以外
餏,以外
亖,以外
讘,以外
嚦,以外
鎨,以外
䤯,以外
蘱,以外
㺶,以外
儿,以外
湁,以外
䏈,以外
胊,以外
㥏,以外
癑,以外
魣,以外
烪,以外
跬,以外
捳,以外
闼,以外
䚏,以外
鄖,以外
疙,以外
㺟,以外
褦,以外
涩,以外
鲳,以外
愶,以外
䖹,以外
遀,以外
瓃,以外
奆,以外
㷉,以外
衐,以外
鯝,以外
恠,以外
䓣,以外
塰,以外
㳳,以外
蝺,以外
毽,以外
䤑,以外
砛,以外
垚,以外
侪,以外
鼵,以外
纴,以外
䠻,以外
睅,以外
囄,以外
藎,以外
潕,以外
鹟,以外
䝥,以外
癯,以外
嗮,以外
㽵,以外
蓸,以外
㠆,以外
紈,以外
䆋,以外
唘,以外
㦛,以外
阚,以外
窝,以外
䴨,以外
鞯,以外
昺,以外
䪽,以外
幊,以外
荌,以外
㙚,以外
筜,以外
忟,以外
卬,以外
㟯,以外
鑮,以外
磱,以外
䭼,以外
豾,以外
嘅,以外
鬇,以外
撎,以外
岞,以外
㒮,以外
䌷,以外
萹,以外
净,以外
鋂,以外
㭇,以外
籉,以外
䧐,以外
呙,以外
饛,以外
拢,以外
䱩,以外
煫,以外
嫲,以外
楻,以外
鎁,以外
琄,以外
墇,以外
㴊,以外
讑,以外
气,以外
鼞,以外
䐤,以外
銫,以外
眮,以外
宱,以外
㰴,以外
誻,以外
鹈,以外
拋,以外
䝎,以外
嫛,以外
㽞,以外
藥,以外
湨,以外
饲,以外
緵,以外
䙸,以外
阃,以外
熂,以外
弉,以外
㺈,以外
踓,以外
榒,以外
㜙,以外
颜,以外
昣,以外
䆢,以外
㦲,以外
褽,以外
㙃,以外
鯆,以外
䃌,以外
遗,以外
珖,以外
奝,以外
㣜,以外
衧,以外
毦,以外
髰,以外
恷,以外
䏶,以外
猀,以外
垃,以外
钅,以外
欐,以外
侓,以外
貕,以外
䌠,以外
耢,以外
㬰,以外
岵,以外
膷,以外
偂,以外
㓅,以外
镄,以外
秇,以外
䡒,以外
赔,以外
凗,以外
雙,以外
敤,以外
䧧,以外
軩,以外
嵴,以外
㖄,以外
窆,以外
䀍,以外
蔏,以外
劖,以外
㠝,以外
紟,以外
䪦,以外
辨,以外
騱,以外
䴿,以外
牁,以外
忈,以外
鳊,以外
橑,以外
㟘,以外
瓚,以外
䉡,以外
釬,以外
㩱,以外
罳,以外
䓺,以外
觼,以外
㜂,以外
馉,以外
䊏,以外
锖,以外
帜,以外
㪟,以外
账,以外
榩,以外
㘬,以外
颳,以外
收,以外
䆹,以外
鑀,以外
烃,以外
嵆,以外
㧉,以外
豐,以外
棓,以外
㕖,以外
摠,以外
䃣,以外
屰,以外
㣳,以外
荺,以外
濽,以外
唁,以外
㒀,以外
萋,以外
箊,以外
䴑,以外
簛,以外
芤,以外
䮪,以外
鬵,以外
窴,以外
䰻,以外
勄,以外
臎,以外
歕,以外
䫔,以外
秞,以外
䍥,以外
牯,以外
凮,以外
㭵,以外
䧾,以外
㰆,以外
礈,以外
䖋,以外
蚍,以外
㶛,以外
鈚,以外
纝,以外
䤨,以外
嚭,以外
鎯,以外
戺,以外
亽,以外
访,以外
婊,以外
罜,以外
蓡,以外
坬,以外
糱,以外
刅,以外
悎,以外
䨕,以外
眗,以外
增,以外
薠,以外
漧,以外
䜷,以外
耹,以外
嗀,以外
雂,以外
㽇,以外
硉,以外
偙,以外
鵛,以外
曢,以外
䡩,以外
畫,以外
廲,以外
鯴,以外
浻,以外
瀄,以外
岇,以外
㤊,以外
辑,以外
栔,以外
㒗,以外
鬞,以外
䀤,以外
隫,以外
徱,以外
㠴,以外
躻,以外
㟁,以外
驈,以外
曋,以外
䍎,以外
㭞,以外
橨,以外
㛫,以外
秵,以外
䉸,以外
鈃,以外
疂,以外
㪈,以外
涒,以外
鲜,以外
戣,以外
䖢,以外
锭,以外
璬,以外
娳,以外
㶲,以外
贽,以外
鿆,以外
敍,以外
䓌,以外
鑗,以外
矖,以外
嵝,以外
㳜,以外
豧,以外
濦,以外
㕭,以外
黰,以外
摷,以外
䟶,以外
眀,以外
厃,以外
邅,以外
漐,以外
䮓,以外
袕,以外
䜠,以外
悥,以外
㼰,以外
簲,以外
墵,以外
薷,以外
酄,以外
䱒,以外
襔,以外
嗗,以外
鋙,以外
慤,以外
諩,以外
虶,以外
拹,以外
纆,以外
䐍,以外
脏,以外
嚖,以外
鎘,以外
㰝,以外
礟,以外
讨,以外
儯,以外
鸱,以外
掸,以外
䤿,以外
癁,以外
寈,以外
飊,以外
湑,以外
烚,以外
䙡,以外
荣,以外
棪,以外
闬,以外
㹱,以外
筳,以外
䃺,以外
㬂,以外
樌,以外
亏,以外
餖,以外
刜,以外
㚟,以外
脦,以外
斩,以外
㨬,以外
钳,以外
顀,以外
糃,以外
㗉,以外
聐,以外
擓,以外
㥖,以外
桠,以外
䳣,以外
偰,以外
㓳,以外
轺,以外
揽,以外
夁,以外
㢀,以外
蠋,以外
瞊,以外
䄑,以外
徚,以外
躤,以外
堫,以外
䞪,以外
霵,以外
䀻,以外
廄,以外
跎,以外
杕,以外
䛔,以外
佥,以外
繯,以外
㝵,以外
賸,以外
晿,以外
䗾,以外
甈,以外
䦋,以外
犝,以外
䔨,以外
蘪,以外
媭,以外
龯,以外
䊽,以外
螿,以外
噊,以外
濏,以外
㹚,以外
獜,以外
孬,以外
㿯,以外
鱮,以外
䍼,以外
葾,以外
帅,以外
錇,以外
沎,以外
䘕,以外
笗,以外
咞,以外
覠,以外
挧,以外
㲮,以外
熰,以外
䬷,以外
谹,以外
姀,以外
髂,以外
瑉,以外
䇐,以外
屙,以外
酛,以外
櫢,以外
䑩,以外
祫,以外
韴,以外
慻,以外
鮁,以外
簄,以外
傇,以外
㔊,以外
莑,以外
搔,以外
㢗,以外
殡,以外
䰤,以外
骫,以外
缮,以外
厱,以外
㐴,以外
朾,以外
㯁,以外
陈,以外
櫋,以外
繘,以外
勛,以外
㝞,以外
跥,以外
㫫,以外
痵,以外
乸,以外
鸃,以外
禂,以外
㚈,以外
蘓,以外
憒,以外
㼙,以外
邜,以外
䦢,以外
餭,以外
碬,以外
嘳,以外
脽,以外
㹃,以外
鏆,以外
楍,以外
䣌,以外
顗,以外
篖,以外
兝,以外
聧,以外
揦,以外
㥭,以外
鋰,以外
䯶,以外
笀,以外
徃,以外
鲅,以外
挐,以外
䞓,以外
蒕,以外
䬠,以外
沥,以外
咵,以外
覷,以外
塂,以外
㳅,以外
燇,以外
䁒,以外
蕔,以外
姗,以外
浤,以外
䇧,以外
啴,以外
詶,以外
滹,以外
㶄,以外
犆,以外
䠍,以外
媖,以外
龘,以外
䊦,以外
螨,以外
崯,以外
鈱,以外
澸,以外
䔿,以外
穁,以外
埈,以外
铊,以外
扑,以外
㿘,以外
糚,以外
䩡,以外
轣,以外
擪,以外
駬,以外
睳,以外
䳺,以外
㼂,以外
醉,以外
渌,以外
䪏,以外
鴖,以外
禙,以外
嘜,以外
㸬,以外
邳,以外
䦹,以外
鱀,以外
磃,以外
葐,以外
㵖,以外
韝,以外
䣣,以外
翭,以外
譺,以外
柽,以外
崁,以外
㲀,以外
谋,以外
玊,以外
䔑,以外
琛,以外
尫,以外
䎪,以外
犴,以外
䐻,以外
嫄,以外
觎,以外
䋔,以外
鉟,以外
燞,以外
䭥,以外
穯,以外
姮,以外
䇾,以外
㐆,以外
焈,以外
䶋,以外
夘,以外
㖛,以外
騚,以外
皝,以外
䄨,以外
鮯,以外
䚽,以外
莿,以外
每,以外
㩚,以外
睜,以外
賡,以外
㯯,以外
顮,以外
䝼,以外
娅,以外
梎,以外
䈕,以外
缗,以外
傞,以外
趠,以外
㢮,以外
疰,以外
伷,以外
巀,以外
黂,以外
㝇,以外
灉,以外
䗐,以外
蛒,以外
镛,以外
滢,以外
䁩,以外
絫,以外
鏴,以外
敻,以外
龁,以外
砄,以外
咇,以外
螑,以外
怔,以外
㲗,以外
錞,以外
䠤,以外
麫,以外
笮,以外
垱,以外
蚻,以外
挾,以外
㿁,以外
䭎,以外
穘,以外
觥,以外
㻫,以外
镲,以外
䩸,以外
騃,以外
綂,以外
匉,以外
舓,以外
斒,以外
㬙,以外
钜,以外
樣,以外
䶢,以外
鴭,以外
粬,以外
㖲,以外
㩃,以外
浍,以外
䳌,以外
翖,以外
啝,以外
㓜,以外
葧,以外
柦,以外
㵭,以外
汷,以外
缀,以外
它,以外
颅,以外
朐,以外
䎓,以外
肕,以外
传,以外
谢,以外
梥,以外
㜰,以外
趷,以外
层,以外
㣅,以外
饄,以外
䑒,以外
巗,以外
髙,以外
楤,以外
䗧,以外
苩,以外
兴,以外
櫹,以外
㦄,以外
䰍,以外
褏,以外
鮘,以外
㐝,以外
焟,以外
䚦,以外
夯,以外
阱,以外
殸,以外
䄿,以外
晑,以外
㯘,以外
乡,以外
譣,以外
惪,以外
鷬,以外
㙱,以外
獳,以外
䣺,以外
藼,以外
憁,以外
蘄,以外
唎,以外
禑,以外
鸔,以外
䢛,以外
醡,以外
㰨,以外
悫,以外
蔮,以外
碻,以外
䟅,以外
汈,以外
郋,以外
㭒,以外
忕,以外
葘,以外
卢,以外
鱨,以外
䛯,以外
歲,以外
迵,以外
㩼,以外
搃,以外
莂,以外
劌,以外
䬝,以外
鐣,以外
㦦,以外
挭,以外
笽,以外
䩇,以外
槆,以外
㣐,以外
扗,以外
臖,以外
僠,以外
穧,以外
駦,以外
䥱,以外
棰,以外
鉷,以外
㟺,以外
脀,以外
䈂,以外
暅,以外
娒,以外
纕,以外
䎗,以外
爢,以外
隥,以外
㜤,以外
宧,以外
訲,以外
玷,以外
㒹,以外
杄,以外
诇,以外
䳉,以外
䁖,以外
擙,以外
塦,以外
糩,以外
䇫,以外
灶,以外
铹,以外
㕸,以外
袆,以外
䶈,以外
眏,以外
㠑,以外
斘,以外
綨,以外
㺪,以外
栱,以外
閸,以外
嚺,以外
聁,以外
䕃,以外
滊,以外
顑,以外
嵓,以外
蛚,以外
䯜,以外
畣,以外
㙥,以外
黪,以外
揬,以外
乵,以外
篼,以外
㳾,以外
䬆,以外
澉,以外
逌,以外
㺓,以外
挖,以外
螙,以外
嚣,以外
龩,以外
䨰,以外
溳,以外
錶,以外
㦽,以外
蛃,以外
黓,以外
䕚,以外
槝,以外
鉠,以外
㣧,以外
嵪,以外
僷,以外
畺,以外
駽,以外
䒄,以外
爋,以外
㴕,以外
唥,以外
璤,以外
䞮,以外
㰿,以外
徾,以外
蕅,以外
呏,以外
矎,以外
鵕,以外
䛘,以外
连,以外
㽩,以外
坹,以外
鱿,以外
輈,以外
䰊,以外
炍,以外
㖏,以外
搚,以外
袝,以外
䶟,以外
䄬,以外
夼,以外
䋁,以外
闏,以外
㙎,以外
嫑,以外
襜,以外
㟣,以外
繾,以外
䎀,以外
椇,以外
宐,以外
脗,以外
䘙,以外
玠,以外
餧,以外
帩,以外
记,以外
䢲,以外
瘹,以外
㬻,以外
惂,以外
卋,以外
磒,以外
㷔,以外
荫,以外
䁭,以外
淴,以外
魻,以外
塽,以外
斁,以外
舄,以外
㒋,以外
儎,以外
綑,以外
騔,以外
䲛,以外
椞,以外
閡,以外
㠨,以外
脮,以外
倸,以外
粻,以外
䏅,以外
铋,以外
㽒,以外
寕,以外
坢,以外
顨,以外
䋯,以外
潲,以外
诵,以外
㹼,以外
嫿,以外
怃,以外
㜍,以外
嚌,以外
砓,以外
龒,以外
㶦,以外
蚬,以外
㘷,以外
缽,以外
乇,以外
靍,以外
㳐,以外
晗,以外
藖,以外
㕡,以外
哠,以外
䵱,以外
陷,以外
䘂,以外
抅,以外
鴐,以外
帒,以外
䞗,以外
銥,以外
徧,以外
踲,以外
䬴,以外
瞷,以外
捄,以外
过,以外
䣉,以外
䑖,以外
惙,以外
鍤,以外
屦,以外
磩,以外
䗫,以外
郹,以外
貆,以外
䦈,以外
猏,以外
㰑,以外
憘,以外
謟,以外
吡,以外
禨,以外
㪪,以外
氱,以外
劺,以外
葁,以外
䅃,以外
櫊,以外
㟌,以外
鱑,以外
奓,以外
苚,以外
俜,以外
煣,以外
襳,以外
䩵,以外
㣾,以外
伆,以外
鐌,以外
㪓,以外
朖,以外
莙,以外
㘠,以外
缦,以外
鮩,以外
丰,以外
霶,以外
㶽,以外
晀,以外
苃,以外
嗍,以外
繐,以外
髓,以外
䅚,以外
淝,以外
陠,以外
㳧,以外
藭,以外
哷,以外
煺,以外
䂄,以外
覊,以外
㤕,以外
墔,以外
踛,以外
儥,以外
炤,以外
䎮,以外
椵,以外
㠿,以外
宾,以外
腅,以外
珎,以外
䋘,以外
诞,以外
㭩,以外
嫨,以外
卹,以外
顿,以外
謈,以外
䠊,以外
璍,以外
怚,以外
䦟,以外
砪,以外
䔬,以外
憯,以外
逺,以外
崼,以外
䛁,以外
廑,以外
赜,以外
䩞,以外
盡,以外
軱,以外
䯳,以外
穾,以外
䞀,以外
洇,以外
銎,以外
䈙,以外
㒢,以外
鴧,以外
䲲,以外
爹,以外
㼻,以外
詉,以外
坋,以外
㧔,以外
潛,以外
铢,以外
凤,以外
蝫,以外
䑭,以外
槴,以外
㛶,以外
齻,以外
屽,以外
踄,以外
㢋,以外
熑,以外
阔,以外
䂛,以外
攞,以外
馡,以外
㐨,以外
梫,以外
贮,以外
炻,以外
锾,以外
俅,以外
摈,以外
飋,以外
埕,以外
豘,以外
孢,以外
翥,以外
鑨,以外
仯,以外
蟵,以外
氃,以外
讂,以外
㬍,以外
媌,以外
琓,以外
鎒,以外
䌝,以外
鰣,以外
欭,以外
㨷,以外
妶,以外
猽,以外
銼,以外
䉇,以外
橗,以外
觖,以外
㥡,以外
壠,以外
䅱,以外
驷,以外
㿺,以外
褀,以外
䨂,以外
溅,以外
鄐,以外
划,以外
皕,以外
䮗,以外
稢,以外
麥,以外
㼤,以外
厧,以外
舲,以外
䜴,以外
箷,以外
㲹,以外
潄,以外
菇,以外
䓉,以外
睔,以外
䡖,以外
泙,以外
齤,以外
偦,以外
䧫,以外
硶,以外
鳹,以外
㵸,以外
击,以外
䖈,以外
缏,以外
涘,以外
蜟,以外
疨,以外
㚪,以外
庺,以外
衁,以外
䵃,以外
曊,以外
㯌,以外
軚,以外
䏜,以外
㹥,以外
蕳,以外
䙵,以外
珼,以外
㓾,以外
䌆,以外
㚓,以外
辙,以外
㨠,以外
庣,以外
猦,以外
鞩,以外
䈰,以外
暳,以外
鬶,以外
橀,以外
軃,以外
姍,以外
牐,以外
雓,以外
䵚,以外
懝,以外
驠,以外
啪,以外
觭,以外
絺,以外
釽,以外
䲄,以外
㔕,以外
咔,以外
崥,以外
攵,以外
蒴,以外
㐿,以外
垾,以外
赅,以外
翎,以外
镕,以外
摟,以外
蟞,以外
㝩,以外
囨,以外
豯,以外
绸,以外
䐊,以外
㶏,以外
氚,以外
䖟,以外
琪,以外
䤬,以外
疿,以外
䫁,以外
祌,以外
鷏,以外
㹎,以外
勑,以外
腜,以外
䙞,以外
㿣,以外
䟳,以外
䮀,以外
愇,以外
麎,以外
厐,以外
褗,以外
箠,以外
㢢,以外
鄧,以外
莰,以外
䂲,以外
棂,以外
虉,以外
孋,以外
烒,以外
㗔,以外
捛,以外
巤,以外
䡭,以外
旴,以外
㫶,以外
鍻,以外
涁,以外
訄,以外
㲋,以外
夎,以外
䒛,以外
愞,以外
鶡,以外
褮,以外
堸,以外
璻,以外
鄾,以外
䯅,以外
恈,以外
鳋,以外
㝒,以外
叕,以外
衘,以外
䫯,以外
菵,以外
㙼,以外
辂,以外
㼍,以外
庌,以外
瀓,以外
鞒,以外
䜝,以外
暜,以外
頣,以外
㖦,以外
漭,以外
㸷,以外
嶶,以外
眽,以外
䙇,以外
齍,以外
㓐,以外
湗,以外
㵡,以外
闦,以外
䕱,以外
擰,以外
鹷,以外
㯺,以外
贀,以外
丂,以外
檅,以外
锐,以外
嘒,以外
犕,以外
侗,以外
骥,以外
㬤,以外
垧,以外
蘲,以外
䌴,以外
羷,以外
㢹,以外
歄,以外
䃉,以外
獔,以外
䱖,以外
棙,以外
魤,以外
呦,以外
烩,以外
籶,以外
飹,以外
㥸,以外
嗻,以外
蒆,以外
䆈,以外
㐑,以外
榘,以外
茟,以外
尡,以外
搱,以外
馸,以外
媺,以外
䥃,以外
㿌,以外
兓,以外
䟜,以外
祣,以外
㩥,以外
腳,以外
䉵,以外
䜆,以外
漖,以外
㸠,以外
媣,以外
鎩,以外
䘰,以外
抳,以外
鼶,以外
㖽,以外
湀,以外
諃,以外
癐,以外
鋓,以外
䥚,以外
旝,以外
鹠,以外
㓧,以外
跭,以外
峷,以外
闽,以外
䢄,以外
傔,以外
蘛,以外
碤,以外
䮮,以外
愵,以外
厾,以外
襅,以外
塏,以外
篎,以外
酕,以外
䫘,以外
菞,以外
勨,以外
衯,以外
孹,以外
竸,以外
茈,以外
䀊,以外
㦏,以外
栚,以外
蒝,以外
䆟,以外
瀪,以外
䴬,以外
榯,以外
頺,以外
唼,以外
熿,以外
駏,以外
㩎,以外
囑,以外
蕜,以外
䉞,以外
绡,以外
㯣,以外
橮,以外
蛱,以外
䏳,以外
侀,以外
攇,以外
骎,以外
垐,以外
贗,以外
䨙,以外
羠,以外
㲢,以外
锧,以外
螰,以外
䒲,以外
稹,以外
㜻,以外
泂,以外
艉,以外
彋,以外
瓒,以外
杛,以外
鳢,以外
姤,以外
轫,以外
䱭,以外
㻶,以外
靻,以外
熁,以外
阄,以外
䔎,以外
踔,以外
㐘,以外
墛,以外
紞,以外
膡,以外
炫,以外
键,以外
㾵,以外
䐸,以外
梻,以外
贾,以外
埅,以外
籈,以外
胋,以外
俕,以外
鑘,以外
㻟,以外
䍢,以外
查,以外
豨,以外
囯,以外
筲,以外
仿,以外
鎂,以外
䊌,以外
嬝,以外
窜,以外
萣,以外
猭,以外
銬,以外
䆶,以外
婇,以外
秆,以外
荍,以外
牗,以外
釖,以外
䃠,以外
橧,以外
奱,以外
磰,以外
艷,以外
鄀,以外
刂,以外
皅,以外
㮇,以外
䨒,以外
溕,以外
厗,以外
戢,以外
蚥,以外
䮧,以外
騲,以外
弴,以外
掷,以外
睄,以外
鯇,以外
㡆,以外
峉,以外
瓙,以外
㧛,以外
蝤,以外
䡦,以外
泩,以外
凫,以外
恶,以外
蓹,以外
䧻,以外
领,以外
嶈,以外
疘,以外
㚚,以外
鼟,以外
䀡,以外
涨,以外
砱,以外
㴳,以外
薸,以外
䚺,以外
啃,以外
绊,以外
衑,以外
䵓,以外
雚,以外
寜,以外
軪,以外
珬,以外
㓮,以外
鵳,以外
毼,以外
㚃,以外
嬆,以外
羉,以外
鞙,以外
䚣,以外
欦,以外
辩,以外
娰,以外
纳,以外
雃,以外
㵊,以外
䇍,以外
橐,以外
軓,以外
啚,以外
秝,以外
艠,以外
䵪,以外
釭,以外
㱴,以外
䃷,以外
敺,以外
觽,以外
㔅,以外
戋,以外
鶊,以外
䲔,以外
騛,以外
㾞,以外
䔥,以外
㐯,以外
垮,以外
鲴,以外
侾,以外
镅,以外
㻈,以外
䑏,以外
赕,以外
㝙,以外
囘,以外
仨,以外
鑯,以外
㧲,以外
䝹,以外
豿,以外
琚,以外
额,以外
㤜,以外
嶟,以外
氪,以外
儬,以外
疯,以外
㪱,以外
萺,以外
䤼,以外
涿,以外
藏,以外
䫑,以外
饜,以外
幞,以外
癮,以外
㭰,以外
忳,以外
厀,以外
礇,以外
㸉,以外
蚎,以外
䮐,以外
鄗,以外
嘙,以外
褧,以外
丩,以外
鮰,以外
墲,以外
昹,以外
烂,以外
㗄,以外
鹉,以外
䍋,以外
筛,以外
㡝,以外
胢,以外
䗤,以外
鍫,以外
偭,以外
譻,以外
䡽,以外
疁,以外
鈄,以外
䄎,以外
涑,以外
訔,以外
岛,以外
礞,以外
薡,以外
璫,以外
鄮,以外
㮵,以外
䀸,以外
褾,以外
㝂,以外
叅,以外
硈,以外
䯕,以外
㫟,以外
䝢,以外
揥,以外
㙬,以外
勯,以外
䫿,以外
瀃,以外
鞂,以外
䚌,以外
辒,以外
㖖,以外
弝,以外
耣,以外
眭,以外
隬,以外
䖶,以外
漽,以外
躼,以外
㓀,以外
緆,以外
蝍,以外
癗,以外
䓠,以外
跦,以外
嵱,以外
糰,以外
虷,以外
销,以外
嘂,以外
犅,以外
㾇,以外
丒,以外
檕,以外
垗,以外
昢,以外
侧,以外
鸲,以外
嬴,以外
鿇,以外
㱆,以外
壉,以外
呖,以外
㷛,以外
荤,以外
䱦,以外
棩,以外
嗫,以外
胹,以外
㐁,以外
鲆,以外
妈,以外
挏,以外
熘,以外
䐡,以外
榨,以外
簱,以外
㤳,以外
膸,以外
䊺,以外
鑁,以外
竊,以外
豑,以外
䥓,以外
鋚,以外
諪,以外
矬,以外
饳,以外
婵,以外
濼,以外
弆,以外
箉,以外
眖,以外
鎙,以外
䊣,以外
漦,以外
让,以外
㖭,以外
窳,以外
蜶,以外
癀,以外
鋃,以外
㥊,以外
䗍,以外
湐,以外
諓,以外
㓗,以外
虠,以外
䥪,以外
闭,以外
㡴,以外
䓷,以外
慺,以外
跽,以外
傄,以外
昋,以外
馊,以外
䢔,以外
㮞,以外
䄥,以外
悤,以外
厮,以外
礵,以外
颴,以外
䮾,以外
酅,以外
㫈,以外
䁏,以外
揎,以外
襕,以外
硟,以外
鯞,以外
䫨,以外
㷲,以外
䍹,以外
拸,以外
鬈,以外
撍,以外
鲝,以外
㴜,以外
妟,以外
唬,以外
熯,以外
㺱,以外
耺,以外
䴼,以外
榿,以外
敌,以外
臏,以外
仑,以外
婞,以外
曡,以外
牮,以外
黱,以外
㽰,以外
寳,以外
橾,以外
垀,以外
紇,以外
㨉,以外
芎,以外
侐,以外
锗,以外
则,以外
货,以外
䨩,以外
㜫,以外
龰,以外
岲,以外
戹,以外
瓂,以外
驉,以外
䝋,以外
泒,以外
罛,以外
㱝,以外
蓢,以外
䇤,以外
呭,以外
秴,以外
轻,以外
䱽,以外
鸄,以外
䴎,以外
蘔,以外
㰘,以外
傛,以外
甞,以外
碫,以外
鴮,以外
㞵,以外
䰸,以外
悻,以外
蔾,以外
㭂,以外
瑈,以外
裋,以外
䟕,以外
鱘,以外
㛟,以外
䭢,以外
濥,以外
葨,以外
㩬,以外
廯,以外
䛿,以外
簃,以外
鮂,以外
䪌,以外
莒,以外
㦖,以外
犜,以外
谣,以外
笭,以外
骬,以外
䦶,以外
芼,以外
㣀,以外
燆,以外
譍,以外
穗,以外
駖,以外
䣠,以外
执,以外
臦,以外
烰,以外
詷,以外
餀,以外
娂,以外
纅,以外
脐,以外
䈒,以外
暕,以外
樢,以外
躥,以外
䎧,以外
鈲,以外
圴,以外
罄,以外
鏇,以外
杔,以外
塖,以外
糙,以外
䁦,以外
擩,以外
賹,以外
䇻,以外
㠁,以外
邆,以外
喈,以外
綘,以外
㺚,以外
霟,以外
䠡,以外
斨,以外
瀱,以外
㔳,以外
趸,以外
顁,以外
嵃,以外
聑,以外
䕓,以外
黚,以外
叜,以外
蛪,以外
篬,以外
㳮,以外
镳,以外
噵,以外
揼,以外
㺃,以外
瞉,以外
蠌,以外
笖,以外
龙,以外
亣,以外
挦,以外
螩,以外
㦭,以外
皳,以外
謶,以外
黃,以外
㕊,以外
䧍,以外
扐,以外
蛓,以外
㣗,以外
嵚,以外
燝,以外
䕪,以外
㑴,以外
䣷,以外
浺,以外
臽,以外
㴅,以外
岄,以外
䒔,以外
鈛,以外
㞞,以外
䴥,以外
沤,以外
㰯,以外
电,以外
钴,以外
䞾,以外
鵅,以外
㛈,以外
䱏,以外
濎,以外
㽙,以外
廘,以外
韞,以外
䛨,以外
鱯,以外
佹,以外
葿,以外
梍,以外
簚,以外
邝,以外
搪,以外
䄼,以外
斿,以外
楌,以外
䋑,以外
酜,以外
噞,以外
櫡,以外
繮,以外
鋱,以外
埳,以外
晾,以外
宀,以外
焇,以外
㘉,以外
躎,以外
䎐,以外
餗,以外
殠,以外
脧,以外
䘩,以外
㬫,以外
渹,以外
磂,以外
㷄,以外
陉,以外
䭋,以外
惒,以外
獛,以外
裢,以外
魫,以外
塭,以外
䁽,以外
綁,以外
騄,以外
䤎,以外
舔,以外
㠘,以外
咛,以外
焞,以外
趡,以外
粫,以外
䠸,以外
㽂,以外
灈,以外
賋,以外
䏕,以外
佢,以外
毥,以外
㹬,以外
嫯,以外
睲,以外
鏵,以外
䋿,以外
砃,以外
龂,以外
怓,以外
螒,以外
㶖,以外
圝,以外
皜,以外
缭,以外
麬,以外
蚼,以外
㳀,以外
噇,以外
痆,以外
繗,以外
鷖,以外
䳠,以外
藦,以外
啱,以外
蹷,以外
鴀,以外
窅,以外
㞇,以外
蔐,以外
䘒,以外
渢,以外
䞧,以外
匴,以外
澷,以外
筄,以外
韇,以外
㑆,以外
捔,以外
屖,以外
磙,以外
㗛,以外
譤,以外
䑦,以外
惩,以外
汶,以外
䗻,以外
㰁,以外
钆,以外
冈,以外
欏,以外
禘,以外
㪚,以外
錟,以外
䰡,以外
憨,以外
琱,以外
覸,以外
䪺,以外
鱁,以外
奃,以外
狊,以外
葑,以外
䅓,以外
髚,以外
楣,以外
苪,以外
翬,以外
㣮,以外
柼,以外
㪃,以外
圆,以外
谌,以外
编,以外
鮙,以外
䪣,以外
莩,以外
㶭,以外
嘰,以外
犳,以外
輶,以外
繀,以外
髃,以外
晐,以外
㳗,以外
痝,以外
䅪,以外
䳷,以外
楺,以外
藽,以外
㤅,以外
墄,以外
醊,以外
䂔,以外
阛,以外
䤥,以外
梤,以外
㠯,以外
焵,以外
邴,以外
䎾,以外
䡏,以外
㭙,以外
嫘,以外
灟,以外
鏞,以外
䋨,以外
顯,以外
㗲,以外
䭹,以外
櫸,以外
錈,以外
倊,以外
砚,以外
钝,以外
㔜,以外
冟,以外
崬,以外
禯,以外
㚱,以外
蠺,以外
䔼,以外
憿,以外
浌,以外
觏,以外
䛑,以外
镜,以外
满,以外
穮,以外
雱,以外
㝰,以外
甇,以外
誎,以外
䞐,以外
鴗,以外
娙,以外
澠,以外
蔧,以外
䈩,以外
㼫,以外
鞰,以外
㧄,以外
佋,以外
㑝,以外
䧤,以外
齫,以外
屭,以外
燴,以外
蝻,以外
䑽,以外
䆁,以外
妑,以外
䴞,以外
㞥,以外
阤,以外
䂫,以外
覱,以外
琸,以外
墻,以外
柅,以外
䱈,以外
㛏,以外
镎,以外
裛,以外
獢,以外
埥,以外
曯,以外
䭲,以外
㗹,以外
鑸,以外
绿,以外
䐃,以外
贉,以外
犌,以外
尓,以外
䪜,以外
鎢,以外
㨧,以外
䌭,以外
谳,以外
熶,以外
嬽,以外
䧆,以外
鋌,以外
㥑,以外
䉗,以外
譝,以外
烠,以外
婧,以外
㿪,以外
楱,以外
䣰,以外
釶,以外
㡻,以外
薃,以外
戂,以外
䚅,以外
鶓,以外
稒,以外
㼔,以外
掗,以外
鄠,以外
刢,以外
箧,以外
㲩,以外
躵,以外
漴,以外
厷,以外
艂,以外
䝄,以外
驒,以外
彔,以外
菗,以外
恖,以外
䓙,以外
鯧,以外
硦,以外
㵨,以外
懫,以外
轴,以外
㫽,以外
䖘,以外
瀡,以外
㔣,以外
颦,以外
嶨,以外
蜯,以外
䠱,以外
㮼,以外
鼿,以外
敃,以外
跈,以外
絓,以外
㹕,以外
毜,以外
䏬,以外
湵,以外
雺,以外
导,以外
欆,以外
侉,以外
钏,以外
㨐,以外
䌖,以外
蠜,以外
皣,以外
嬦,以外
樰,以外
亳,以外
鞹,以外
㔺,以外
䉀,以外
譆,以外
燍,以外
婐,以外
敚,以外
䧝,以外
㑤,以外
絪,以外
烷,以外
啺,以外
茁,以外
撄,以外
㞎,以外
鬑,以外
粔,以外
薚,以外
鶪,以外
枮,以外
䴵,以外
㚸,以外
騻,以外
羾,以外
瑏,以外
鳔,以外
曘,以外
䱟,以外
镥,以外
绨,以外
蟮,以外
囸,以外
鎋,以外
氊,以外
䐚,以外
涟,以外
鼨,以外
尪,以外
䖯,以外
颽,以外
嶿,以外
㸾,以外
拁,以外
竑,以外
㿓,以外
湞,以外
勡,以外
腬,以外
䙮,以外
濳,以外
饼,以外
萅,以外
䤇,以外
箐,以外
㢒,以外
昙,以外
躞,以外
厠,以外
縩,以外
梲,以外
鄷,以外
嘹,以外
菀,以外
䃂,以外
獋,以外
鯐,以外
壒,以外
虙,以外
䭛,以外
痤,以外
㫦,以外
鹩,以外
硽,以外
㵿,以外
䖁,以外
焎,以外
嶑,以外
䤞,以外
鈤,以外
䒫,以外
趱,以外
瀸,以外
岻,以外
揅,以外
䡈,以外
篕,以外
睢,以外
佲,以外
䀃,以外
褉,以外
皌,以外
堓,以外
漝,以外
鞢,以外
㸧,以外
䜭,以外
蠳,以外
疶,以外
弽,以外
湇,以外
㵑,以外
䙗,以外
轝,以外
幧,以外
㯪,以外
浱,以外
䳰,以外
闶,以外
㱻,以外
䊅,以外
馓,以外
媕,以外
㬔,以外
锠,以外
嘢,以外
羧,以外
㢩,以外
誵,以外
欴,以外
垷,以外
㐶,以外
虂,以外
䍄,以外
㗋,以外
鹒,以外
蟗,以外
摖,以外
䃙,以外
籦,以外
壩,以外
㥨,以外
旫,以外
㻽,以外
榈,以外
阍,以外
蒖,以外
䆘,以外
琡,以外
鲦,以外
䰱,以外
犺,以外
㾼,以外
鬿,以外
慃,以外
览,以外
䫊,以外
㩕,以外
濜,以外
鑡,以外
兣,以外
䟬,以外
橵,以外
㝷,以外
忼,以外
䮉,以外
㸐,以外
䜖,以外
谜,以外
犣,以外
渰,以外
䪳,以外
䙀,以外
幐,以外
鋣,以外
祪,以外
蹰,以外
兺,以外
蜁,以外
嘋,以外
鼑,以外
碔,以外
焥,以外
傤,以外
蘫,以外
馪,以外
掮,以外
䤵,以外
鸻,以外
箾,以外
灏,以外
飔,以外
䡟,以外
㗢,以外
竨,以外
菮,以外
獹,以外
勸,以外
鯾,以外
栊,以外
咍,以外
㔌,以外
䀚,以外
榟,以外
㚡,以外
䆯,以外
鲽,以外
紼,以外
妿,以外
㨾,以外
衊,以外
啌,以外
绑,以外
㯓,以外
觟,以外
橞,以外
囡,以外
㝠,以外
蕬,以外
䉮,以外
鵼,以外
婾,以外
枀,以外
䴇,以外
羐,以外
㲒,以外
頕,以外
戙,以外
稩,以外
沲,以外
锷,以外
䓂,以外
睋,以外
㑍,以外
峒,以外
佛,以外
燤,以外
㻦,以外
摭,以外
賲,以外
䧴,以外
籽,以外
㥿,以外
䦁,以外
芇,以外
紎,以外
䔞,以外
㾥,以外
鸤,以外
䢫,以外
膱,以外
傻,以外
濅,以外
䑈,以外
㻏,以外
鵎,以外
矕,以外
筢,以外
忥,以外
滯,以外
䍲,以外
㷹,以外
盿,以外
䰃,以外
蔉,以外
窌,以外
吓,以外
挝,以外
䊜,以外
鮢,以外
䬭,以外
萳,以外
禶,以外
匽,以外
䇆,以外
髌,以外
䩗,以外
荝,以外
磠,以外
剧,以外
㟪,以外
慱,以外
䃰,以外
駶,以外
趃,以外
樂,以外
亅,以外
爒,以外
嚕,以外
㜔,以外
殗,以外
餠,以外
娢,以外
玧,以外
㒩,以外
蚵,以外
宷,以外
㠶,以外
詂,以外
佄,以外
擉,以外
㧋,以外
鉒,以外
坔,以外
诗,以外
桖,以外
䳙,以外
鏧,以外
灦,以外
㕨,以外
槫,以外
塶,以外
斈,以外
騍,以外
䶘,以外
砡,以外
㴣,以外
䀱,以外
纺,以外
霿,以外
浃,以外
藈,以外
䛊,以外
畓,以外
㙕,以外
揜,以外
顡,以外
嵣,以外
䯬,以外
晵,以外
㭷,以外
黺,以外
叼,以外
挆,以外
䞉,以外
鲏,以外
䬖,以外
纣,以外
匦,以外
戰,以外
䚳,以外
㴺,以外
䩀,以外
荆,以外
种,以外
剐,以外
䇝,以外
黣,以外
㱤,以外
艰,以外
磷,以外
嵺,以外
沄,以外
娋,以外
㾎,以外
錑,以外
璔,以外
趚,以外
紥,以外
岤,以外
訫,以外
閪,以外
澮,以外
䔵,以外
㺸,以外
鈻,以外
瞾,以外
籏,以外
忎,以外
铔,以外
滘,以外
䑟,以外
㧢,以外
鵥,以外
盨,以外
迮,以外
韾,以外
鮋,以外
搊,以外
墍,以外
㤌,以外
輘,以外
䰚,以外
㪡,以外
霨,以外
吪,以外
袭,以外
椬,以外
䶯,以外
邽,以外
喿,以外
㘾,以外
葊,以外
奌,以外
狑,以外
㟓,以外
藟,以外
㭠,以外
襬,以外
乮,以外
酼,以外
噾,以外
谅,以外
䄇,以外
玐,以外
鐕,以外
蚞,以外
宠,以外
瘩,以外
餷,以外
帹,以外
诀,以外
䣂,以外
㡍,以外
僒,以外
䍛,以外
险,以外
桭,以外
胲,以外
䗴,以外
㕿,以外
䶁,以外
蚇,以外
喑,以外
撛,以外
䄞,以外
㮥,以外
騤,以外
䲫,以外
薱,以外
砸,以外
咻,以外
䁈,以外
㫏,以外
饎,以外
珕,以外
蓛,以外
罢,以外
櫯,以外
䝲,以外
㧹,以外
顸,以外
狿,以外
䠃,以外
脉,以外
續,以外
倓,以外
䚜,以外
龢,以外
㘧,以外
伭,以外
綶,以外
圽,以外
晇,以外
䗆,以外
㕑,以外
蝝,以外
噧,以外
敱,以外
䓰,以外
鷶,以外
㑻,以外
渂,以外
䪅,以外
醓,以外
瘒,以外
劕,以外
鴠,以外
帢,以外
瞧,以外
芵,以外
挴,以外
德,以外
㰶,以外
䭄,以外
惉,以外
㷋,以外
陒,以外
迗,以外
汖,以外
䣙,以外
韧,以外
瑦,以外
僩,以外
荴,以外
痻,以外
㛽,以外
憈,以外
鸍,以外
嬏,以外
貖,以外
䦘,以外
㤣,以外
钦,以外
冨,以外
謯,以外
䐱,以外
㞼,以外
錿,以外
楃,以外
臈,以外
䋊,以外
煓,以外
柜,以外
鱡,以外
奣,以外
俬,以外
扵,以外
㽷,以外
髺,以外
朆,以外
䎉,以外
颏,以外
㘐,以外
伖,以外
萜,以外
窣,以外
昰,以外
䊳,以外
㤺,以外
乀,以外
蝆,以外
緍,以外
噐,以外
䗝,以外
㡤,以外
煪,以外
虰,以外
糷,以外
奺,以外
輁,以外
梄,以外
帋,以外
㮎,以外
炔,以外
礥,以外
墤,以外
踫,以外
殮,以外
䄵,以外
㪸,以外
玾,以外
硏,以外
寎,以外
郔,以外
櫘,以外
䁟,以外
㷢,以外
饥,以外
狨,以外
诮,以外
筹,以外
嫸,以外
鏾,以外
龋,以外
怊,以外
岍,以外
㴌,以外
謘,以外
䠚,以外
憟,以外
㺡,以外
貭,以外
洬,以外
䦯,以外
钽,以外
甼,以外
冿,以外
滁,以外
监,以外
臟,以外
㽠,以外
赬,以外
䩮,以外
揳,以外
镼,以外
剾,以外
澀,以外
䔇,以外
瞐,以外
㒒,以外
芞,以外
徠,以外
爩,以外
鴷,以外
娹,以外
迀,以外
䳂,以外
罋,以外
㱍,以外
韐,以外
哒,以外
詙,以外
䝛,以外
㛦,以外
鉩,以外
汭,以外
蓲,以外
䇴,以外
瑽,以外
冁,以外
骇,以外
㰈,以外
攎,以外
䦑,以外
碛,以外
崞,以外
蘤,以外
傫,以外
馱,以外
㬲,以外
搸,以外
䢻,以外
矅,以外
濕,以外
㩜,以外
换,以外
䟥,以外
盯,以外
孲,以外
葸,以外
滿,以外
㦆,以外
抌,以外
䰓,以外
笝,以外
媜,以外
匭,以外
㢰,以外
鰳,以外
䬽,以外
穇,以外
苌,以外
剗,以外
㟚,以外
魝,以外
惠,以外
䩧,以外
祱,以外
臶,以外
爂,以外
嚅,以外
㜄,以外
趓,以外
玗,以外
㒙,以外
脠,以外
䈢,以外
殧,以外
麵,以外
缴,以外
䎷,以外
鉂,以外
坄,以外
糉,以外
佔,以外
灖,以外
哙,以外
㕘,以外
诧,以外
桦,以外
䳩,以外
燫,以外
齴,以外
䁶,以外
綈,以外
㺊,以外
舍,以外
䜏,以外
邖,以外
袦,以外
䶨,以外
霯,以外
暺,以外
畃,以外
㙅,以外
鷈,以外
浓,以外
篜,以外
㳞,以外
䕣,以外
繵,以外
蛺,以外
䯼,以外
徉,以外
蒏,以外
㦝,以外
頜,以外
暣,以外
䬦,以外
稰,以外
庳,以外
螹,以外
剀,以外
㣇,以外
魆,以外
䩐,以外
姝,以外
蛣,以外
㯱,以外
驰,以外
䕺,以外
錁,以外
璄,以外
䈋,以外
謑,以外
沔,以外
閚,以外
㰟,以外
攥,以外
䒤,以外
鈫,以外
趪,以外
瞮,以外
崵,以外
澾,以外
铄,以外
㽉,以外
摏,以外
䟎,以外
賔,以外
盘,以外
屟,以外
蕥,以外
滨,以外
㹳,以外
杹,以外
䛸,以外
迾,以外
莋,以外
簊,以外
䂍,以外
霘,以外
吚,以外
輨,以外
䰪,以外
邭,以外
焬,以外
喯,以外
㘮,以外
袽,以外
椼,以外
狁,以外
㟃,以外
鱊,以外
䅌,以外
櫑,以外
鷟,以外
䋡,以外
噮,以外
㳵,以外
襼,以外
玀,以外
鐅,以外
备,以外
殐,以外
谕,以外
瘙,以外
㬛,以外
麞,以外
䎠,以外
碲,以外
㶴,以外
脷,以外
䘹,以外
鏀,以外
捋,以外
诐,以外
䣒,以外
陙,以外
旤,以外
蹩,以外
灭,以外
㕯,以外
桽,以外
喁,以外
麇,以外
㠈,以外
䶑,以外
夞,以外
舤,以外
鶱,以外
㼲,以外
怸,以外
䲻,以外
珅,以外
塈,以外
毕,以外
鳛,以外
㹜,以外
䏥,以外
狯,以外
彲,以外
聸,以外
櫿,以外
倃,以外
㶆,以外
暌,以外
䠓,以外
㘗,以外
缝,以外
螢,以外
㲰,以外
頳,以外
斶,以外
㕁,以外
繇,以外
巆,以外
蛌,以外
噗,以外
齝,以外
乧,以外
㑫,以外
藶,以外
醃,以外
瘂,以外
劅,以外
渒,以外
䪕,以外
瞗,以外
蔠,以外
䘢,以外
澧,以外
骵,以外
笴,以外
䞷,以外
卄,以外
磉,以外
蹒,以外
䭔,以外
韗,以外
瑖,以外
僙,以外
迧,以外
汦,以外
䣩,以外
痫,以外
㛭,以外
䑶,以外
禈,以外
㪊,以外
蘍,以外
䌏,以外
钖,以外
冘,以外
搡,以外
貦,以外
䦨,以外
㞬,以外
抺,以外
謿,以外
煃,以外
嫊,以外
翜,以外
㣞,以外
䅣,以外
埬,以外
穵,以外
俼,以外
㘀,以外
缆,以外
肏,以外
圖,以外
㶝,以外
鰜,以外
抣,以外
伦,以外
縰,以外
媳,以外
莹,以外
噀,以外
㳇,以外
齆,以外
旍,以外
乐,以外
煚,以外
楪,以外
㿱,以外
鹰,以外
擷,以外
䅺,以外
霁,以外
炄,以外
䘋,以外
輑,以外
醚,以外
㠟,以外
愥,以外
䂤,以外
阫,以外
玮,以外
夵,以外
踻,以外
殾,以外
郄,以外
㭉,以外
恏,以外
䏎,以外
狘,以外
塟,以外
鏮,以外
㩳,以外
捹,以外
䋸,以外
课,以外
螋,以外
砊,以外
䒍,以外
禟,以外
䠪,以外
钭,以外
甬,以外
冯,以外
洼,以外
䦿,以外
盁,以外
顊,以外
䕌,以外
穞,以外
䛡,以外
镬,以外
剮,以外
㣵,以外
赼,以外
䩾,以外
瞀,以外
㒂,以外
澐,以外
爙,以外
㼛,以外
骞,以外
䞠,以外
㦴,以外
蔷,以外
䈹,以外
韀,以外
杋,以外
运,以外
䳒,以外
㛖,以外
鉙,以外
彛,以外
懤,以外
瑭,以外
鳲,以外
姴,以外
銇,以外
㐈,以外
洎,以外
䆑,以外
炛,以外
唞,以外
踤,以外
墫,以外
醱,以外
䂻,以外
赎,以外
柕,以外
绯,以外
卲,以外
豸,以外
尃,以外
锉,以外
檌,以外
䐓,以外
㨗,以外
劜,以外
订,以外
嬭,以外
鐳,以外
榶,以外
䌽,以外
㥁,以外
婗,以外
㿚,以外
鍝,以外
䉧,以外
㡫,以外
煱,以外
僰,以外
觶,以外
鶃,以外
稂,以外
庅,以外
㼄,以外
薓,以外
䚕,以外
㲙,以外
褠,以外
䨢,以外
隵,以外
眴,以外
䮷,以外
彄,以外
瓉,以外
艒,以外
䝔,以外
鯗,以外
硖,以外
㵘,以外
菧,以外
恦,以外
䓩,以外
秫,以外
㫭,以外
䡶,以外
懻,以外
疈,以外
㚊,以外
訍,以外
颖,以外
嶘,以外
肦,以外
䖨,以外
㮬,以外
鼯,以外
倱,以外
㹅,以外
闈,以外
囊,以外
敓,以外
珜,以外
㓞,以外
䵣,以外
寬,以外
癵,以外
軺,以外
䏼,以外
㨀,以外
猆,以外
垉,以外
貏,以外
逜,以外
溣,以外
䌦,以外
嚳,以外
边,以外
鍆,以外
䉐,以外
絚,以外
軣,以外
敪,以外
鉰,以外
棷,以外
䵺,以外
鬁,以外
粄,以外
䨋,以外
茑,以外
撔,以外
㐟,以外
䲤,以外
羮,以外
唵,以外
舻,以外
枾,以外
鳄,以外
㝉,以外
汏,以外
蓔,以外
绘,以外
赥,以外
曨,以外
㙳,以外
潹,以外
仸,以外
讋,以外
琊,以外
䢍,以外
鼘,以外
疟,以外
蜨,以外
䐪,以外
颭,以外
嶯,以外
㸮,以外
肽,以外
愼,以外
䖿,以外
竁,以外
㿃,以外
鑊,以外
䥌,以外
闟,以外
癞,以外
䫡,以外
饬,以外
幮,以外
㓵,以外
腼,以外
䙾,以外
简,以外
㢂,以外
鰅,以外
儇,以外
掐,以外
萕,以外
縙,以外
隞,以外
䮠,以外
昩,以外
炲,以外
㖴,以外
褷,以外
壂,以外
歋,以外
菐,以外
䃒,以外
㫖,以外
鹙,以外
卛,以外
虩,以外
硭,以外
㵯,以外
郲,以外
嗴,以外
恽,以外
嶁,以外
隇,以外
䖑,以外
璛,以外
儞,以外
訤,以外
閱,以外
㜲,以外
䒻,以外
篅,以外
襎,以外
揕,以外
铛,以外
㙜,以外
潢,以外
䯥,以外
坲,以外
衸,以外
堃,以外
㖆,以外
鄉,以外
䀓,以外
㸗,以外
眝,以外
嚜,以外
辢,以外
㒰,以外
逳,以外
涶,以外
䜽,以外
㵁,以外
嗆,以外
㯚,以外
靝,以外
泠,以外
䙧,以外
㱫,以外
畱,以外
哰,以外
跶,以外
馃,以外
縂,以外
媅,以外
㬄,以外
膓,以外
昒,以外
䊕,以外
羗,以外
㢙,以外
贠,以外
丢,以外
枧,以外
銵,以外
侷,以外
鹂,以外
孄,以外
烉,以外
虒,以外
䍔,以外
㥘,以外
蟧,以外
摦,以外
䃩,以外
緫,以外
㻭,以外
鍴,以外
䱶,以外
踍,以外
䬏,以外
鲖,以外
妘,以外
氡,以外
蒦,以外
䆨,以外
㾬,以外
吱,以外
檺,以外
茿,以外
祃,以外
㩅,以外
勊,以外
䥣,以外
忬,以外
牵,以外
䟼,以外
㸀,以外
眆,以外
厉,以外
袏,以外
㖝,以外
鐜,以外
䜦,以外
劳,以外
讹,以外
㓇,以外
淍,以外
䙐,以外
嗝,以外
諣,以外
慪,以外
㟱,以外
泷,以外
䥺,以外
鼁,以外
碄,以外
馚,以外
椥,以外
䢤,以外
鸫,以外
膪,以外
箮,以外
儵,以外
蘻,以外
桏,以外
䯎,以外
胔,以外
竘,以外
偟,以外
襥,以外
拨,以外
鯮,以外
歹,以外
䫸,以外
菾,以外
辋,以外
瀊,以外
䲍,以外
堚,以外
䀪,以外
鲭,以外
妯,以外
㨮,以外
蒽,以外
攼,以外
䆿,以外
绁,以外
㯃,以外
䵌,以外
曑,以外
釟,以外
牞,以外
仡,以外
婮,以外
珳,以外
蕼,以外
䉾,以外
羀,以外
㲂,以外
稙,以外
㜛,以外
銞,以外
戩,以外
璲,以外
贷,以外
䨹,以外
峂,以外
潋,以外
蟐,以外
䓒,以外
㻖,以外
驙,以外
坛,以外
槤,以外
艩,以外
籭,以外
㥯,以外
铲,以外
凴,以外
摽,以外
䰈,以外
炋,以外
㦑,以外
芗,以外
搘,以外
垥,以外
骧,以外
簨,以外
䬲,以外
澵,以外
㢻,以外
臁,以外
捂,以外
囏,以外
䩜,以外
滟,以外
赞,以外
㟥,以外
胫,以外
扬,以外
嗹,以外
飻,以外
穼,以外
䦆,以外
貈,以外
猍,以外
㰓,以外
䈗,以外
蔙,以外
娧,以外
鴩,以外
䢰,以外
讲,以外
爷,以外
㬽,以外
䅁,以外
惀,以外
葃,以外
鱓,以外
䟚,以外
煡,以外
㩧,以外
䁫,以外
忪,以外
荭,以外
塻,以外
矺,以外
魽,以外
䜄,以外
殇,以外
鐎,以外
㺕,以外
䒙,以外
眤,以外
褰,以外
璹,以外
蛅,以外
黕,以外
㽔,以外
䕘,以外
槛,以外
㳩,以外
嵨,以外
䋭,以外
鏷,以外
嫽,以外
态,以外
螄,以外
亊,以外
㜏,以外
砑,以外
龔,以外
暚,以外
唣,以外
㶨,以外
纪,以外
䎬,以外
洳,以外
邶,以外
宼,以外
䙅,以外
珌,以外
靏,以外
藘,以外
䳞,以外
㕣,以外
癥,以外
鷨,以外
擮,以外
衱,以外
卷,以外
㯼,以外
䈀,以外
暃,以外
娐,以外
䦝,以外
貟,以外
爠,以外
㬦,以外
憭,以外
耬,以外
唺,以外
䣇,以外
迉,以外
浊,以外
㩐,以外
惗,以外
荖,以外
呤,以外
魦,以外
䯱,以外
軳,以外
汴,以外
㕺,以外
芀,以外
垎,以外
骐,以外
䰟,以外
澞,以外
錡,以外
㒤,以外
搯,以外
嚸,以外
閺,以外
佉,以外
滈,以外
㟎,以外
凢,以外
铤,以外
赵,以外
㛸,以外
訆,以外
儌,以外
讛,以外
务,以外
㰪,以外
䘮,以外
檱,以外
㶿,以外
帾,以外
䟃,以外
郍,以外
癎,以外
忓,以外
葚,以外
鱪,以外
藯,以外
歰,以外
䳵,以外
鷿,以外
㹾,以外
䂂,以外
醌,以外
墒,以外
䬛,以外
炢,以外
鐥,以外
蚮,以外
䶴,以外
㘹,以外
笻,以外
襇,以外
偍,以外
㣒,以外
緔,以外
䋖,以外
鏠,以外
䕯,以外
狶,以外
陹,以外
嵿,以外
䠈,以外
謊,以外
㶑,以外
蚗,以外
怘,以外
麧,以外
砨,以外
伲,以外
㲻,以外
杂,以外
勏,以外
鷑,以外
罒,以外
乜,以外
蓫,以外
晬,以外
鳻,以外
繼,以外
䶆,以外
眍,以外
㠓,以外
䘗,以外
斖,以外
脙,以外
帧,以外
綦,以外
餩,以外
䲰,以外
瘷,以外
㼽,以外
䕁,以外
擀,以外
聃,以外
嵑,以外
糐,以外
顓,以外
䏚,以外
軜,以外
畡,以外
㹧,以外
䑫,以外
寪,以外
蝭,以外
屻,以外
珺,以外
齽,以外
䌄,以外
澇,以外
㪕,以外
嬔,以外
䂙,以外
醣,以外
㘢,以外
猤,以外
墩,以外
贰,以外
㞷,以外
汆,以外
嗋,以外
髕,以外
㭔,以外
䅘,以外
淛,以外
㣩,以外
䛭,以外
韷,以外
㑶,以外
煸,以外
廽,以外
搁,以外
莄,以外
䪊,以外
鮔,以外
抚,以外
儣,以外
㦨,以外
䞬,以外
椳,以外
钶,以外
䉅,以外
矌,以外
鍏,以外
婕,以外
䣞,以外
牥,以外
駨,以外
惮,以外
豱,以外
坷,以外
㿼,以外
磾,以外
䘀,以外
蔂,以外
帐,以外
䶝,以外
袟,以外
㼦,以外
萬,以外
鰼,以外
䳇,以外
诉,以外
㹐,以外
擗,以外
蝖,以外
偤,以外
俱,以外
蚀,以外
愅,以外
㘋,以外
厎,以外
麐,以外
礕,以外
䠟,以外
霡,以外
劸,以外
䭉,以外
櫈,以外
捙,以外
嗢,以外
筩,以外
䩳,以外
淲,以外
襵,以外
踆,以外
㒍,以外
唌,以外
洜,以外
嚡,以外
㠪,以外
䈮,以外
溱,以外
錸,以外
㦿,以外
娾,以外
䏃,以外
铍,以外
㕌,以外
牎,以外
㛡,以外
坠,以外
珣,以外
顪,以外
臯,以外
䣵,以外
㩾,以外
䒂,以外
樉,以外
閌,以外
岒,以外
伛,以外
㞠,以外
逥,以外
芮,以外
䦴,以外
缻,以外
骾,以外
懄,以外
赇,以外
呍,以外
㳒,以外
秔,以外
䛖,以外
韠,以外
廦,以外
䅯,以外
盶,以外
鉹,以外
奿,以外
䐈,以外
碋,以外
誗,以外
氘,以外
徥,以外
銧,以外
琨,以外
䌲,以外
枵,以外
蘴,以外
见,以外
歂,以外
獒,以外
䉜,以外
曟,以外
蕞,以外
㿥,以外
裫,以外
橬,以外
巹,以外
郻,以外
牼,以外
䆆,以外
蒈,以外
笍,以外
㐓,以外
䨗,以外
榖,以外
贙,以外
刧,以外
熦,以外
锩,以外
䂰,以外
莲,以外
䥁,以外
检,以外
豃,以外
兑,以外
烐,以外
祡,以外
䡫,以外
埪,以外
譭,以外
偻,以外
翺,以外
鍽,以外
伄,以外
掇,以外
鰎,以外
㚕,以外
圔,以外
䲙,以外
鶣,以外
㨢,以外
缤,以外
咩,以外
脰,以外
㮷,以外
堶,以外
粹,以外
軅,以外
恆,以外
㝔,以外
䵘,以外
懛,以外
㓩,以外
啨,以外
䫭,以外
鯷,以外
㡶,以外
絸,以外
勽,以外
栁,以外
辄,以外
䚊,以外
㼏,以外
鞔,以外
溚,以外
舝,以外
崣,以外
㖨,以外
皪,以外
䮬,以外
攳,以外
厼,以外
噕,以外
跘,以外
䓞,以外
㵣,以外
繥,以外
门,以外
泮,以外
聱,以外
孷,以外
瓾,以外
䨀,以外
溃,以外
刐,以外
䆝,以外
榭,以外
蠬,以外
崺,以外
熽,以外
䃇,以外
蟉,以外
敊,以外
烧,以外
鍦,以外
䏱,以外
蛳,以外
摴,以外
㵺,以外
誀,以外
洅,以外
㨋,以外
徎,以外
銐,以外
䐟,以外
枞,以外
鬡,以外
㲤,以外
氯,以外
琿,以外
䝉,以外
曈,以外
驋,以外
㿎,以外
潙,以外
姢,以外
鳤,以外
睩,以外
䙳,以外
蕵,以外
㻸,以外
舆,以外
㢍,以外
夌,以外
莛,以外
愜,以外
媡,以外
㐪,以外
丮,以外
鼸,以外
㖿,以外
嘾,以外
飍,以外
㥌,以外
繎,以外
埓,以外
㫡,以外
孠,以外
翣,以外
捰,以外
䓵,以外
闿,以外
㙾,以外
䢂,以外
昉,以外
馌,以外
傒,以外
䌛,以外
㮠,以外
碢,以外
欫,以外
躮,以外
䖴,以外
㸹,以外
猻,以外
难,以外
淄,以外
腇,以外
塍,以外
䫖,以外
恝,以外
鯠,以外
䵯,以外
啿,以外
䀈,以外
茊,以外
㖑,以外
躗,以外
栘,以外
瀨,以外
䜲,以外
掵,以外
舴,以外
㒻,以外
跁,以外
潂,以外
嫏,以外
闑,以外
睒,以外
䙜,以外
拟,以外
腞,以外
㯥,以外
賫,以外
湬,以外
姹,以外
铻,以外
發,以外
䖆,以外
肈,以外
缍,以外
涖,以外
褙,以外
嘧,以外
疦,以外
鄩,以外
䒰,以外
螲,以外
㜽,以外
䵁,以外
泀,以外
衃,以外
啑,以外
瓐,以外
䯚,以外
蛜,以外
㙧,以外
䱫,以外
轭,以外
篺,以外
靽,以外
䬄,以外
頎,以外
匔,以外
䢙,以外
馣,以外
㸢,以外
笤,以外
傩,以外
蔰,以外
㾷,以外
尶,以外
碹,以外
諅,以外
摆,以外
巋,以外
鋕,以外
䥘,以外
鹢,以外
㱶,以外
祸,以外
氁,以外
讄,以外
䊊,以外
㬏,以外
琑,以外
檚,以外
蘝,以外
夣,以外
犪,以外
侬,以外
愳,以外
鲶,以外
垼,以外
䩅,以外
剕,以外
觘,以外
䃞,以外
㥣,以外
穥,以外
釨,以外
㟼,以外
烾,以外
檃,以外
贂,以外
嘐,以外
犓,以外
锒,以外
䖝,以外
肟,以外
縠,以外
㜦,以外
涭,以外
谬,以外
夺,以外
鐼,以外
䓇,以外
菉,以外
㙐,以外
轖,以外
塤,以外
䟱,以外
恴,以外
㥺,以外
躀,以外
㸋,以外
宎,以外
隐,以外
焕,以外
䀟,以外
掞,以外
鼡,以外
㢤,以外
栯,以外
媸,以外
馺,以外
瀿,以外
䍉,以外
鹋,以外
㯎,以外
巢,以外
飤,以外
獩,以外
䉳,以外
旲,以外
腵,以外
㫸,以外
㲍,以外
崌,以外
螛,以外
攜,以外
庡,以外
䨮,以外
暱,以外
鬸,以外
刾,以外
䯃,以外
鳍,以外
㵌,以外
叓,以外
衚,以外
㻡,以外
彠,以外
篣,以外
遪,以外
觯,以外
杰,以外
䃵,以外
䲂,以外
鶌,以外
䜛,以外
㾠,以外
頥,以外
誮,以外
䆴,以外
㨹,以外
眻,以外
銾,以外
槄,以外
蕇,以外
㓒,以外
摝,以外
囦,以外
䥯,以外
绶,以外
驹,以外
兿,以外
專,以外
鼊,以外
銗,以外
琘,以外
㴞,以外
䞥,以外
誧,以外
氨,以外
羵,以外
鸴,以外
獂,以外
㱈,以外
䛏,以外
觑,以外
歒,以外
婜,以外
统,以外
郫,以外
牬,以外
㭲,以外
䗹,以外
裻,以外
橼,以外
㐃,以外
妆,以外
鲈,以外
挍,以外
熖,以外
错,以外
㪜,以外
䨧,以外
榦,以外
贩,以外
墰,以外
鮲,以外
户,以外
烀,以外
鑃,以外
㧆,以外
䥑,以外
棐,以外
豓,以外
埚,以外
髜,以外
慡,以外
偫,以外
俪,以外
鍭,以外
㣰,以外
䡻,以外
柺,以外
譽,以外
㚅,以外
伔,以外
咙,以外
薣,以外
朤,以外
䲩,以外
餰,以外
䀶,以外
㝄,以外
硆,以外
䇋,以外
軕,以外
㓙,以外
啘,以外
秛,以外
䵨,以外
勭,以外
菷,以外
數,以外
䫽,以外
树,以外
辔,以外
㖘,以外
騝,以外
䔣,以外
溪,以外
厬,以外
㠱,以外
肶,以外
䮼,以外
噅,以外
㻊,以外
揌,以外
蝏,以外
乕,以外
峞,以外
晥,以外
䍷,以外
泾,以外
皃,以外
㾉,以外
䨐,以外
溓,以外
鲟,以外
戠,以外
熭,以外
逬,以外
㺳,以外
䔺,以外
榽,以外
蠼,以外
鿉,以外
絊,以外
烗,以外
鍖,以外
㧝,以外
䑤,以外
棧,以外
寱,以外
黳,以外
籴,以外
䞎,以外
誐,以外
洕,以外
尟,以外
茡,以外
琯,以外
㴵,以外
䚸,以外
氿,以外
彉,以外
终,以外
艋,以外
睙,以外
㱟,以外
䇢,以外
蓤,以外
潩,以外
秲,以外
鵵,以外
騆,以外
䄌,以外
斏,以外
鮛,以外
㐚,以外
礜,以外
䊡,以外
㖯,以外
嘮,以外
窱,以外
蜸,以外
举,以外
胍,以外
晎,以外
俓,以外
䍠,以外
柣,以外
闯,以外
㙮,以外
峵,以外
傂,以外
㤇,以外
膌,以外
䢒,以外
嬛,以外
悢,以外
营,以外
隮,以外
嶴,以外
欻,以外
痄,以外
饇,以外
䁍,以外
淔,以外
勖,以外
㭛,以外
䫦,以外
啯,以外
㷴,以外
䵿,以外
㖁,以外
堈,以外
撋,以外
鬊,以外
瀘,以外
㤞,以外
䎥,以外
躧,以外
栨,以外
㒫,以外
弲,以外
箵,以外
騴,以外
闁,以外
睂,以外
㡈,以外
䋏,以外
跑,以外
潒,以外
幜,以外
饞,以外
铫,以外
㽲,以外
䇹,以外
湼,以外
嶆,以外
颈,以外
疖,以外
㺜,以外
丧,以外
润,以外
褩,以外
㜭,以外
岰,以外
龲,以外
昷,以外
啁,以外
瓀,以外
遃,以外
㷆,以外
䵑,以外
泐,以外
㙗,以外
叚,以外
敡,以外
呫,以外
䯪,以外
㳰,以外
䱻,以外
载,以外
匄,以外
耎,以外
䬔,以外
挤,以外
䢩,以外
鴰,以外
䐶,以外
悹,以外
鋅,以外
籆,以外
䗋,以外
諕,以外
兘,以外
緛,以外
虢,以外
䥨,以外
园,以外
慸,以外
份,以外
琁,以外
鎄,以外
媊,以外
讔,以外
犚,以外
鸝,以外
䄣,以外
垬,以外
㰱,以外
礳,以外
蒶,以外
侼,以外
剅,以外
㫊,以外
柌,以外
䩕,以外
壞,以外
扥,以外
觨,以外
㟬,以外
烮,以外
鱱,以外
䝷,以外
棾,以外
嘀,以外
犃,以外
锂,以外
㮉,以外
檓,以外
贒,以外
㜖,以外
颟,以外
疭,以外
鐬,以外
㪳,以外
䄺,以外
涽,以外
谼,以外
㙀,以外
峇,以外
祊,以外
瓗,以外
㷝,以外
䁤,以外
泧,以外
车,以外
髳,以外
硴,以外
隀,以外
焅,以外
䎎,以外
躐,以外
椕,以外
堟,以外
箞,以外
蜡,以外
瀯,以外
㤵,以外
䊸,以外
栿,以外
孉,以外
虋,以外
獙,以外
㡟,以外
䗢,以外
婳,以外
饵,以外
鸆,以外
䔌,以外
憏,以外
龛,以外
䚡,以外
纱,以外
䨾,以外
參,以外
䯓,以外
遚,以外
䝠,以外
衪,以外
釯,以外
壵,以外
觿,以外
咂,以外
㴇,以外
稉,以外
薌,以外
䲒,以外
撢,以外
耥,以外
眫,以外
銮,以外
妴,以外
漻,以外
誾,以外
㓂,以外
燄,以外
鵇,以外
䑍,以外
槔,以外
囖,以外
㽛,以外
籝,以外
仦,以外
兯,以外
㧴,以外
曶,以外
艹,以外
䥿,以外
㦁,以外
梋,以外
骗,以外
簘,以外
㔞,以外
侥,以外
芧,以外
㢫,以外
匲,以外
瞵,以外
阴,以外
筂,以外
㑈,以外
捒,以外
剜,以外
镞,以外
穬,以外
胻,以外
㰃,以外
针,以外
欍,以外
娗,以外
禖,以外
鴙,以外
䈧,以外
憦,以外
蔩,以外
㬭,以外
傰,以外
鎲,以外
樷,以外
奁,以外
磀,以外
鱃,以外
䅑,以外
惐,以外
葓,以外
㩗,以外
忚,以外
鋜,以外
䟪,以外
魭,以外
䁻,以外
荽,以外
㺅,以外
谎,以外
䜔,以外
岙,以外
漤,以外
䒩,以外
鄰,以外
䠶,以外
黅,以外
㽄,以外
灆,以外
䧋,以外
蛕,以外
㳙,以外
嵘,以外
燛,以外
䕨,以外
嫭,以外
请,以外
䋽,以外
码,以外
龄,以外
怑,以外
螔,以外
㶘,以外
纚,以外
鈝,以外
䴣,以外
暪,以外
宬,以外
袶,以外
䎼,以外
㛊,以外
毌,以外
轏,以外
䙕,以外
鷘,以外
哞,以外
湥,以外
藨,以外
㯬,以外
糮,以外
遱,以外
䭷,以外
娀,以外
餂,以外
㞉,以外
䈐,以外
暓,以外
脒,以外
㬖,以外
冝,以外
钟,以外
樠,以外
禭,以外
㚳,以外
䴺,以外
憽,以外
耼,以外
㩀,以外
僇,以外
韉,以外
畊,以外
磗,以外
魖,以外
䱤,以外
荦,以外
雳,以外
瑴,以外
骀,以外
侎,以外
芐,以外
攕,以外
簯,以外
㔵,以外
亸,以外
搿,以外
坉,以外
詋,以外
罙,以外
㑟,以外
䧢,以外
杩,以外
噳,以外
燲,以外
镵,以外
鈆,以外
䤌,以外
涏,以外
鎛,以外
㰚,以外
䪡,以外
㶯,以外
帮,以外
犱,以外
䘾,以外
裍,以外
䟓,以外
䭠,以外
濣,以外
葪,以外
㹮,以外
哵,以外
藿,以外
墂,以外
覌,以外
䂒,以外
匛,以外
谥,以外
笫,以外
麮,以外
喴,以外
挻,以外
蚾,以外
㣂,以外
緄,以外
酇,以外
䡍,以外
旔,以外
灝,以外
诠,以外
䋦,以外
㗴,以外
櫶,以外
蹹,以外
䕿,以外
㶁,以外
倈,以外
沋,以外
錊,以外
砘,以外
䮥,以外
蚧,以外
㲫,以外
圲,以外
玵,以外
罂,以外
䫏,以外
藑,以外
杒,以外
噜,以外
狟,以外
酞,以外
鳫,以外
繬,以外
㝲,以外
䧹,以外
蓻,以外
晼,以外
㠃,以外
喆,以外
邈,以外
漍,以外
帗,以外
綖,以外
餙,以外
㚜,以外
䘧,以外
斦,以外
㼭,以外
咰,以外
鞲,以外
渷,以外
嵁,以外
顃,以外
㗆,以外
䕑,以外
擐,以外
聓,以外
㹗,以外
寚,以外
浡,以外
屫,以外
䏪,以外
齭,以外
㓰,以外
䑻,以外
毺,以外
蝽,以外
㪅,以外
嬄,以外
瞇,以外
䌔,以外
墙,以外
覣,以外
欤,以外
䂩,以外
锰,以外
䰶,以外
梹,以外
髅,以外
㭄,以外
瑆,以外
苕,以外
㣙,以外
蹢,以外
䅨,以外
廭,以外
䛽,以外
簁,以外
鮄,以外
劊,以外
搑,以外
莔,以外
㦘,以外
窚,以外
阝,以外
䤣,以外
抪,以外
徬,以外
㐱,以外
焳,以外
䞼,以外
婅,以外
濌,以外
䉕,以外
僞,以外
橥,以外
㿬,以外
磮,以外
鑱,以外
佷,以外
惾,以外
帀,以外
鴂,以外
䘐,以外
蔒,以外
㼖,以外
邟,以外
鰬,以外
䤺,以外
㹀,以外
鏉,以外
煊,以外
糗,以外
齖,以外
㗝,以外
䡤,以外
擧,以外
埱,以外
灴,以外
麀,以外
礅,以外
䮎,以外
蚐,以外
玞,以外
輡,以外
砯,以外
䪸,以外
覺,以外
怿,以外
狈,以外
蹋,以外
筙,以外
裤,以外
阆,以外
䴌,以外
榏,以外
鞛,以外
㠚,以外
㦯,以外
娮,以外
皱,以外
謸,以外
䈾,以外
寃,以外
賍,以外
橎,以外
䏓,以外
顚,以外
你,以外
毣,以外
聪,以外
駯,以外
㩮,以外
睰,以外
臿,以外
岂,以外
㔇,以外
爉,以外
趌,以外
䒒,以外
圛,以外
蠥,以外
缫,以外
骮,以外
朻,以外
芾,以外
㳂,以外
秄,以外
镇,以外
䱍,以外
懔,以外
㝛,以外
瑝,以外
迠,以外
䛦,以外
奯,以外
滶,以外
詹,以外
䅿,以外
傋,以外
鎍,以外
㔎,以外
䐘,以外
鼪,以外
㐸,以外
䍂,以外
虄,以外
盏,以外
孒,以外
㿕,以外
鹔,以外
橜,以外
釡,以外
䉬,以外
蕮,以外
痹,以外
婼,以外
㻿,以外
鵾,以外
榆,以外
阏,以外
戗,以外
䆖,以外
蒘,以外
稧,以外
妦,以外
鲨,以外
锹,以外
慁,以外
䃀,以外
菂,以外
祑,以外
壐,以外
兡,以外
鑣,以外
翪,以外
苬,以外
硻,以外
髼,以外
肁,以外
朄,以外
䮇,以外
频,以外
㨒,以外
缔,以外
撙,以外
谞,以外
圤,以外
㮧,以外
粩,以外
瀶,以外
咹,以外
腀,以外
䡆,以外
燋,以外
敘,以外
䧛,以外
雥,以外
㡦,以外
啸,以外
㧻,以外
竽,以外
䀁,以外
鄋,以外
溊,以外
堑,以外
䚚,以外
鞤,以外
庪,以外
舭,以外
䴳,以外
㚺,以外
騽,以外
箼,以外
晅,以外
裆,以外
㵓,以外
泞,以外
噥,以外
䓮,以外
獷,以外
闸,以外
峾,以外
戀,以外
䚃,以外
薅,以外
稐,以外
库,以外
鶕,以外
榝,以外
删,以外
㚣,以外
鄢,以外
䆭,以外
蒯,以外
妽,以外
鲿,以外
棇,以外
䵊,以外
遌,以外
䃗,以外
蟙,以外
瑤,以外
壧,以外
㵪,以外
毱,以外
䱴,以外
鍶,以外
䔅,以外
蠇,以外
㲔,以外
氟,以外
侞,以外
銠,以外
㔥,以外
䐯,以外
謱,以外
㾾,以外
潉,以外
仈,以外
跊,以外
㑏,以外
䝙,以外
燢,以外
㻨,以外
湳,以外
䧲,以外
賴,以外
㝹,以外
躉,以外
焌,以外
喏,以外
舖,以外
䤜,以外
犡,以外
騦,以外
昮,以外
䪱,以外
鮻,以外
㤼,以外
柃,以外
轈,以外
㫑,以外
翓,以外
裝,以外
獠,以外
埣,以外
䭰,以外
泵,以外
鑺,以外
悂,以外
㮐,以外
碒,以外
欛,以外
覜,以外
傢,以外
㸩,以外
䌫,以外
谵,以外
涴,以外
嬻,以外
䗄,以外
灍,以外
巔,以外
腗,以外
拖,以外
䡝,以外
㗤,以外
饧,以外
敯,以外
诰,以外
勶,以外
㡽,以外
絿,以外
栈,以外
咋,以外
䀘,以外
茚,以外
玥,以外
堨,以外
鬪,以外
䮵,以外
䝂,以外
艄,以外
狏,以外
归,以外
㯕,以外
驔,以外
湜,以外
䫟,以外
㝢,以外
䙬,以外
㫿,以外
饾,以外
涆,以外
圍,以外
㚌,以外
鈏,以外
昗,以外
䖖,以外
縧,以外
嶦,以外
沰,以外
嘷,以外
㖶,以外
鄹,以外
敁,以外
䓀,以外
蟂,以外
絑,以外
峐,以外
啡,以外
㓠,以外
摫,以外
篪,以外
类,以外
蒁,以外
挄,以外
侇,以外
鲑,以外
㸒,以外
笔,以外
悙,以外
蠞,以外
匤,以外
㾧,以外
傹,以外
䱆,以外
痋,以外
鵐,以外
慘,以外
鋥,以外
㱦,以外
曭,以外
㷻,以外
绽,以外
䐁,以外
锋,以外
檊,以外
䊚,以外
㐡,以外
焣,以外
鎤,以外
媪,以外
枬,以外
䤳,以外
鸽,以外
羼,以外
扅,以外
賆,以外
埌,以外
㥓,以外
穕,以外
棞,以外
䃮,以外
睷,以外
釸,以外
壾,以外
昀,以外
䊃,以外
膅,以外
縐,以外
媓,以外
馕,以外
涝,以外
嘠,以外
锢,以外
䖭,以外
焺,以外
嶽,以外
颿,以外
泇,以外
䥊,以外
㗍,以外
鑌,以外
䓗,以外
菙,以外
灤,以外
峧,以外
鯩,以外
㥪,以外
濱,以外
䡴,以外
㓷,以外
靶,以外
䄅,以外
谇,以外
玎,以外
㢔,以外
栟,以外
䮞,以外
䀯,以外
輱,以外
犸,以外
堿,以外
㮾,以外
䫈,以外
觊,以外
䍙,以外
蹛,以外
㫨,以外
橳,以外
䴜,以外
皡,以外
鸦,以外
亱,以外
㴼,以外
稾,以外
譈,以外
剎,以外
㻑,以外
篓,以外
賝,以外
睠,以外
棵,以外
撂,以外
䨉,以外
㾐,以外
鬓,以外
漛,以外
趜,以外
㨩,以外
䜫,以外
蠵,以外
弻,以外
䇄,以外
㝋,以外
瑍,以外
鋎,以外
䱝,以外
鵧,以外
绦,以外
慯,以外
囶,以外
㱽,以外
祿,以外
搈,以外
墋,以外
鮍,以外
㴎,以外
䰘,以外
輚,以外
羥,以外
吨,以外
挲,以外
䞵,以外
骷,以外
㰸,以外
䭂,以外
经,以外
㟕,以外
陔,以外
扜,以外
䛟,以外
駡,以外
㭢,以外
䩬,以外
赮,以外
緹,以外
剼,以外
㛿,以外
镾,以外
憆,以外
嬍,以外
㪌,以外
鸏,以外
䦖,以外
爧,以外
冦,以外
钨,以外
悰,以外
娷,以外
㦶,以外
鴹,以外
楁,以外
䣀,以外
诂,以外
煑,以外
僐,以外
鏒,以外
濚,以外
奡,以外
㣠,以外
鱣,以外
桫,以外
矪,以外
諬,以外
灻,以外
忺,以外
袁,以外
漄,以外
䎇,以外
眔,以外
萞,以外
弤,以外
璩,以外
薳,以外
砶,以外
岹,以外
襀,以外
䁆,以外
酐,以外
浘,以外
䇛,以外
畨,以外
櫭,以外
嵸,以外
䠁,以外
餋,以外
暊,以外
亚,以外
㠡,以外
紣,以外
龤,以外
嚪,以外
殬,以外
䔳,以外
㺺,以外
鈽,以外
玼,以外
湅,以外
㕓,以外
癕,以外
擞,以外
幥,以外
䳮,以外
筷,以外
哾,以外
樀,以外
亃,以外
爐,以外
嚓,以外
閕,以外
憝,以外
㺣,以外
餢,以外
䦭,以外
钿,以外
䕊,以外
㧍,以外
䣗,以外
这,以外
韩,以外
㕪,以外
揱,以外
䑴,以外
㣷,以外
魶,以外
䴅,以外
耇,以外
唕,以外
㒔,以外
搟,以外
䞞,以外
骠,以外
㴥,以外
䰯,以外
纸,以外
吿,以外
㞾,以外
䛈,以外
藊,以外
㱏,以外
艛,以外
秢,以外
㛨,以外
晳,以外
䇲,以外
㽹,以外
蚉,以外
礌,以外
嶏,以外
䄜,以外
窡,以外
鈦,以外
讫,以外
渮,以外
䊱,以外
鎻,以外
瘾,以外
蝈,以外
矓,以外
筠,以外
忣,以外
䍰,以外
擵,以外
鱺,以外
梂,以外
䘉,以外
挛,以外
墢,以外
㘩,以外
䬫,以外
斴,以外
㭋,以外
硍,以外
襗,以外
櫖,以外
䁝,以外
㷤,以外
酧,以外
狦,以外
浯,以外
嫶,以外
怈,以外
岋,以外
龍,以外
㤎,以外
䠘,以外
箥,以外
錪,以外
朲,以外
䎵,以外
麷,以外
㠸,以外
佂,以外
詄,以外
坒,以外
鉔,以外
晜,以外
䋟,以外
鷡,以外
㽢,以外
乬,以外
襮,以外
秹,以外
噼,以外
酾,以外
斆,以外
㺌,以外
渗,以外
䶖,以外
袘,以外
喦,以外
㶶,以外
餹,以外
䳀,以外
哐,以外
韒,以外
毚,以外
嵡,以外
㳠,以外
顣,以外
汫,以外
軬,以外
瑻,以外
雼,以外
貁,以外
䞇,以外
钑,以外
㘒,以外
猔,以外
梙,以外
耞,以外
嬤,以外
㞧,以外
炩,以外
簶,以外
墹,以外
赀,以外
䑆,以外
镐,以外
楘,以外
䗛,以外
髥,以外
㑦,以外
煨,以外
滭,以外
虲,以外
㗻,以外
盽,以外
䰁,以外
鴋,以外
䪚,以外
㰡,以外
礣,以外
鮤,以外
踭,以外
澬,以外
䄳,以外
㪺,以外
阽,以外
橅,以外
牕,以外
荟,以外
惞,以外
婥,以外
䣮,以外
僾,以外
渀,以外
䪃,以外
覅,以外
瘐,以外
劓,以外
醕,以外
斝,以外
帠,以外
㪣,以外
鴢,以外
䶭,以外
袯,以外
喽,以外
邿,以外
擇,以外
䅊,以外
㷍,以外
鱌,以外
䳗,以外
诙,以外
硤,以外
哧,以外
鏩,以外
䁴,以外
㳷,以外
䤅,以外
萇,以外
箎,以外
怟,以外
䎞,以外
麠,以外
㤥,以外
䠯,以外
蜱,以外
窸,以外
倿,以外
䋈,以外
臊,以外
㡏,以外
䭙,以外
虛,以外
緢,以外
卩,以外
扳,以外
䗲,以外
㭹,以外
芉,以外
紌,以外
妏,以外
踖,以外
䔜,以外
纡,以外
阦,以外
辫,以外
樮,以外
䚱,以外
鞻,以外
㔼,以外
毃,以外
荈,以外
婎,以外
㛑,以外
珓,以外
蓝,以外
寣,以外
䝰,以外
惵,以外
顺,以外
謃,以外
䈉,以外
㞐,以外
錓,以外
璒,以外
岢,以外
伫,以外
耵,以外
憴,以外
䧄,以外
㽋,以外
髎,以外
凔,以外
赗,以外
滖,以外
䑝,以外
㧤,以外
镧,以外
盦,以外
蟰,以外
㑽,以外
煿,以外
簈,以外
䂋,以外
莍,以外
吘,以外
㢛,以外
霚,以外
枥,以外
䰨,以外
笲,以外
徵,以外
芷,以外
卂,以外
㟅,以外
曏,以外
䭒,以外
蹔,以外
穜,以外
臡,以外
剬,以外
㛯,以外
镮,以外
旹,以外
䩼,以外
赾,以外
禆,以外
䌍,以外
蘏,以外
爗,以外
冖,以外
钘,以外
㬝,以外
樧,以外
䦦,以外
碰,以外
䈷,以外
蔹,以外
煁,以外
僀,以外
鏂,以外
㩇,以外
楑,以外
䣐,以外
诒,以外
䅡,以外
濪,以外
鋬,以外
㥱,以外
桻,以外
䟺,以外
諼,以外
袑,以外
璙,以外
鰞,以外
䜤,以外
沩,以外
鶳,以外
㼴,以外
怶,以外
䒹,以外
酀,以外
塆,以外
㳉,以外
襐,以外
畘,以外
姛,以外
蛥,以外
浨,以外
驲,以外
䕸,以外
櫽,以外
倁,以外
㶈,以外
脋,以外
纊,以外
䠑,以外
嚚,以外
螤,以外
亪,以外
鈭,以外
玬,以外
崳,以外
訽,以外
殼,以外
㕃,以外
癅,以外
䏌,以外
湕,以外
㯜,以外
䙥,以外
㹵,以外
藸,以外
䳾,以外
爀,以外
嚃,以外
閅,以外
㬆,以外
樐,以外
亓,以外
趕,以外
䈠,以外
脢,以外
冭,以外
钯,以外
㨰,以外
攺,以外
䦽,以外
磇,以外
嵊,以外
职,以外
僗,以外
韙,以外
㕚,以外
摤,以外
䣧,以外
迩,以外
篱,以外
屴,以外
荶,以外
唅,以外
㒄,以外
頇,以外
枎,以外
䴕,以外
從,以外
芠,以外
启,以外
㞮,以外
暸,以外
䰿,以外
罉,以外
鷊,以外
坙,以外
㛘,以外
驛,以外
懢,以外
繳,以外
姲,以外
麉,以外
㰊,以外
愌,以外
䖏,以外
鈖,以外
㶟,以外
抡,以外
訦,以外
鎫,以外
瘮,以外
媱,以外
讻,以外
矃,以外
齈,以外
䙎,以外
濓,以外
飝,以外
㹞,以外
捠,以外
䟣,以外
㿳,以外
糵,以外
霃,以外
炂,以外
帉,以外
梒,以外
㘙,以外
馜,以外
䂢,以外
匫,以外
㢲,以外
鰵,以外
䬻,以外
酗,以外
狖,以外
塝,以外
襧,以外
櫦,以外
畯,以外
䋶,以外
浿,以外
砈,以外
䒋,以外
倘,以外
㲛,以外
䠨,以外
謪,以外
缲,以外
蚷,以外
佒,以外
繜,以外
嫟,以外
藡,以外
酮,以外
懹,以外
乼,以外
襾,以外
綆,以外
䜍,以外
舏,以外
瘗,以外
喖,以外
邘,以外
㼝,以外
渧,以外
䶦,以外
袨,以外
粰,以外
䘷,以外
畁,以外
韂,以外
㹇,以外
浑,以外
䳐,以外
迒,以外
珚,以外
䕡,以外
聣,以外
瑫,以外
毪,以外
雬,以外
㵱,以外
汻,以外
䏺,以外
㘂,以外
猄,以外
貑,以外
欔,以外
㞗,以外
頞,以外
䌤,以外
梩,以外
㬴,以外
䂹,以外
镀,以外
屆,以外
㣉,以外
赐,以外
㑖,以外
煘,以外
巛,以外
楨,以外
㗫,以外
盭,以外
鹲,以外
䅸,以外
滽,以外
㦈,以外
蔋,以外
窊,以外
䰑,以外
劚,以外
愣,以外
莤,以外
䪪,以外
阭,以外
夳,以外
踽,以外
澼,以外
牅,以外
鳆,以外
䟌,以外
橕,以外
㿜,以外
魟,以外
磞,以外
䉥,以外
㩵,以外
臸,以外
䣾,以外
瘀,以外
醅,以外
㼆,以外
渐,以外
䪓,以外
覕,以外
綝,以外
䘠,以外
蔢,以外
喭,以外
㸰,以外
愺,以外
糇,以外
奊,以外
葌,以外
哗,以外
鏙,以外
䳧,以外
诩,以外
翱,以外
塴,以外
儅,以外
鰇,以外
䤕,以外
砟,以外
实,以外
蚠,以外
倯,以外
鼱,以外
抸,以外
䠿,以外
嫈,以外
駊,以外
卙,以外
鹛,以外
䭩,以外
穳,以外
骉,以外
㠊,以外
攌,以外
䆏,以外
阖,以外
崜,以外
㦟,以外
暡,以外
踦,以外
㔬,以外
爮,以外
庱,以外
樾,以外
㛁,以外
珃,以外
魈,以外
䉎,以外
毓,以外
鳝,以外
㩞,以外
䏣,以外
㯳,以外
磵,以外
聺,以外
㞀,以外
錃,以外
璂,以外
謓,以外
沒,以外
缛,以外
鶜,以外
䒢,以外
圫,以外
㲲,以外
頵,以外
禴,以外
伻,以外
摍,以外
苎,以外
䧔,以外
镗,以外
盖,以外
屝,以外
滦,以外
㑭,以外
煯,以外
䛶,以外
楿,以外
琈,以外
䢋,以外
讍,以外
尘,以外
鼚,以外
澥,以外
䐨,以外
蜪,以外
猲,以外
垵,以外
誷,以外
孂,以外
㿅,以外
鹄,以外
滏,以外
䍒,以外
牜,以外
囟,以外
觡,以外
㻯,以外
鵮,以外
䉼,以外
熆,以外
䬍,以外
鲘,以外
戧,以外
䆦,以外
蒨,以外
炰,以外
䨷,以外
费,以外
壀,以外
鯂,以外
慑,以外
䃐,以外
菒,以外
翚,以外
䥡,以外
豣,以外
柪,以外
髬,以外
恻,以外
苼,以外
颁,以外
㨂,以外
缄,以外
厇,以外
肑,以外
㮗,以外
粙,以外
鐞,以外
伤,以外
閳,以外
㜴,以外
栶,以外
䲹,以外
饀,以外
偆,以外
㓉,以外
㡖,以外
絘,以外
軥,以外
敨,以外
㧫,以外
鉲,以外
䵸,以外
拽,以外
堁,以外
㖈,以外
褋,以外
皊,以外
䀑,以外
洣,以外
辤,以外
䚪,以外
騭,以外
箬,以外
舽,以外
掼,以外
㵃,以外
繅,以外
郆,以外
䯌,以外
晕,以外
靟,以外
瓞,以外
乥,以外
峮,以外
㙵,以外
歷,以外
跸,以外
䓾,以外
鶅,以外
䚓,以外
薕,以外
熝,以外
䨠,以外
褢,以外
妭,以外
鲯,以外
洺,以外
䆽,以外
烇,以外
啊,以外
壗,以外
㵚,以外
汤,以外
䃧,以外
蟩,以外
珱,以外
呴,以外
譶,以外
崅,以外
㲄,以外
逇,以外
䔕,以外
琟,以外
垞,以外
尯,以外
㾮,以外
錱,以外
溸,以外
䐿,以外
睉,以外
㻘,以外
槢,以外
䝩,以外
癳,以外
凲,以外
铴,以外
隉,以外
㐊,以外
椌,以外
䶏,以外
騖,以外
儜,以外
㖟,以外
檡,以外
舦,以外
㤬,以外
莻,以外
显,以外
㫁,以外
翃,以外
靈,以外
郝,以外
㙞,以外
歠,以外
㟳,以外
瓵,以外
㮀,以外
鼃,以外
碂,以外
蜓,以外
㸙,以外
䢢,以外
嬫,以外
鐵,以外
疴,以外
䌻,以外
巄,以外
桍,以外
軎,以外
䗔,以外
竖,以外
偝,以外
腧,以外
拦,以外
㡭,以外
絯,以外
鏰,以外
䫶,以外
敿,以外
瀈,以外
䲋,以外
辍,以外
堘,以外
㒛,以外
殥,以外
䀨,以外
茪,以外
眲,以外
厵,以外
躷,以外
彂,以外
㯅,以外
驄,以外
櫏,以外
䝒,以外
艔,以外
幬,以外
㫯,以外
饮,以外
䙼,以外
腾,以外
訏,以外
縗,以外
嶖,以外
题,以外
㜝,以外
䖦,以外
肨,以外
丷,以外
褹,以外
絁,以外
峀,以外
㙇,以外
䓐,以外
篚,以外
䵡,以外
籫,以外
揪,以外
黬,以外
㕱,以外
摻,以外
䯺,以外
蛼,以外
鲁,以外
㸂,以外
垇,以外
蒑,以外
挔,以外
㾗,以外
碙,以外
䬤,以外
醳,以外
氶,以外
䢹,以外
鵀,以外
蕐,以外
㱖,以外
祘,以外
嗛,以外
諥,以外
㷫,以外
续,以外
䥸,以外
犊,以外
䐑,以外
椣,以外
认,以外
䊪,以外
鸭,以外
羬,以外
儳,以外
蘽,以外
枼,以外
㥃,以外
穅,以外
铆,以外
俌,以外
㟜,以外
鍟,以外
烞,以外
䩥,以外
潷,以外
觸,以外
䃾,以外
縀,以外
媃,以外
馅,以外
㜆,以外
昐,以外
䊓,以外
膕,以外
丠,以外
财,以外
嶭,以外
㘰,以外
椺,以外
䖽,以外
肿,以外
瓇,以外
兊,以外
峗,以外
鯙,以外
㥚,以外
桤,以外
䓧,以外
矱,以外
轶,以外
夅,以外
㢄,以外
鐇,以外
殎,以外
䄕,以外
厞,以外
躠,以外
堯,以外
㮮,以外
霱,以外
䀿,以外
獉,以外
勈,以外
释,以外
孙,以外
㫘,以外
淢,以外
䍩,以外
牳,以外
嗲,以外
郴,以外
銉,以外
䦏,以外
鸖,以外
唜,以外
溡,以外
蘦,以外
龫,以外
㴬,以外
嚱,以外
戾,以外
㻁,以外
篃,以外
鍈,以外
䩎,以外
揓,以外
铝,以外
潠,以外
䯣,以外
坰,以外
烵,以外
衺,以外
㾀,以外
鬃,以外
刉,以外
茓,以外
㨙,以外
閜,以外
䲢,以外
弫,以外
㒲,以外
熴,以外
䜻,以外
姄,以外
汍,以外
諎,以外
䇔,以外
鵗,以外
绖,以外
呝,以外
蕧,以外
㱭,以外
祯,以外
韰,以外
慿,以外
谈,以外
玍,以外
䊗,以外
朚,以外
鞥,以外
㘤,以外
媧,以外
缪,以外
謲,以外
临,以外
犷,以外
䇁,以外
晄,以外
雏,以外
㕎,以外
詜,以外
䵞,以外
燡,以外
䃫,以外
敮,以外
闹,以外
㑸,以外
壻,以外
絾,以外
䲈,以外
瘏,以外
䔙,以外
撘,以外
騧,以外
䮲,以外
甹,以外
腁,以外
䑃,以外
揂,以外
篒,以外
蟚,以外
䫜,以外
聫,以外
䍭,以外
须,以外
孽,以外
竼,以外
蜄,以外
㶓,以外
鼔,以外
氞,以外
喣,以外
鲩,以外
䤰,以外
涳,以外
逶,以外
慀,以外
䛅,以外
釋,以外
㩒,以外
廕,以外
剢,以外
㯧,以外
鵨,以外
苭,以外
橲,以外
髽,以外
䞄,以外
焋,以外
徔,以外
䨝,以外
锣,以外
瞤,以外
㢦,以外
戭,以外
莬,以外
傶,以外
鮼,以外
㼿,以外
虅,以外
棆,以外
鹕,以外
䗘,以外
䡱,以外
鍷,以外
痸,以外
㛺,以外
舀,以外
䄂,以外
斅,以外
㒏,以外
騐,以外
夒,以外
綕,以外
覝,以外
䲟,以外
焢,以外
䀬,以外
撯,以外
㞹,以外
锺,以外
堼,以外
粿,以外
裇,以外
俉,以外
䍖,以外
柙,以外
㛣,以外
鑤,以外
诱,以外
仳,以外
獶,以外
䊀,以外
标,以外
鞎,以外
㬑,以外
媐,以外
谟,以外
㶪,以外
欱,以外
隸,以外
㨻,以外
喺,以外
轉,以外
淊,以外
㳔,以外
橛,以外
釢,以外
㕥,以外
哤,以外
蹳,以外
䵵,以外
泴,以外
㿾,以外
䨆,以外
溉,以外
鄌,以外
䮛,以外
銡,以外
稦,以外
㼨,以外
蘮,以外
圸,以外
箻,以外
㢽,以外
鸾,以外
蟃,以外
潈,以外
䑚,以外
棝,以外
屪,以外
䗯,以外
賵,以外
瑺,以外
㥼,以外
巿,以外
會,以外
肂,以外
册,以外
缓,以外
颒,以外
㰕,以外
吥,以外
䚮,以外
氵,以外
趴,以外
庾,以外
䥇,以外
盎,以外
㯐,以外
慗,以外
苖,以外
叠,以外
祧,以外
㹩,以外
蕯,以外
毰,以外
噹,以外
鵿,以外
蠈,以外
䬊,以外
瞍,以外
䚗,以外
挚,以外
鎥,以外
笪,以外
輲,以外
䨴,以外
皷,以外
䗁,以外
扄,以外
巑,以外
穔,以外
蹜,以外
䥞,以外
痡,以外
䓫,以外
釹,以外
祾,以外
趆,以外
䢈,以外
爏,以外
䄙,以外
悘,以外
㞢,以外
鸧,以外
碨,以外
侲,以外
焹,以外
䁃,以外
柂,以外
㛌,以外
塓,以外
菚,以外
仜,以外
灣,以外
葫,以外
鯪,以外
䝭,以外
曬,以外
㗶,以外
鱻,以外
彽,以外
综,以外
撁,以外
倎,以外
粑,以外
㦓,以外
鬔,以外
肙,以外
㔠,以外
冣,以外
颩,以外
䴰,以外
榳,以外
敀,以外
䋅,以外
闋,以外
㹒,以外
嫕,以外
腘,以外
噢,以外
狥,以外
㿧,以外
饨,以外
䎄,以外
甋,以外
誊,以外
㘍,以外
宔,以外
丝,以外
鄣,以外
玤,以外
㲦,以外
螬,以外
咶,以外
總,以外
㬿,以外
艅,以外
泆,以外
协,以外
䇘,以外
裞,以外
㑡,以外
䱱,以外
靷,以外
燸,以外
蘀,以外
䔂,以外
憅,以外
鸐,以外
崒,以外
禕,以外
趝,以外
䢟,以外
產,以外
䐬,以外
悯,以外
鄺,以外
碿,以外
䯉,以外
瑌,以外
䝖,以外
揙,以外
遤,以外
迱,以外
䫳,以外
睶,以外
䚀,以外
氇,以外
鎎,以外
㼑,以外
庐,以外
蠟,以外
圡,以外
皠,以外
㦪,以外
銸,以外
㸻,以外
冺,以外
證,以外
噋,以外
㣔,以外
僤,以外
䥵,以外
棴,以外
㯾,以外
丆,以外
檉,以外
㞋,以外
锌,以外
昖,以外
隡,以外
㬨,以外
枫,以外
舮,以外
匸,以外
羻,以外
㲽,以外
菃,以外
歈,以外
响,以外
鯓,以外
䁚,以外
塪,以外
䇯,以外
裵,以外
灺,以外
㵼,以外
挃,以外
喌,以外
笓,以外
鲒,以外
㠕,以外
䊮,以外
栵,以外
覴,以外
㔷,以外
䵇,以外
鑍,以外
㿐,以外
蛖,以外
絧,以外
黦,以外
㩩,以外
腯,以外
濰,以外
剹,以外
饿,以外
萈,以外
䜊,以外
䪗,以外
漚,以外
龥,以外
㸤,以外
劧,以外
眪,以外
䘴,以外
窷,以外
䧁,以外
湄,以外
㵎,以外
凑,以外
癔,以外
艜,以外
䕞,以外
秡,以外
䣫,以外
㱸,以外
畾,以外
膆,以外
䒈,以外
縏,以外
䴙,以外
沘,以外
㮢,以外
鈧,以外
唩,以外
璨,以外
肰,以外
䎲,以外
䱃,以外
毂,以外
㫌,以外
酑,以外
呓,以外
珒,以外
䋜,以外
籣,以外
韪,以外
䭭,以外
櫬,以外
㧶,以外
遻,以外
卽,以外
輄,以外
炑,以外
㖓,以外
霔,以外
貙,以外
搞,以外
㤠,以外
嶣,以外
钩,以外
䄰,以外
斳,以外
頶,以外
楀,以外
仅,以外
駋,以外
煐,以外
囕,以外
赘,以外
绥,以外
镨,以外
扲,以外
寷,以外
鋽,以外
侄,以外
礋,以外
㨍,以外
垔,以外
䈝,以外
樭,以外
讬,以外
墶,以外
鎼,以外
㜿,以外
蹅,以外
彏,以外
陕,以外
蓞,以外
㡡,以外
嗨,以外
䁱,以外
魷,以外
緸,以外
㻺,以外
䤂,以外
㲏,以外
鈐,以外
疕,以外
䒟,以外
礢,以外
䠬,以外
沯,以外
㾹,以外
鴺,以外
值,以外
璿,以外
胇,以外
䟉,以外
硌,以外
䭖,以外
濙,以外
㻣,以外
鱤,以外
䛳,以外
筶,以外
䪀,以外
怇,以外
龎,以外
劐,以外
萟,以外
嬡,以外
窠,以外
㖪,以外
挱,以外
婋,以外
旊,以外
㓔,以外
㵥,以外
峤,以外
虳,以外
䕵,以外
擴,以外
㟾,以外
䈆,以外
㮋,以外
樖,以外
䎛,以外
骡,以外
爦,以外
㜨,以外
踮,以外
阾,以外
迃,以外
杈,以外
壍,以外
䱚,以外
惝,以外
魠,以外
蓵,以外
籺,以外
嗿,以外
漃,以外
妌,以外
眓,以外
邒,以外
㐕,以外
茛,以外
憜,以外
尥,以外
搵,以外
薴,以外
㤷,以外
嚾,以外
䅇,以外
绎,以外
楗,以外
寠,以外
鋦,以外
㙩,以外
赯,以外
揰,以外
长,以外
耈,以外
䌊,以外
羍,以外
亗,以外
欚,以外
鮥,以外
㨤,以外
嚧,以外
蜲,以外
䈴,以外
纷,以外
㥎,以外
嗑,以外
牔,以外
䅞,以外
䳫,以外
駹,以外
㡸,以外
哻,以外
煾,以外
薆,以外
䂈,以外
稏,以外
踗,以外
䤙,以外
梘,以外
㾢,以外
阧,以外
儩,以外
炨,以外
蒰,以外
䞲,以外
礹,以外
赁,以外
䡃,以外
濂,以外
㻌,以外
镑,以外
偓,以外
矒,以外
诚,以外
䛜,以外
硣,以外
豫,以外
鏪,以外
佭,以外
㷶,以外
鑻,以外
坽,以外
盼,以外
堎,以外
璑,以外
錔,以外
怞,以外
㴠,以外
邩,以外
䔰,以外
憳,以外
鰶,以外
浀,以外
䫅,以外
鷋,以外
畐,以外
㙒,以外
襘,以外
㟧,以外
酨,以外
軭,以外
晲,以外
忷,以外
雽,以外
䮄,以外
芊,以外
㸍,以外
厔,以外
䘝,以外
餣,以外
箤,以外
㒦,以外
辬,以外
岶,以外
瘽,以外
鞼,以外
詅,以外
擆,以外
孏,以外
鉕,以外
䧘,以外
损,以外
㱡,以外
凨,以外
䑱,以外
秸,以外
㫺,以外
踀,以外
䴂,以外
榅,以外
㢏,以外
阐,以外
唒,以外
薝,以外
䂟,以外
䰬,以外
㮹,以外
餺,以外
炿,以外
蓇,以外
䏉,以外
佖,以外
毙,以外
㫣,以外
顤,以外
珩,以外
蟱,以外
䋳,以外
罶,以外
搇,以外
㜑,以外
嚐,以外
耟,以外
弡,以外
纠,以外
㘻,以外
妺,以外
幋,以外
晛,以外
鷢,以外
㥥,以外
壤,以外
艳,以外
䅵,以外
䘆,以外
㾋,以外
鴌,以外
渖,以外
䞛,以外
麡,以外
瘦,以外
澫,以外
訮,以外
嬸,以外
㒽,以外
鈾,以外
诃,以外
捈,以外
峍,以外
鏓,以外
䡚,以外
擝,以外
偪,以外
䧯,以外
胵,以外
硺,以外
㕼,以外
凿,以外
欃,以外
嶌,以外
猓,以外
钒,以外
蜛,以外
堥,以外
䪮,以外
怵,以外
膴,以外
㴷,以外
䕇,以外
鱍,以外
竎,以外
㟐,以外
浗,以外
軖,以外
畧,以外
雦,以外
柰,以外
婹,以外
酿,以外
㪇,以外
掍,以外
劗,以外
眚,以外
螥,以外
䪧,以外
漪,以外
㦱,以外
鬲,以外
帴,以外
抷,以外
凁,以外
癄,以外
蛏,以外
䧑,以外
湔,以外
㣛,以外
驜,以外
嵞,以外
懡,以外
僫,以外
畮,以外
䣻,以外
浾,以外
馆,以外
㴉,以外
岈,以外
鈗,以外
唙,以外
璘,以外
訧,以外
䴩,以外
沨,以外
颰,以外
㰳,以外
宲,以外
酁,以外
呃,以外
襑,以外
䱓,以外
韚,以外
㭝,以外
嫜,以外
摣,以外
遫,以外
卭,以外
衻,以外
䭽,以外
櫼,以外
炁,以外
㖃,以外
䐎,以外
梑,以外
钙,以外
簞,以外
䖣,以外
夰,以外
綳,以外
㺵,以外
煀,以外
囅,以外
臋,以外
楐,以外
镘,以外
䉢,以外
曥,以外
赨,以外
穲,以外
㽴,以外
䏷,以外
諽,以外
垄,以外
愋,以外
麊,以外
侔,以外
娝,以外
蔣,以外
枤,以外
爭,以外
㜯,以外
䂶,以外
讼,以外
际,以外
磆,以外
㷈,以外
䝏,以外
嗘,以外
鳞,以外
塱,以外
旸,以外
鈀,以外
疅,以外
䤒,以外
馝,以外
㠜,以外
岟,以外
愢,以外
璯,以外
蔺,以外
䠼,以外
飇,以外
㭆,以外
忉,以外
恌,以外
卖,以外
矙,以外
葤,以外
䭦,以外
濩,以外
㩰,以外
廳,以外
劀,以外
砇,以外
螎,以外
䪐,以外
㖚,以外
鰟,以外
䌡,以外
抠,以外
笱,以外
蚸,以外
䖺,以外
㓄,以外
齉,以外
䉋,以外
穛,以外
臢,以外
䓤,以外
㟮,以外
鹳,以外
嵵,以外
娆,以外
脌,以外
爖,以外
㜘,以外
芡,以外
樦,以外
玫,以外
䜸,以外
踾,以外
罈,以外
㱊,以外
䃍,以外
迓,以外
呚,以外
磝,以外
㷟,以外
荠,以外
䱪,以外
嗯,以外
鳵,以外
眃,以外
㐅,以外
䆌,以外
鬛,以外
禜,以外
㺞,以外
䐥,以外
簵,以外
亾,以外
聍,以外
曎,以外
煗,以外
鋖,以外
㙙,以外
䏠,以外
楧,以外
镯,以外
篰,以外
㣲,以外
䙹,以外
赿,以外
㺇,以外
嬊,以外
枍,以外
嚗,以外
猚,以外
莥,以外
产,以外
欪,以外
㶱,以外
鼲,以外
娴,以外
暷,以外
嗁,以外
牄,以外
苏,以外
橔,以外
㳛,以外
鹜,以外
奞,以外
旡,以外
哫,以外
臹,以外
䳻,以外
鶆,以外
㤉,以外
墈,以外
戏,以外
阗,以外
儙,以外
炘,以外
踧,以外
䤩,以外
鲰,以外
㠳,以外
徲,以外
愹,以外
镁,以外
矂,以外
赑,以外
䡓,以外
濒,以外
鏚,以外
㽝,以外
廜,以外
鑫,以外
诪,以外
坭,以外
盬,以外
豻,以外
佽,以外
滼,以外
璁,以外
錄,以外
䀎,以外
沑,以外
邙,以外
砞,以外
䆣,以外
袩,以外
崰,以外
㪵,以外
萶,以外
畀,以外
㙂,以外
藋,以外
浐,以外
䫕,以外
㟗,以外
酘,以外
䙢,以外
拥,以外
襨,以外
雭,以外
繲,以外
㭴,以外
䟷,以外
攋,以外
骊,以外
䮔,以外
㒖,以外
掤,以外
瘭,以外
鞬,以外
䒶,以外
渽,以外
糆,以外
㧈,以外
䍏,以外
凘,以外
筟,以外
飞,以外
䧨,以外
蝷,以外
阀,以外
唂,以外
熅,以外
踐,以外
䴒,以外
鶝,以外
㰜,以外
攢,以外
脺,以外
䰼,以外
梿,以外
鳇,以外
㽆,以外
寉,以外
摌,以外
坖,以外
珙,以外
聤,以外
佦,以外
毩,以外
㹰,以外
嫳,以外
杶,以外
㜁,以外
亐,以外
頟,以外
䜡,以外
暠,以外
㘫,以外
缱,以外
䆺,以外
魉,以外
䙋,以外
秊,以外
繛,以外
藢,以外
䃤,以外
驳,以外
奵,以外
窉,以外
蔌,以外
瘖,以外
徛,以外
蚡,以外
瞫,以外
㒭,以外
鈮,以外
䌸,以外
澻,以外
訾,以外
㡊,以外
䓍,以外
诓,以外
糝,以外
㧟,以外
䡪,以外
㕬,以外
凯,以外
飵,以外
恺,以外
䧿,以外
猃,以外
钂,以外
䖌,以外
欓,以外
貒,以外
鼛,以外
㪞,以外
䀥,以外
劮,以外
砵,以外
䪾,以外
㟀,以外
嵇,以外
葍,以外
拎,以外
畗,以外
䟠,以外
浧,以外
軦,以外
酯,以外
㳲,以外
䉹,以外
鐈,以外
圊,以外
媗,以外
缚,以外
辥,以外
䊧,以外
檷,以外
姁,以外
繄,以外
軏,以外
䇑,以外
晔,以外
鉜,以外
啞,以外
槡,以外
跹,以外
䃻,以外
敾,以外
醆,以外
㔉,以外
咈,以外
渏,以外
騗,以外
舧,以外
䔩,以外
撨,以外
邰,以外
㐳,以外
厲,以外
洹,以外
饁,以外
屃,以外
篂,以外
䑓,以外
插,以外
勜,以外
汣,以外
蟪,以外
孭,以外
竬,以外
聻,以外
䍽,以外
拼,以外
㶃,以外
鼄,以外
䰎,以外
悑,以外
蜔,以外
鲙,以外
琞,以外
䶣,以外
蒩,以外
儰,以外
㚵,以外
蠶,以外
㩂,以外
廅,以外
觋,以外
慐,以外
䛕,以外
㯗,以外
鵘,以外
䩢,以外
滥,以外
㝴,以外
䯷,以外
苽,以外
䞔,以外
㢖,以外
责,以外
澤,以外
稭,以外
鮬,以外
㼯,以外
䢶,以外
戽,以外
莼,以外
鹅,以外
烆,以外
㗈,以外
處,以外
巘,以外
睟,以外
铞,以外
䗨,以外
偱,以外
淸,以外
騀,以外
夂,以外
綅,以外
䄒,以外
斕,以外
醝,以外
咟,以外
椢,以外
堬,以外
粯,以外
贺,以外
䀼,以外
撿,以外
郇,以外
埉,以外
桌,以外
孖,以外
翙,以外
豤,以外
䍦,以外
鏱,以外
歶,以外
㬁,以外
媀,以外
瀇,以外
辎,以外
䊐,以外
㶚,以外
鐟,以外
䬡,以外
㨫,以外
猱,以外
躸,以外
㳄,以外
䩋,以外
觢,以外
䳤,以外
㿮,以外
啵,以外
瓴,以外
皉,以外
稖,以外
㼘,以外
厛,以外
箫,以外
㢭,以外
鸮,以外
蘾,以外
睈,以外
㑊,以外
䣍,以外
蟓,以外
屚,以外
㗟,以外
譠,以外
䑪,以外
㥬,以外
巯,以外
铵,以外
䗿,以外
缃,以外
颂,以外
㰅,以外
䦌,以外
朓,以外
肒,以外
錛,以外
熜,以外
㚞,以外
䰥,以外
庮,以外
閴,以外
䚾,以外
㯀,以外
滎,以外
髖,以外
㹙,以外
䯠,以外
珰,以外
乹,以外
蕿,以外
㚇,以外
逈,以外
匊,以外
澍,以外
笚,以外
讥,以外
䚧,以外
挪,以外
㖱,以外
刴,以外
巁,以外
穄,以外
䗑,以外
扔,以外
㓛,以外
兞,以外
峫,以外
祮,以外
觹,以外
䓻,以外
閆,以外
傈,以外
樏,以外
鸗,以外
碘,以外
蘧,以外
䄩,以外
您,以外
钰,以外
垲,以外
塃,以外
翂,以外
蕑,以外
䁓,以外
柒,以外
鯚,以外
㝝,以外
囜,以外
档,以外
鱫,以外
菪,以外
绬,以外
葻,以外
䝽,以外
㦃,以外
鬄,以外
䠎,以外
撑,以外
茔,以外
颙,以外
䦣,以外
唰,以外
熳,以外
谶,以外
絀,以外
㹂,以外
嫅,以外
敐,以外
䋕,以外
㿗,以外
饘,以外
乢,以外
櫥,以外
腨,以外
黭,以外
俷,以外
蛽,以外
宄,以外
銊,以外
䎔,以外
㲖,以外
嘝,以外
褣,以外
縭,以外
龬,以外
㬯,以外
䲶,以外
昽,以外
螼,以外
驅,以外
瓆,以外
䭏,以外
艕,以外
姘,以外
獟,以外
郞,以外
䇨,以外
轷,以外
槸,以外
鸀,以外
崂,以外
蘐,以外
䔒,以外
憕,以外
閝,以外
㐜,以外
傟,以外
洢,以外
尬,以外
碯,以外
褺,以外
䐼,以外
悿,以外
铇,以外
㝆,以外
汌,以外
彖,以外
篙,以外
衤,以外
䝦,以外
韱,以外
㙰,以外
勳,以外
潶,以外
㼁,以外
庀,以外
琇,以外
䚐,以外
㦚,以外
伡,以外
溠,以外
㸫,以外
眱,以外
誸,以外
䦺,以外
㣄,以外
鍉,以外
燊,以外
癛,以外
跢,以外
䣤,以外
㯮,以外
鉳,以外
烴,以外
犉,以外
贌,以外
縖,以外
㬘,以外
垛,以外
昦,以外
羫,以外
㲭,以外
騮,以外
䬸,以外
枻,以外
舾,以外
鯃,以外
獈,以外
䳍,以外
瓝,以外
轠,以外
䁪,以外
㵬,以外
姯,以外
桺,以外
䇿,以外
笃,以外
鲂,以外
㠅,以外
䶌,以外
挓,以外
蒒,以外
霛,以外
疜,以外
䠥,以外
媮,以外
瀵,以外
䊾,以外
㿀,以外
啇,以外
豍,以外
櫎,以外
絗,以外
黖,以外
㩙,以外
俠,以外
敧,以外
蛦,以外
饯,以外
矰,以外
㓲,以外
䩹,以外
邋,以外
漊,以外
厍,以外
㸔,以外
萘,以外
䜚,以外
窧,以外
鰨,以外
弪,以外
辵,以外
渴,以外
劷,以外
㴾,以外
懁,以外
荂,以外
䙄,以外
魒,以外
浞,以外
㱨,以外
惫,以外
艬,以外
䕮,以外
磻,以外
驼,以外
嵾,以外
錍,以外
嘏,以外
㮒,以外
膖,以外
攙,以外
䒘,以外
㐣,以外
馦,以外
紩,以外
㪼,以外
胀,以外
摃,以外
䏂,以外
飐,以外
籓,以外
櫜,以外
酡,以外
呣,以外
㧦,以外
捭,以外
䋬,以外
韺,以外
筽,以外
嫼,以外
䂁,以外
讇,以外
琎,以外
墑,以外
㤐,以外
䰞,以外
㚥,以外
䶳,以外
钹,以外
䅀,以外
曅,以外
绕,以外
觛,以外
囥,以外
㝤,以外
䩲,以外
珷,以外
㓹,以外
镸,以外
构,以外
儋,以外
蚚,以外
樝,以外
䈭,以外
贳,以外
炶,以外
㖸,以外
娽,以外
䣆,以外
鏌,以外
睏,以外
㡑,以外
旘,以外
佟,以外
㻪,以外
桱,以外
嗸,以外
鳾,以外
蚃,以外
愂,以外
䖅,以外
嶕,以外
沟,以外
鈠,以外
儢,以外
㾩,以外
膭,以外
怬,以外
䒯,以外
馽,以外
砼,以外
岿,以外
濉,以外
赊,以外
偌,以外
㻓,以外
胗,以外
捖,以外
䟙,以外
飧,以外
筦,以外
忩,以外
滳,以外
豴,以外
卶,以外
㧽,以外
蔅,以外
䠇,以外
窐,以外
猡,以外
萯,以外
䬱,以外
疺,以外
鰿,以外
㵕,以外
䩛,以外
瓤,以外
齩,以外
觲,以外
浵,以外
䳴,以外
㱿,以外
樆,以外
䈖,以外
殛,以外
褜,以外
娦,以外
䎫,以外
誱,以外
宻,以外
㐺,以外
佈,以外
烍,以外
㗏,以外
陎,以外
摚,以外
䣝,以外
韣,以外
籪,以外
旯,以外
呺,以外
緿,以外
䜃,以外
熌,以外
㚎,以外
䦜,以外
邢,以外
㤧,以外
䰵,以外
纾,以外
藄,以外
楇,以外
囎,以外
鷔,以外
䅗,以外
奧,以外
䯰,以外
鋶,以外
癹,以外
㭻,以外
钋,以外
權,以外
垍,以外
㨔,以外
䌚,以外
㖡,以外
级,以外
頨,以外
讵,以外
樴,以外
嚷,以外
㤾,以外
蝂,以外
䉄,以外
㓋,以外
齒,以外
婔,以外
諟,以外
嗡,以外
㡨,以外
擫,以外
虬,以外
䅮,以外
鹼,以外
奾,以外
梈,以外
刏,以外
㾒,以外
薖,以外
愙,以外
䂘,以外
鶦,以外
礩,以外
澲,以外
阷,以外
儹,以外
㺼,以外
蓀,以外
䟂,以外
㝍,以外
鳐,以外
硓,以外
忒,以外
滜,以外
镡,以外
偣,以外
㷦,以外
䛬,以外
㙷,以外
鏺,以外
罽,以外
䒁,以外
辇,以外
瀎,以外
㴐,以外
䠞,以外
熣,以外
錤,以外
洰,以外
䦳,以外
邹,以外
䕀,以外
勥,以外
乲,以外
矷,以外
萁,以外
掄,以外
唋,以外
鰑,以外
芚,以外
厤,以外
骪,以外
䘭,以外
褳,以外
璶,以外
䳆,以外
韌,以外
㱑,以外
懘,以外
䭟,以外
鉥,以外
秨,以外
㫪,以外
胮,以外
汱,以外
芃,以外
攂,以外
䆅,以外
㐌,以外
骓,以外
紒,以外
妕,以外
阠,以外
唢,以外
㮩,以外
薭,以外
䂯,以外
㜶,以外
鶽,以外
簼,以外
墿,以外
毉,以外
襊,以外
呌,以外
㫓,以外
蓗,以外
䏙,以外
㙠,以外
罦,以外
櫳,以外
衴,以外
坶,以外
㷽,以外
暀,以外
䰇,以外
餕,以外
讞,以外
眡,以外
耯,以外
伱,以外
熺,以外
頿,以外
諈,以外
癋,以外
䧊,以外
㥕,以外
荙,以外
乛,以外
烤,以外
魩,以外
跲,以外
䣴,以外
㡿,以外
渆,以外
䪉,以外
醏,以外
䘖,以外
澛,以外
贜,以外
带,以外
䞫,以外
猸,以外
徻,以外
䭈,以外
瓍,以外
鉎,以外
䳝,以外
鏣,以外
硪,以外
懯,以外
轰,以外
偺,以外
秿,以外
䌃,以外
訉,以外
疌,以外
嬓,以外
䶜,以外
钢,以外
瀥,以外
㴧,以外
蜫,以外
抮,以外
䠵,以外
窾,以外
臄,以外
浇,以外
勎,以外
駔,以外
䕗,以外
豝,以外
矠,以外
㓢,以外
嵧,以外
俰,以外
㽻,以外
颋,以外
朊,以外
㘔,以外
谘,以外
㦡,以外
犧,以外
鐨,以外
圪,以外
螵,以外
媷,以外
㔾,以外
譂,以外
乄,以外
㣋,以外
燑,以外
鍒,以外
噔,以外
姡,以外
㑨,以外
棫,以外
䵮,以外
烻,以外
鉼,以外
鬍,以外
帏,以外
洙,以外
䲘,以外
㰣,以外
醦,以外
甩,以外
騷,以外
崹,以外
裀,以外
汃,以外
䯂,以外
㭍,以外
郐,以外
瑓,以外
叒,以外
拜,以外
饡,以外
屣,以外
歭,以外
䫬,以外
㩷,以外
獽,以外
勼,以外
䢁,以外
莇,以外
簎,以外
䐞,以外
㺥,以外
鼤,以外
愰,以外
䖳,以外
鲹,以外
䥀,以外
盕,以外
臛,以外
廥,以外
㽤,以外
䉲,以外
㳹,以外
鵸,以外
蠁,以外
夋,以外
瞔,以外
躚,以外
戝,以外
徤,以外
險,以外
䨭,以外
蔳,以外
碶,以外
㶸,以外
刽,以外
䃆,以外
鯌,以外
罏,以外
䝟,以外
鹥,以外
痨,以外
㛪,以外
賮,以外
恱,以外
巸,以外
链,以外
躃,以外
椂,以外
䶅,以外
㠌,以外
隓,以外
焒,以外
喕,以外
撟,以外
騠,以外
㞩,以外
覭,以外
栬,以外
䲯,以外
㬶,以外
醽,以外
瀼,以外
咿,以外
柉,以外
塌,以外
㛓,以外
裗,以外
歖,以外
俙,以外
㩠,以外
郧,以外
獦,以外
埩,以外
葴,以外
孶,以外
䀇,以外
犐,以外
锕,以外
螞,以外
笡,以外
媠,以外
谯,以外
䌱,以外
鐿,以外
蛈,以外
穋,以外
䗊,以外
㕕,以外
轙,以外
䉛,以外
糤,以外
臲,以外
䓴,以外
㑿,以外
戆,以外
䚉,以外
䨖,以外
脜,以外
刦,以外
䮫,以外
㰺,以外
䝈,以外
磍,以外
㷏,以外
鹎,以外
䃝,以外
淯,以外
荰,以外
屺,以外
伃,以外
蘉,以外
禌,以外
㺎,以外
圓,以外
䆜,以外
颢,以外
簥,以外
溮,以外
䐵,以外
皾,以外
跄,以外
廎,以外
䥗,以外
聝,以外
㣢,以外
內,以外
䏰,以外
髶,以外
鲋,以外
挊,以外
徍,以外
溗,以外
蠘,以外
䬚,以外
㶡,以外
皧,以外
逨,以外
淁,以外
䩄,以外
㳋,以外
痑,以外
慞,以外
泫,以外
蹬,以外
䥮,以外
瓻,以外
陼,以外
兾,以外
悈,以外
鼍,以外
娏,以外
㞒,以外
趖,以外
䢘,以外
㠣,以外
閦,以外
焩,以外
储,以外
枲,以外
鸷,以外
夹,以外
㚼,以外
㽍,以外
铐,以外
灓,以外
塣,以外
㗦,以外
们,以外
㹷,以外
鯺,以外
睽,以外
囼,以外
䲁,以外
螇,以外
砎,以外
咑,以外
㔐,以外
䀞,以外
禣,以外
㪥,以外
鬤,以外
攰,以外
䆳,以外
颹,以外
䵀,以外
櫅,以外
啐,以外
狕,以外
藛,以外
繢,以外
嫥,以外
㭤,以外
䙲,以外
翷,以外
㣹,以外
饸,以外
谁,以外
崋,以外
鐑,以外
玔,以外
昝,以外
銪,以外
粶,以外
㦸,以外
嘽,以外
䓆,以外
㑑,以外
䍟,以外
燨,以外
裮,以外
摱,以外
姸,以外
郾,以外
誃,以外
洂,以外
䦅,以外
㰌,以外
甒,以外
鸠,以外
趭,以外
氬,以外
䢯,以外
㼶,以外
閽,以外
琼,以外
傿,以外
腊,以外
屌,以外
賗,以外
潖,以外
䯙,以外
㹠,以外
铧,以外
彶,以外
㗽,以外
褅,以外
䐇,以外
鄕,以外
缡,以外
蠯,以外
䜱,以外
逿,以外
苈,以外
䇊,以外
譙,以外
䙛,以外
磤,以外
鍩,以外
藲,以外
䃴,以外
䊉,以外
馏,以外
枛,以外
蔜,以外
嘦,以外
侫,以外
蚱,以外
笸,以外
垻,以外
㠺,以外
䍈,以外
糍,以外
㧏,以外
驎,以外
桚,以外
䓝,以外
灪,以外
槯,以外
蝰,以外
塺,以外
䬃,以外
舉,以外
綌,以外
㪎,以外
匓,以外
䖜,以外
鲢,以外
㔧,以外
輫,以外
䀵,以外
霻,以外
犾,以外
规,以外
敇,以外
嫎,以外
釔,以外
䵗,以外
葝,以外
㳢,以外
啧,以外
䟰,以外
㝻,以外
㘄,以外
缊,以外
䎍,以外
犗,以外
圚,以外
檧,以外
谨,以外
伪,以外
㔮,以外
縴,以外
䊷,以外
燁,以外
鍂,以外
噄,以外
槑,以外
譒,以外
乔,以外
㑘,以外
黟,以外
䇡,以外
烫,以外
鉬,以外
啮,以外
㿵,以外
棻,以外
䵾,以外
粈,以外
茍,以外
䘏,以外
醖,以外
甙,以外
咘,以外
䲨,以外
箲,以外
䔹,以外
郀,以外
瑃,以外
裐,以外
汓,以外
䯒,以外
腡,以外
䑣,以外
獭,以外
勬,以外
蟺,以外
歽,以外
䫼,以外
傁,以外
鮇,以外
搎,以外
䢑,以外
尞,以外
斣,以外
蜤,以外
礰,以外
嶳,以外
㨲,以外
盅,以外
㯇,以外
䥐,以外
扢,以外
䛥,以外
婲,以外
揷,以外
蕸,以外
瞄,以外
㢆,以外
䄋,以外
澔,以外
隚,以外
稝,以外
㼟,以外
䞤,以外
刭,以外
鴳,以外
䨽,以外
壆,以外
㛚,以外
彟,以外
虥,以外
淨,以外
铮,以外
硱,以外
㵳,以外
䗸,以外
賾,以外
隃,以外
焂,以外
喅,以外
䶕,以外
㞙,以外
舠,以外
䄢,以外
醭,以外
咯,以外
覽,以外
䲿,以外
㛃,以外
翉,以外
鵊,以外
䁌,以外
郗,以外
獖,以外
埙,以外
裧,以外
俩,以外
绳,以外
鱴,以外
䍶,以外
锅,以外
堇,以外
㶊,以外
贕,以外
㨛,以外
龞,以外
挡,以外
䊠,以外
鐯,以外
嬱,以外
㲴,以外
斺,以外
㕅,以外
黈,以外
巊,以外
婛,以外
㿞,以外
擤,以外
轩,以外
㑯,以外
駲,以外
峴,以外
稆,以外
庉,以外
㼈,以外
薏,以外
刖,以外
箛,以外
㢝,以外
餜,以外
䨦,以外
厫,以外
骱,以外
䮻,以外
彈,以外
惍,以外
壝,以外
㥜,以外
蟣,以外
痯,以外
㫱,以外
魰,以外
䑺,以外
淿,以外
鸉,以外
憌,以外
伓,以外
妜,以外
搥,以外
㮰,以外
尵,以外
謻,以外
溾,以外
闄,以外
㹉,以外
䛎,以外
跔,以外
兗,以外
顝,以外
揠,以外
䥧,以外
苶,以外
晹,以外
䞍,以外
皗,以外
逘,以外
溧,以外
蠨,以外
䬪,以外
鮵,以外
稴,以外
䚷,以外
痁,以外
轒,以外
䩔,以外
髟,以外
䗡,以外
瓫,以外
兮,以外
㯵,以外
泻,以外
䥾,以外
㞂,以外
碈,以外
䈏,以外
閖,以外
趦,以外
椩,以外
䢨,以外
㚬,以外
蘷,以外
䄹,以外
铀,以外
灃,以外
埂,以外
賐,以外
俒,以外
㗖,以外
络,以外
蕡,以外
䁣,以外
睭,以外
囬,以外
菺,以外
潽,以外
仼,以外
咁,以外
㔀,以外
龇,以外
䲑,以外
堞,以外
憣,以外
茤,以外
妳,以外
㸲,以外
肹,以外
狅,以外
㿇,以外
䵐,以外
櫕,以外
鷛,以外
䋥,以外
柷,以外
鐁,以外
㲆,以外
䔋,以外
谑,以外
殔,以外
縝,以外
㬟,以外
䎤,以外
說,以外
嘭,以外
餳,以外
撶,以外
丽,以外
㑁,以外
峆,以外
蟌,以外
燘,以外
艥,以外
郮,以外
籱,以外
㥳,以外
䇸,以外
甂,以外
䦕,以外
碟,以外
蘠,以外
䔢,以外
琬,以外
傯,以外
趽,以外
氼,以外
䢿,以外
饊,以外
䑌,以外
铗,以外
睖,以外
賧,以外
䯩,以外
㗭,以外
竳,以外
䝶,以外
皀,以外
鄅,以外
將,以外
㦊,以外
褕,以外
㸛,以外
鮞,以外
朡,以外
䚠,以外
逯,以外
㢴,以外
蠿,以外
髈,以外
姊,以外
鍙,以外
幛,以外
㯞,以外
惤,以外
譩,以外
祵,以外
壴,以外
縆,以外
媉,以外
㬈,以外
羛,以外
㲝,以外
鴜,以外
垫,以外
麱,以外
挸,以外
侻,以外
孈,以外
艎,以外
灚,以外
峝,以外
㵜,以外
菣,以外
桪,以外
燯,以外
㻱,以外
齰,以外
䁺,以外
匃,以外
騉,以外
䬓,以外
㔗,以外
嶜,以外
蒢,以外
霫,以外
犮,以外
㾰,以外
檾,以外
釄,以外
絇,以外
㩉,以外
䋎,以外
觔,以外
鱝,以外
柠,以外
䵧,以外
㝫,以外
蛶,以外
㸄,以外
眊,以外
䮍,以外
窗,以外
鰘,以外
弚,以外
抧,以外
萨,以外
䜪,以外
㴮,以外
鞵,以外
䪷,以外
懑,以外
䙔,以外
㱘,以外
雟,以外
畞,以外
䧡,以外
磫,以外
马,以外
嵮,以外
㟵,以外
艼,以外
䕾,以外
㮂,以外
璈,以外
謍,以外
丏,以外
岘,以外
膦,以外
攩,以外
䒨,以外
㪬,以外
訷,以外
䴹,以外
飀,以外
胐,以外
摓,以外
䏒,以外
㧖,以外
狜,以外
襡,以外
䱣,以外
筭,以外
嫬,以外
捽,以外
䋼,以外
墁,以外
㤀,以外
鎇,以外
氎,以外
䂑,以外
吞,以外
涣,以外
輤,以外
焰,以外
喳,以外
貹,以外
奀,以外
绅,以外
遆,以外
䅐,以外
曕,以外
釛,以外
毷,以外
赸,以外
羄,以外
䤋,以外
耑,以外
枔,以外
麚,以外
爝,以外
㜟,以外
侤,以外
娭,以外
锳,以外
䈽,以外
㡁,以外
僆,以外
诌,以外
潏,以外
㻚,以外
坟,以外
蹥,以外
鳮,以外
灱,以外
㕳,以外
蓾,以外
麃,以外
礂,以外
嶅,以外
愒,以外
䖕,以外
㾙,以外
璟,以外
訠,以外
䤢,以外
砬,以外
岯,以外
膽,以外
怼,以外
䒿,以外
㻃,以外
矉,以外
镊,以外
䡌,以外
飗,以外
胧,以外
捦,以外
䟩,以外
㧭,以外
盳,以外
鑴,以外
䭶,以外
窀,以外
鴅,以外
倇,以外
㖊,以外
抐,以外
鞞,以外
䪠,以外
㒴,以外
涺,以外
萿,以外
㵅,以外
雈,以外
嗊,以外
齙,以外
㟞,以外
泤,以外
蝩,以外
㱯,以外
釲,以外
畵,以外
哴,以外
嚉,以外
㜈,以外
趏,以外
娖,以外
玛,以外
鄜,以外
䈦,以外
宫,以外
銱,以外
䎻,以外
坈,以外
蹎,以外
籚,以外
僝,以外
迣,以外
摪,以外
鍰,以外
䱺,以外
旿,以外
弃,以外
阉,以外
榌,以外
䜓,以外
㤗,以外
农,以外
氥,以外
鬫,以外
纮,以外
吵,以外
茻,以外
鷄,以外
煇,以外
㙉,以外
从,以外
藔,以外
遝,以外
毠,以外
䅧,以外
㭫,以外
諶,以外
湹,以外
㨄,以外
貋,以外
纗,以外
嬚,以外
暧,以外
䌪,以外
㤮,以外
鎵,以外
爴,以外
亷,以外
緁,以外
齂,以外
婄,以外
旑,以外
蝒,以外
䉔,以外
㡘,以外
鋟,以外
煞,以外
糫,以外
鹬,以外
擻,以外
虼,以外
䅾,以外
㾂,以外
炈,以外
輍,以外
䨏,以外
鶖,以外
墘,以外
愩,以外
䂨,以外
㺬,以外
瞲,以外
踷,以外
䤹,以外
鳀,以外
硃,以外
忂,以外
恓,以外
䟒,以外
㷖,以外
盜,以外
赡,以外
䡣,以外
罭,以外
诺,以外
杽,以外
䛼,以外
岁,以外
㴀,以外
鞇,以外
栎,以外
䒑,以外
倞,以外
榣,以外
謤,以外
决,以外
㘲,以外
袹,以外
嵀,以外
㟇,以外
鑆,以外
䕐,以外
拕,以外
闛,以外
湢,以外
䫥,以外
噲,以外
濷,以外
襸,以外
鰁,以外
箄,以外
㒆,以外
䴋,以外
萑,以外
掔,以外
骚,以外
瘝,以外
䮤,以外
芪,以外
鄳,以外
沶,以外
䘽,以外
㱁,以外
哆,以外
迌,以外
歏,以外
㫚,以外
卟,以外
詥,以外
懨,以外
飮,以外
瑱,以外
䧸,以外
胾,以外
骃,以外
妅,以外
芓,以外
攒,以外
䆕,以外
㮙,以外
炟,以外
踠,以外
䴢,以外
鶭,以外
簬,以外
墯,以外
薽,以外
搼,以外
䂿,以外
㫃,以外
珉,以外
䱌,以外
鳗,以外
罖,以外
寙,以外
蓧,以外
杦,以外
䏩,以外
㷭,以外
狳,以外
遴,以外
纀,以外
吇,以外
暐,以外
脕,以外
㘛,以外
鎞,以外
漡,以外
亠,以外
頯,以外
圱,以外
榺,以外
㥅,以外
鋈,以外
湋,以外
凊,以外
魙,以外
棤,以外
荩,以外
㡯,以外
闲,以外
煵,以外
僴,以外
瘆,以外
瞛,以外
㒝,以外
锜,以外
䘦,以外
徫,以外
隱,以外
䞻,以外
泍,以外
詎,以外
硚,以外
哝,以外
㕜,以外
诣,以外
积,以外
㛱,以外
靰,以外
䡺,以外
嬃,以外
鈉,以外
䌓,以外
㴗,以外
栥,以外
鼫,以外
㞰,以外
倵,以外
抾,以外
畇,以外
䫎,以外
臔,以外
嵗,以外
鑝,以外
䕧,以外
㽫,以外
埰,以外
軶,以外
橹,以外
䘄,以外
檇,以外
锎,以外
帔,以外
袛,以外
冡,以外
㼪,以外
䔮,以外
崾,以外
蟅,以外
僋,以外
畎,以外
㹔,以外
䑘,以外
棛,以外
鍢,以外
屨,以外
瑸,以外
黿,以外
㵾,以外
䎂,以外
洉,以外
銌,以外
㘏,以外
宒,以外
吣,以外
玢,以外
㲨,以外
䊬,以外
氳,以外
醶,以外
㔹,以外
詇,以外
狌,以外
㯒,以外
䇖,以外
歝,以外
郠,以外
㑣,以外
襱,以外
剷,以外
燶,以外
㫼,以外
䄀,以外
㢑,以外
經,以外
莗,以外
焠,以外
鮧,以外
䨲,以外
溵,以外
輴,以外
扂,以外
䯇,以外
賉,以外
㥐,以外
穒,以外
揗,以外
㛥,以外
篧,以外
顦,以外
臫,以外
哹,以外
䢆,以外
趈,以外
伟,以外
㞤,以外
碦,以外
术,以外
喸,以外
隺,以外
㨽,以外
缿,以外
䁁,以外
淈,以外
鵓,以外
䛚,以外
诜,以外
灡,以外
廪,以外
䵳,以外
蹵,以外
㗸,以外
盺,以外
謆,以外
倌,以外
璏,以外
㶕,以外
䞙,以外
栜,以外
訰,以外
匶,以外
瞹,以外
㲿,以外
䛃,以外
歆,以外
蕚,以外
剠,以外
㿩,以外
鵪,以外
䇭,以外
橰,以外
姽,以外
蒄,以外
䶊,以外
鲔,以外
䨛,以外
斚,以外
锥,以外
戫,以外
綪,以外
螮,以外
䲴,以外
稻,以外
䕅,以外
擄,以外
鑏,以外
嵕,以外
糔,以外
蛘,以外
俞,以外
黨,以外
䑯,以外
靹,以外
屿,以外
翾,以外
伈,以外
谊,以外
朘,以外
䢝,以外
趟,以外
㨦,以外
缨,以外
悭,以外
脬,以外
㮻,以外
吺,以外
碽,以外
餼,以外
苁,以外
汊,以外
嗏,以外
䥜,以外
淟,以外
蹞,以外
慬,以外
䫱,以外
迳,以外
㑺,以外
祼,以外
莀,以外
搅,以外
嚎,以外
鮐,以外
㼓,以外
簕,以外
䄗,以外
蘙,以外
溞,以外
鸩,以外
䮰,以外
袲,以外
焷,以外
义,以外
㛎,以外
篐,以外
晙,以外
僢,以外
闤,以外
㥧,以外
繩,以外
䍫,以外
聭,以外
孻,以外
顽,以外
䈄,以外
溇,以外
㞍,以外
鄎,以外
娔,以外
貛,以外
喡,以外
爤,以外
㬪,以外
䄮,以外
涱,以外
㚷,以外
哋,以外
鯕,以外
㩔,以外
䁘,以外
㗡,以外
塨,以外
苯,以外
䯵,以外
髿,以外
㥾,以外
䞂,以外
椉,以外
隌,以外
瞢,以外
㢨,以外
䚬,以外
栳,以外
閶,以外
庼,以外
坍,以外
盌,以外
㿒,以外
䗖,以外
潝,以外
铠,以外
赱,以外
噷,以外
痶,以外
㻼,以外
䔀,以外
憃,以外
㲑,以外
崐,以外
禓,以外
鸒,以外
螗,以外
甠,以外
劥,以外
龧,以外
檵,以外
謴,以外
俇,以外
裉,以外
㵐,以外
繒,以外
柗,以外
葖,以外
卤,以外
翧,以外
鱦,以外
藫,以外
價,以外
鷻,以外
䲆,以外
㔋,以外
撖,以外
䬟,以外
鐡,以外
粦,以外
冸,以外
銺,以外
㸽,以外
笿,以外
䑁,以外
腃,以外
槈,以外
饓,以外
䋚,以外
远,以外
瑡,以外
嫪,以外
䥳,以外
詵,以外
狺,以外
輆,以外
炏,以外
㦕,以外
䎙,以外
氜,以外
銣,以外
㔢,以外
宩,以外
圶,以外
玹,以外
㢿,以外
䋃,以外
潆,以外
㑌,以外
嫓,以外
腚,以外
噠,以外
狣,以外
㯩,以外
饪,以外
䗭,以外
湰,以外
铷,以外
㝶,以外
朁,以外
䦊,以外
缑,以外
颔,以外
丛,以外
㚠,以外
鄥,以外
昫,以外
禪,以外
莮,以外
䢴,以外
鮾,以外
䅅,以外
惄,以外
苘,以外
䯞,以外
髨,以外
䁯,以外
鍹,以外
塿,以外
篾,以外
䬈,以外
蠊,以外
挘,以外
䲝,以外
覟,以外
㸦,以外
㾻,以外
债,以外
鴼,以外
蛁,以外
桊,以外
减,以外
黑,以外
䵜,以外
槟,以外
仱,以外
诳,以外
絼,以外
螀,以外
怅,以外
劎,以外
龐,以外
㬓,以外
䔗,以外
舙,以外
檞,以外
崧,以外
騩,以外
侰,以外
柀,以外
䩉,以外
靋,以外
翐,以外
扙,以外
釤,以外
㵧,以外
穩,以外
䝫,以外
泲,以外
彻,以外
鱽,以外
丄,以外
抇,以外
㮍,以外
妡,以外
縤,以外
㜪,以外
䴮,以外
憱,以外
㪷,以外
鰸,以外
壋,以外
韕,以外
㙔,以外
䱘,以外
惛,以外
㧡,以外
魢,以外
軯,以外
䟵,以外
籸,以外
雿,以外
㕾,以外
䮂,以外
攉,以外
验,以外
㸏,以外
厒,以外
茝,以外
尣,以外
箢,以外
㒨,以外
䪬,以外
搳,以外
馶,以外
㴹,以外
孍,以外
竌,以外
䧖,以外
捝,以外
飠,以外
㱣,以外
婷,以外
秶,以外
䤀,以外
涃,以外
儐,以外
疓,以外
鈒,以外
讗,以外
礠,以外
庥,以外
䈲,以外
暵,以外
橂,以外
䏇,以外
毗,以外
衖,以外
㻥,以外
彤,以外
珧,以外
遦,以外
觫,以外
杴,以外
峹,以外
釻,以外
䂆,以外
㤋,以外
梖,以外
䜟,以外
㾤,以外
炦,以外
漯,以外
嶸,以外
眿,以外
䡁,以外
赃,以外
旈,以外
偑,以外
镓,以外
仚,以外
硡,以外
囪,以外
䕳,以外
虵,以外
㷸,以外
绺,以外
堌,以外
粏,以外
㖕,以外
侙,以外
麣,以外
㤢,以外
垩,以外
舰,以外
㒿,以外
仃,以外
捆,以外
駍,以外
㡌,以外
赚,以外
婠,以外
绣,以外
㟩,以外
镪,以外
䧭,以外
扰,以外
飷,以外
㭶,以外
欁,以外
貄,以外
䖊,以外
猑,以外
钔,以外
䈛,以外
涚,以外
㪠,以外
鴥,以外
疪,以外
䒴,以外
爻,以外
鞾,以外
䵅,以外
鱏,以外
啕,以外
軘,以外
䟞,以外
絥,以外
䱯,以外
濮,以外
齹,以外
呿,以外
矾,以外
䜈,以外
萊,以外
漘,以外
䂝,以外
薟,以外
眨,以外
褬,以外
炽,以外
鄼,以外
諁,以外
摊,以外
巏,以外
鋑,以外
䅜,以外
旟,以外
楬,以外
䋱,以外
蟳,以外
㱺,以外
煼,以外
讀,以外
氅,以外
庎,以外
鎐,以外
㜓,以外
琕,以外
䤗,以外
踙,以外
暞,以外
儧,以外
阩,以外
䎰,以外
礷,以外
䙉,以外
魋,以外
㻎,以外
珐,以外
湙,以外
壢,以外
鷤,以外
䭫,以外
衭,以外
惲,以外
䨄,以外
㾍,以外
餎,以外
蒛,以外
嶡,以外
稤,以外
䤮,以外
斱,以外
㺷,以外
儾,以外
诅,以外
峋,以外
祎,以外
鏕,以外
䡘,以外
擛,以外
㷡,以外
偨,以外
諯,以外
䏵,以外
硸,以外
鋿,以外
侂,以外
㨏,以外
垒,以外
蜝,以外
堣,以外
羢,以外
怳,以外
鶶,以外
㤹,以外
虇,以外
彍,以外
绌,以外
㟒,以外
杝,以外
鳠,以外
㡣,以外
嗦,以外
蕱,以外
幷,以外
緶,以外
㛼,以外
䴀,以外
榃,以外
踂,以外
㒑,以外
熓,以外
阒,以外
辗,以外
媥,以外
鞧,以外
䘲,以外
湂,以外
䟇,以外
胉,以外
㕐,以外
濗,以外
豖,以外
㫥,以外
鑦,以外
捴,以外
壹,以外
闻,以外
䒆,以外
㴋,以外
縍,以外
䌟,以外
鰡,以外
㮤,以外
璦,以外
欯,以外
妸,以外
骺,以外
㘽,以外
䱁,以外
襃,以外
酓,以外
䫚,以外
蟜,以外
籡,以外
勪,以外
䅳,以外
艵,以外
㧸,以外
尌,以外
碏,以外
䮙,以外
搜,以外
骣,以外
㴢,以外
蘰,以外
弶,以外
箹,以外
䫃,以外
鷍,以外
㱌,以外
勓,以外
襚,以外
幠,以外
鳷,以外
㽶,以外
袄,以外
䆊,以外
眑,以外
邔,以外
䘛,以外
榚,以外
㺠,以外
餥,以外
熪,以外
议,以外
䂴,以外
鎾,以外
䥅,以外
顏,以外
兕,以外
烔,以外
諘,以外
䏞,以外
鋨,以外
䡯,以外
毮,以外
魹,以外
偿,以外
䌈,以外
羋,以外
耊,以外
欘,以外
䒝,以外
膟,以外
㘦,以外
猨,以外
沭,以外
贬,以外
㞻,以外
锼,以外
軁,以外
姏,以外
䕜,以外
懟,以外
艞,以外
䛱,以外
菳,以外
㡺,以外
畼,以外
辀,以外
栅,以外
媎,以外
䴗,以外
訙,以外
唧,以外
鈩,以外
䞰,以外
紷,以外
䉉,以外
齋,以外
㫎,以外
矐,以外
峢,以外
駤,以外
㕧,以外
佫,以外
豭,以外
坻,以外
嘄,以外
窇,以外
蔎,以外
颛,以外
㜚,以外
䆡,以外
昤,以外
禱,以外
䴾,以外
韅,以外
㙄,以外
䃋,以外
敎,以外
迕,以外
员,以外
磛,以外
荢,以外
䱨,以外
雯,以外
㕮,以外
軿,以外
厂,以外
紉,以外
芌,以外
䮒,以外
㒘,以外
鬝,以外
䐣,以外
簳,以外
膶,以外
䪼,以外
驇,以外
䍍,以外
凖,以外
胠,以外
䧦,以外
饱,以外
䉷,以外
疃,以外
鈂,以外
䤐,以外
訒,以外
㰞,以外
愠,以外
䚥,以外
讧,以外
㶳,以外
娲,以外
纵,以外
鼴,以外
牂,以外
鳉,以外
橒,以外
珗,以外
䝤,以外
毧,以外
衦,以外
釫,以外
㩲,以外
罴,以外
䓹,以外
觻,以外
墆,以外
鶈,以外
炖,以外
梦,以外
眯,以外
䖸,以外
蚺,以外
偁,以外
镃,以外
㣆,以外
緈,以外
䡑,以外
赓,以外
鯜,以外
㽟,以外
恡,以外
仪,以外
曺,以外
㖅,以外
䀌,以外
撏,以外
垙,以外
砜,以外
侩,以外
㒯,以外
䌶,以外
仓,以外
㟙,以外
镚,以外
䉠,以外
曣,以外
赪,以外
穰,以外
胷,以外
䧽,以外
猁,以外
钄,以外
㠇,以外
嶊,以外
欑,以外
貔,以外
娛,以外
蔥,以外
爫,以外
涪,以外
鞮,以外
㬱,以外
岴,以外
樻,以外
达,以外
瓄,以外
㷊,以外
葏,以外
䵕,以外
泔,以外
雘,以外
㩛,以外
忞,以外
敥,以外
軨,以外
呯,以外
㳴,以外
蝹,以外
䱿,以外
㺉,以外
弈,以外
掋,以外
眘,以外
墝,以外
鶟,以外
漨,以外
鄬,以外
䐺,以外
梽,以外
褼,以外
鋁,以外
㽈,以外
籊,以外
䗏,以外
諑,以外
㣝,以外
奜,以外
緟,以外
鹞,以外
嫱,以外
鎀,以外
㜃,以外
䚎,以外
氕,以外
儗,以外
阙,以外
㦜,以外
纞,以外
䤧,以外
踩,以外
颲,以外
㰵,以外
愷,以外
幉,以外
荋,以外
毐,以外
癙,以外
䃢,以外
湩,以外
卫,以外
㯰,以外
磲,以外
䭻,以外
刄,以外
纇,以外
脎,以外
䨔,以外
鲛,以外
䖡,以外
戤,以外
儮,以外
耸,以外
䤾,以外
鏅,以外
䓋,以外
试,以外
偘,以外
糛,以外
蝢,以外
䡨,以外
鋯,以外
恸,以外
諿,以外
礉,以外
侒,以外
鼝,以外
䀣,以外
嚬,以外
砳,以外
薶,以外
亼,以外
㟂,以外
鹇,以外
䝍,以外
曌,以外
嗖,以外
罝,以外
蓠,以外
㛬,以外
鵱,以外
䙷,以外
时,以外
㒁,以外
唀,以外
熃,以外
阂,以外
䴐,以外
榓,以外
踒,以外
鞗,以外
㠞,以外
攠,以外
䊥,以外
辧,以外
㦳,以外
帲,以外
窵,以外
鬴,以外
㕀,以外
忇,以外
飉,以外
湒,以外
矗,以外
鑖,以外
䍤,以外
濧,以外
豦,以外
闫,以外
㹲,以外
䃹,以外
跻,以外
岆,以外
馈,以外
昍,以外
璖,以外
嬟,以外
萡,以外
沦,以外
㘭,以外
䆸,以外
芺,以外
欿,以外
呁,以外
酃,以外
㳆,以外
秈,以外
䱑,以外
襓,以外
勚,以外
㭟,以外
摡,以外
䫪,以外
驵,以外
拺,以外
鼆,以外
䐌,以外
悏,以外
厙,以外
簜,以外
芣,以外
䮩,以外
鸰,以外
䜶,以外
掹,以外
罆,以外
䫓,以外
酚,以外
䙠,以外
拣,以外
嗭,以外
蓷,以外
㰇,以外
袔,以外
熚,以外
脥,以外
瘫,以外
榪,以外
㼱,以外
墴,以外
渻,以外
设,以外
烄,以外
㧊,以外
聏,以外
䥕,以外
棔,以外
鋘,以外
㹛,以外
諨,以外
偯,以外
㣴,以外
荹,以外
䡿,以外
毾,以外
㪉,以外
嬈,以外
頊,以外
㘖,以外
猘,以外
岝,以外
馟,以外
欨,以外
㞫,以外
璭,以外
锬,以外
䀺,以外
贼,以外
㭈,以外
硊,以外
䇏,以外
軑,以外
㳝,以外
嵜,以外
驞,以外
畬,以外
鯳,以外
浼,以外
鞀,以外
瀅,以外
䊎,以外
辐,以外
栕,以外
唗,以外
鈙,以外
㶜,以外
窞,以外
䴧,以外
訩,以外
徰,以外
鲲,以外
㠵,以外
攷,以外
矀,以外
濐,以外
㕗,以外
䓢,以外
臤,以外
橩,以外
坫,以外
鑭,以外
㿰,以外
豽,以外
帄,以外
贎,以外
䘔,以外
邛,以外
㼚,以外
䦡,以外
渤,以外
崮,以外
谸,以外
䔾,以外
鿅,以外
㹄,以外
䣋,以外
济,以外
蟕,以外
屘,以外
烛,以外
譢,以外
䑨,以外
㵮,以外
埵,以外
汸,以外
蛿,以外
宂,以外
甉,以外
䎒,以外
㲘,以外
錝,以外
䰣,以外
殢,以外
媬,以外
覶,以外
䊼,以外
㯂,以外
鉇,以外
䭍,以外
櫌,以外
姖,以外
獝,以外
裠,以外
䇦,以外
㫬,以外
酱,以外
䩷,以外
槶,以外
㢁,以外
夀,以外
綃,以外
騂,以外
䄐,以外
斓,以外
㐞,以外
椠,以外
莧,以外
㖳,以外
刲,以外
皵,以外
霴,以外
㥀,以外
叇,以外
铉,以外
扒,以外
篗,以外
顖,以外
佤,以外
揧,以外
聦,以外
駫,以外
睴,以外
䳹,以外
傆,以外
閈,以外
樍,以外
碖,以外
㨭,以外
缯,以外
躺,以外
鵃,以外
痈,以外
䁑,以外
蕓,以外
鏜,以外
㝟,以外
桡,以外
䛪,以外
啳,以外
滺,以外
㶅,以外
䠌,以外
沏,以外
瀜,以外
躣,以外
䞩,以外
㲯,以外
鈰,以外
䬶,以外
獆,以外
觍,以外
䛓,以外
㿙,以外
鵚,以外
䩠,以外
滣,以外
姭,以外
牰,以外
裷,以外
䇽,以外
笁,以外
鲄,以外
创,以外
败,以外
稫,以外
斪,以外
龮,以外
咴,以外
螾,以外
嵅,以外
糄,以外
㗊,以外
豏,以外
䕕,以外
擔,以外
默,以外
埞,以外
浥,以外
蛨,以外
翮,以外
㓴,以外
轹,以外
䑿,以外
㚉,以外
圈,以外
鐊,以外
㨖,以外
缘,以外
傝,以外
閟,以外
㮫,以外
碭,以外
䰺,以外
脼,以外
髁,以外
㝈,以外
瑊,以外
痟,以外
祬,以外
勱,以外
慼,以外
鮀,以外
㼃,以外
簅,以外
莐,以外
搕,以外
夗,以外
鸙,以外
皞,以外
䄧,以外
蘩,以外
邲,以外
㐵,以外
椷,以外
噉,以外
譋,以外
㥗,以外
䣢,以外
跤,以外
顭,以外
烲,以外
䍻,以外
聽,以外
娄,以外
褎,以外
䈔,以外
钛,以外
㬚,以外
䶡,以外
樤,以外
蠸,以外
䄾,以外
鯅,以外
㩄,以外
䳋,以外
楎,以外
菕,以外
瓛,以外
䁨,以外
㥮,以外
叵,以外
桸,以外
苿,以外
躌,以外
䞒,以外
㢘,以外
霝,以外
䠣,以外
澢,以外
庬,以外
瀳,以外
趶,以外
䚼,以外
㿂,以外
陇,以外
巖,以外
睝,以外
䗦,以外
㻬,以外
镱,以外
乷,以外
淶,以外
㲁,以外
崀,以外
禃,以外
鸂,以外
䔐,以外
憓,以外
蘒,以外
龗,以外
洠,以外
䪥,以外
螧,以外
犵,以外
錴,以外
㵀,以外
繂,以外
埇,以外
郉,以外
翗,以外
鱖,以外
䭤,以外
柧,以外
鷫,以外
㙲,以外
獴,以外
䣹,以外
醈,以外
渍,以外
粖,以外
匟,以外
谡,以外
撦,以外
㸭,以外
笯,以外
䦸,以外
誺,以外
饃,以外
㓆,以外
燈,以外
䑑,以外
嫚,以外
污,以外
䋪,以外
关,以外
鉵,以外
㦅,以外
䰌,以外
琜,以外
䎩,以外
㢯,以外
阰,以外
殹,以外
嫃,以外
睆,以外
跍,以外
䋓,以外
㯙,以外
饚,以外
习,以外
櫣,以外
腪,以外
巭,以外
賷,以外
䗽,以外
缁,以外
预,以外
㐇,以外
朑,以外
肔,以外
禚,以外
憪,以外
㜱,以外
昻,以外
莾,以外
奅,以外
磄,以外
衏,以外
䅕,以外
惔,以外
㙛,以外
叞,以外
楥,以外
苨,以外
塯,以外
篮,以外
譹,以外
䁿,以外
揾,以外
澋,以外
逊,以外
㸖,以外
咝,以外
醟,以外
㾫,以外
粭,以外
䠺,以外
撽,以外
蔼,以外
黁,以外
灊,以外
䧏,以外
蛑,以外
㓝,以外
營,以外
絬,以外
囱,以外
鏳,以外
敼,以外
龀,以外
㬃,以外
砅,以外
䪎,以外
螐,以外
崗,以外
㖜,以外
犞,以外
䔧,以外
舩,以外
垰,以外
钲,以外
洷,以外
翀,以外
剉,以外
轋,以外
㵗,以外
穙,以外
䳢,以外
觤,以外
扩,以外
鱭,以外
㟰,以外
䝻,以外
葽,以外
膁,以外
昄,以外
䪇,以外
馑,以外
縔,以外
贞,以外
熡,以外
嘤,以外
㪧,以外
肫,以外
攮,以外
䦱,以外
颻,以外
紾,以外
啎,以外
㧑,以外
䣛,以外
韥,以外
籨,以外
濵,以外
呸,以外
㣻,以外
掂,以外
䴉,以外
誜,以外
琣,以外
厢,以外
㴩,以外
茭,以外
䰳,以外
鬽,以外
窼,以外
视,以外
獍,以外
勌,以外
㱓,以外
艗,以外
懖,以外
䭝,以外
驧,以外
裰,以外
牷,以外
㭽,以外
䖃,以外
蚅,以外
㐎,以外
礐,以外
嶓,以外
儠,以外
㖣,以外
鈢,以外
皥,以外
樲,以外
亵,以外
鎷,以外
䉂,以外
蝄,以外
毇,以外
婒,以外
㻕,以外
䏗,以外
睤,以外
佴,以外
瓹,以外
梆,以外
刍,以外
㾔,以外
䂖,以外
薘,以外
漟,以外
墦,以外
鶨,以外
䜯,以外
弿,以外
㝏,以外
硑,以外
偡,以外
镣,以外
㷨,以外
绪,以外
菬,以外
浳,以外
鯼,以外
辉,以外
瀌,以外
㤒,以外
茖,以外
枙,以外
䠜,以外
鬦,以外
躳,以外
垹,以外
㠼,以外
曃,以外
䭆,以外
驐,以外
结,以外
牠,以外
㭦,以外
懭,以外
䩰,以外
镺,以外
秽,以外
䌁,以外
鈋,以外
涊,以外
嬑,以外
㪐,以外
䖚,以外
钤,以外
䈫,以外
嶪,以外
贵,以外
沴,以外
娻,以外
㖺,以外
䓄,以外
韎,以外
絕,以外
峔,以外
豟,以外
濞,以外
啥,以外
㓤,以外
䟮,以外
雸,以外
籿,以外
忾,以外
漈,以外
压,以外
邍,以外
䜘,以外
萚,以外
條,以外
弨,以外
鰪,以外
䂭,以外
㜸,以外
墽,以外
鶿,以外
䱊,以外
痏,以外
楜,以外
鋡,以外
㱪,以外
䅬,以外
虮,以外
櫱,以外
奼,以外
㷿,以外
鹾,以外
䐅,以外
尕,以外
愗,以外
亞,以外
鎠,以外
㐥,以外
礧,以外
殰,以外
阹,以外
㺾,以外
䏀,以外
胂,以外
湉,以外
飒,以外
䙙,以外
烢,以外
幩,以外
䣲,以外
跴,以外
㙹,以外
筻,以外
薁,以外
戄,以外
亇,以外
鶑,以外
疡,以外
㺧,以外
蒫,以外
愮,以外
䶱,以外
鲻,以外
衈,以外
瓋,以外
㷑,以外
恘,以外
䳛,以外
鏥,以外
硨,以外
轲,以外
毵,以外
㳻,以外
枂,以外
䤉,以外
羒,以外
躜,以外
瀣,以外
㤩,以外
蜭,以外
暬,以外
䠳,以外
鼽,以外
纼,以外
跆,以外
睍,以外
囌,以外
㡓,以外
虗,以外
旖,以外
鹧,以外
緦,以外
賰,以外
癷,以外
嗶,以外
㽽,以外
䆃,以外
芅,以外
骕,以外
唠,以外
阢,以外
犥,以外
渲,以外
䪵,以外
鞷,以外
䙂,以外
荄,以外
濇,以外
幒,以外
㫕,以外
䟗,以外
㙢,以外
獤,以外
忧,以外
䭴,以外
㟷,以外
鑶,以外
沆,以外
嘍,以外
㮔,以外
䒖,以外
膘,以外
欟,以外
岦,以外
䌯,以外
谱,以外
㒶,以外
熸,以外
嬿,以外
摁,以外
䧈,以外
諊,以外
籑,以外
拚,以外
呡,以外
㧨,以外
蟬,以外
讉,以外
琌,以外
傏,以外
㴒,以外
蜖,以外
掙,以外
䰜,以外
鼦,以外
箩,以外
誳,以外
眶,以外
厹,以外
㰼,以外
虀,以外
拃,以外
鹐,以外
癠,以外
㽦,以外
买,以外
酺,以外
緽,以外
䜁,以外
阋,以外
㺐,以外
䆚,以外
㜡,以外
邤,以外
䘫,以外
妪,以外
褵,以外
梴,以外
帻,以外
慅,以外
䃄,以外
㙋,以外
鏎,以外
祕,以外
壔,以外
衟,以外
毞,以外
䏮,以外
硿,以外
欈,以外
钍,以外
䌘,以外
耚,以外
沝,以外
嬨,以外
頪,以外
䒭,以外
膯,以外
瀺,以外
岽,以外
馿,以外
䡊,以外
㓍,以外
镌,以外
燏,以外
䧟,以外
雡,以外
㡪,以外
䕬,以外
滱,以外
嵼,以外
㧿,以外
驾,以外
䀅,以外
㖌,以外
犎,以外
攗,以外
䪞,以外
紧,以外
澰,以外
唷,以外
鈹,以外
㪾,以外
䟀,以外
蓂,以外
橉,以外
忐,以外
鳒,以外
䉙,以外
轛,以外
㟠,以外
婩,以外
杫,以外
䳲,以外
罻,以外
渄,以外
䊇,以外
醑,以外
瘔,以外
蔞,以外
禡,以外
帤,以外
洮,以外
䆱,以外
邻,以外
甾,以外
葈,以外
汘,以外
䃛,以外
瑨,以外
荲,以外
屸,以外
调,以外
殂,以外
䔉,以外
玒,以外
芜,以外
㔩,以外
謭,以外
䐳,以外
錽,以外
犼,以外
㑓,以外
詗,以外
槖,以外
䍝,以外
鉧,以外
胰,以外
穷,以外
䶃,以外
㰎,以外
焐,以外
喓,以外
夠,以外
㶣,以外
騢,以外
纥,以外
戲,以外
䚵,以外
鮷,以外
䩂,以外
揇,以外
剒,以外
㛕,以外
靔,以外
䯗,以外
賙,以外
㩢,以外
罤,以外
叧,以外
铩,以外
䝴,以外
㯷,以外
顶,以外
糹,以外
悆,以外
娍,以外
鼏,以外
㞔,以外
䢖,以外
趘,以外
傦,以外
耱,以外
㢶,以外
圿,以外
䗈,以外
蛊,以外
㽏,以外
滚,以外
塡,以外
鵣,以外
㗨,以外
诬,以外
敳,以外
鏼,以外
螉,以外
岏,以外
澙,以外
䀜,以外
瞩,以外
蚳,以外
笶,以外
詀,以外
滃,以外
䍆,以外
鉐,以外
盓,以外
臝,以外
穠,以外
廣,以外
䉰,以外
燽,以外
䬁,以外
騋,以外
斊,以外
匑,以外
䶚,以外
㬡,以外
鲤,以外
䨫,以外
撴,以外
㶺,以外
䳄,以外
㩋,以外
畕,以外
哔,以外
葟,以外
嵥,以外
㳤,以外
汯,以外
黸,以外
瑿,以外
埾,以外
颍,以外
优,以外
谚,以外
悝,以外
鐪,以外
䢭,以外
趯,以外
㼸,以外
簺,以外
傽,以外
閿,以外
䑊,以外
㣍,以外
慜,以外
䗟,以外
髡,以外
㑪,以外
䥬,以外
蹮,以外
㗿,以外
陾,以外
䰅,以外
㦌,以外
纎,以外
吕,以外
椗,以外
䚞,以外
㰥,以外
焧,以外
掰,以外
鸹,以外
㚾,以外
䯀,以外
晉,以外
叐,以外
郒,以外
荛,以外
㯠,以外
磢,以外
噩,以外
歫,以外
䃲,以外
藴,以外
㹹,以外
獻,以外
樄,以外
䚇,以外
爔,以外
脞,以外
綡,以外
娤,以外
㚧,以外
椮,以外
䖱,以外
钻,以外
焾,以外
聈,以外
糋,以外
㗑,以外
桘,以外
䓛,以外
鯥,以外
灨,以外
蝲,以外
揵,以外
塸,以外
㓻,以外
蠃,以外
䄉,以外
瞒,以外
蚜,以外
砣,以外
徢,以外
輭,以外
溬,以外
䀳,以外
皼,以外
藆,以外
廌,以外
蹗,以外
淖,以外
䝝,以外
陧,以外
痦,以外
蓰,以外
繷,以外
巶,以外
㝽,以外
洀,以外
䦃,以外
㠎,以外
甐,以外
崠,以外
㦣,以外
鸢,以外
窥,以外
昲,以外
䊵,以外
譄,以外
柇,以外
噒,以外
㹢,以外
筤,以外
埧,以外
郩,以外
䍴,以外
㿷,以外
磹,以外
撆,以外
帍,以外
鬏,以外
䲖,以外
咦,以外
醨,以外
䬯,以外
㲶,以外
禸,以外
䇈,以外
苊,以外
㭏,以外
瑑,以外
饣,以外
狪,以外
迬,以外
韼,以外
簌,以外
墏,以外
㔒,以外
輖,以外
殙,以外
䐜,以外
霦,以外
㐼,以外
蹀,以外
䝆,以外
狓,以外
藝,以外
繠,以外
㝦,以外
淭,以外
䙰,以外
饺,以外
痽,以外
鸋,以外
圑,以外
㚐,以外
昛,以外
䦚,以外
㼡,以外
颤,以外
丫,以外
脵,以外
嘻,以外
㦺,以外
楅,以外
䣄,以外
㹋,以外
鯎,以外
僔,以外
揞,以外
㣤,以外
桯,以外
䯮,以外
髸,以外
灿,以外
叾,以外
鲍,以外
䬘,以外
蠚,以外
撝,以外
匨,以外
逪,以外
䲭,以外
㬸,以外
醿,以外
䁊,以外
㳍,以外
鵌,以外
秏,以外
敜,以外
䇟,以外
黡,以外
䵬,以外
曱,以外
䠅,以外
蔇,以外
㶌,以外
窎,以外
倕,以外
䊞,以外
㠥,以外
甧,以外
枰,以外
崷,以外
騹,以外
俀,以外
埐,以外
铒,以外
䩙,以外
蝛,以外
㿠,以外
糢,以外
剩,以外
潫,以外
䓲,以外
㩹,以外
睻,以外
醁,以外
瘄,以外
媇,以外
㼊,以外
覑,以外
渔,以外
鴞,以外
憡,以外
䘤,以外
邫,以外
甮,以外
妱,以外
㸴,以外
袻,以外
惋,以外
䕎,以外
瑘,以外
壛,以外
㵞,以外
蟥,以外
魲,以外
翵,以外
䑸,以外
玂,以外
崉,以外
㲈,以外
谓,以外
殒,以外
㔙,以外
骜,以外
搣,以外
䎢,以外
錭,以外
尳,以外
㮲,以外
謽,以外
檼,以外
㑃,以外
䋌,以外
燖,以外
㫜,以外
詧,以外
槦,以外
飰,以外
扷,以外
䇶,以外
焀,以外
椐,以外
䶓,以外
躕,以外
䄠,以外
舢,以外
暥,以外
㤰,以外
获,以外
剂,以外
㛅,以外
䩒,以外
轔,以外
铙,以外
杤,以外
䯧,以外
賩,以外
彴,以外
擹,以外
㞄,以外
碆,以外
䈍,以外
蜏,以外
傖,以外
㨝,以外
缟,以外
䢦,以外
圯,以外
頱,以外
斸,以外
伿,以外
灁,以外
巈,以外
黊,以外
㗘,以外
盚,以外
䁡,以外
滪,以外
鏬,以外
㡱,以外
䛺,以外
诼,以外
龉,以外
怌,以外
䒏,以外
錖,以外
瞙,以外
堜,以外
㲟,以外
澩,以外
麳,以外
挶,以外
䞹,以外
鉀,以外
孆,以外
㿉,以外
䛣,以外
婰,以外
㻳,以外
蕺,以外
舋,以外
綊,以外
䬑,以外
稛,以外
蒤,以外
别,以外
䶪,以外
鴵,以外
粴,以外
䨻,以外
畅,以外
蟎,以外
浕,以外
䳔,以外
鱟,以外
翞,以外
䕥,以外
埮,以外
㵵,以外
汿,以外
㨆,以外
缈,以外
䎋,以外
肍,以外
團,以外
㮛,以外
碝,以外
伨,以外
谪,以外
閯,以外
䢽,以外
趿,以外
腌,以外
㑚,以外
祜,以外
巟,以外
㗯,以外
陮,以外
竱,以外
䥼,以外
蹾,以外
吅,以外
餇,以外
暎,以外
䰕,以外
焗,以外
庞,以外
椧,以外
㚮,以外
箰,以外
䄷,以外
蘹,以外
叀,以外
郂,以外
㥇,以外
繉,以外
䯐,以外
裒,以外
噙,以外
魛,以外
惢,以外
乩,以外
獫,以外
鷴,以外
閁,以外
爄,以外
㬊,以外
趑,以外
㚗,以外
䈤,以外
钫,以外
焮,以外
嶱,以外
㨴,以外
椾,以外
㗁,以外
顈,以外
擋,以外
䅎,以外
峛,以外
㥞,以外
菥,以外
桨,以外
㓫,以外
篵,以外
䁸,以外
瞂,以外
㢈,以外
蠓,以外
澒,以外
麜,以外
怣,以外
䞢,以外
霭,以外
皬,以外
堳,以外
㾲,以外
輽,以外
溼,以外
杍,以外
䛌,以外
陗,以外
痖,以外
㻜,以外
蹧,以外
淦,以外
㝭,以外
晷,以外
䗶,以外
甀,以外
冃,以外
洐,以外
䦓,以外
䔠,以外
报,以外
㴰,以外
媵,以外
螷,以外
鍄,以外
翇,以外
乒,以外
譔,以外
埗,以外
郙,以外
捤,以外
俧,以外
裩,以外
孴,以外
葶,以外
粆,以外
䘍,以外
茏,以外
咖,以外
醘,以外
㸝,以外
笟,以外
䲦,以外
覨,以外
鰱,以外
憸,以外
䬿,以外
姈,以外
髊,以外
汑,以外
狚,以外
䑡,以外
腣,以外
韬,以外
㱱,以外
祳,以外
䋺,以外
迼,以外
㔂,以外
鮉,以外
搌,以外
䂏,以外
玙,以外
尜,以外
㢟,以外
殩,以外
㐬,以外
骳,以外
䎹,以外
彆,以外
㯉,以外
㝖,以外
鷝,以外
晠,以外
䋣,以外
痭,以外
幰,以外
㫳,以外
淽,以外
圁,以外
㚀,以外
冚,以外
肤,以外
嘫,以外
䦪,以外
餵,以外
碴,以外
煅,以外
僄,以外
䣔,以外
顟,以外
篞,以外
䅥,以外
㥵,以外
苸,以外
䯾,以外
㸆,以外
䞋,以外
蒍,以外
匘,以外
㾛,以外
粝,以外
䬨,以外
蠪,以外
咭,以外
䲽,以外
蕌,以外
懏,以外
絜,以外
姟,以外
蛡,以外
啬,以外
鉮,以外
绱,以外
䵼,以外
詾,以外
抎,以外
䠕,以外
甗,以外
媞,以外
螠,以外
洧,以外
羰,以外
䔷,以外
埀,以外
铂,以外
㵇,以外
穉,以外
賒,以外
剙,以外
齛,以外
䩩,以外
峲,以外
駴,以外
潻,以外
馁,以外
㜊,以外
膑,以外
㪗,以外
锞,以外
榡,以外
两,以外
颫,以外
㘴,以外
肻,以外
㧁,以外
鑈,以外
䵎,以外
籘,以外
僛,以外
㕞,以外
摨,以外
㣫,以外
鍲,以外
矵,以外
䱸,以外
鰃,以外
箂,以外
唉,以外
㒈,以外
萓,以外
㴙,以外
氣,以外
䮢,以外
鬭,以外
窬,以外
吳,以外
茽,以外
㱃,以外
釆,以外
歍,以外
䫌,以外
驗,以外
秖,以外
卝,以外
艧,以外
㭭,以外
郰,以外
橷,以外
䧶,以外
礀,以外
嶃,以外
麅,以外
愐,以外
䖓,以外
䤠,以外
訢,以外
爲,以外
嚵,以外
讷,以外
婂,以外
㻅,以外
齄,以外
珇,以外
䉒,以外
蝔,以外
寗,以外
鳙,以外
䏧,以外
蓩,以外
坴,以外
衶,以外
泹,以外
㾄,以外
炆,以外
䨍,以外
輏,以外
墖,以外
鶘,以外
䂦,以外
䜿,以外
硁,以外
嗈,以外
雊,以外
恑,以外
㷘,以外
绚,以外
䡡,以外
赣,以外
曪,以外
鯬,以外
仺,以外
菼,以外
㤂,以外
鞉,以外
栌,以外
䲏,以外
鬖,以外
羙,以外
倜,以外
㒟,以外
茦,以外
枩,以外
㠬,以外
隳,以外
欶,以外
侹,以外
练,以外
卆,以外
㟉,以外
艐,以外
曓,以外
㭖,以外
橠,以外
秭,以外
㛳,以外
赺,以外
嬁,以外
㪀,以外
訋,以外
疊,以外
䌑,以外
嶚,以外
貤,以外
娫,以外
䖪,以外
锵,以外
璴,以外
䈻,以外
峄,以外
敕,以外
䓔,以外
鑟,以外
矞,以外
䵥,以外
籯,以外
忮,以外
㕵,以外
摿,以外
䟾,以外
䮋,以外
鰚,以外
炝,以外
䜨,以外
萪,以外
墭,以外
氺,以外
䂽,以外
薿,以外
淏,以外
㱚,以外
煜,以外
奬,以外
㷯,以外
鹮,以外
狱,以外
䅼,以外
虾,以外
尅,以外
鄇,以外
溎,以外
䐕,以外
礗,以外
嚞,以外
讠,以外
㺮,以外
现,以外
䤷,以外
踹,以外
寀,以外
飂,以外
癉,以外
䏐,以外
胒,以外
幙,以外
棢,以外
䙩,以外
筫,以外
僲,以外
间,以外
鶁,以外
稄,以外
㺗,以外
鄞,以外
涡,以外
䨤,以外
鲫,以外
礮,以外
喱,以外
㷁,以外
遈,以外
泋,以外
䥎,以外
硘,以外
哛,以外
该,以外
㳫,以外
靲,以外
珵,以外
䡸,以外
儉,以外
耓,以外
枒,以外
㤙,以外
栣,以外
侢,以外
鼭,以外
纬,以外
倳,以外
㞲,以外
蜽,以外
暼,以外
㡃,以外
闆,以外
潍,以外
仌,以外
鹗,以外
緖,以外
坝,以外
㛜,以外
㽭,以外
铰,以外
湷,以外
骅,以外
攐,以外
䆓,以外
芕,以外
䴠,以外
踢,以外
檥,以外
㔰,以外
瘲,以外
劵,以外
幂,以外
㫅,以外
䙒,以外
荔,以外
飙,以外
䟧,以外
胩,以外
豶,以外
㮄,以外
璆,以外
謏,以外
岖,以外
㘝,以外
䒦,以外
嬯,以外
鐱,以外
榸,以外
䌿,以外
籁,以外
凈,以外
鋊,以外
摑,以外
㧘,以外
䱡,以外
襣,以外
拪,以外
㑱,以外
煳,以外
䫺,以外
蟼,以外
㴂,以外
鎉,以外
氌,以外
䢏,以外
鼖,以外
吜,以外
蜦,以外
㰬,以外
銳,以外
漶,以外
䮹,以外
鹀,以外
坆,以外
㽖,以外
闝,以外
湠,以外
䫣,以外
緭,以外
噰,以外
襺,以外
旽,以外
㺀,以外
踋,以外
䜑,以外
瘛,以外
妚,以外
䆪,以外
鄵,以外
炴,以外
䘻,以外
祅,以外
壄,以外
诎,以外
䃔,以外
遟,以外
䥥,以外
恿,以外
䏾,以外
㘆,以外
猈,以外
貍,以外
嬘,以外
㞛,以外
璝,以外
䌨,以外
耪,以外
岭,以外
馯,以外
栺,以外
䒽,以外
偊,以外
赌,以外
槏,以外
㡚,以外
凟,以外
軡,以外
㧯,以外
驮,以外
盱,以外
䕼,以外
锇,以外
䀕,以外
办,以外
辠,以外
攧,以外
㪮,以外
䴷,以外
訹,以外
忀,以外
鳂,以外
㕇,以外
牉,以外
䟐,以外
蓒,以外
婙,以外
靛,以外
䉩,以外
釴,以外
杻,以外
